feature_id,family,description,raw_family_normalized,within_cross_tf,unit,causal,engine_version
ABOVE_BELOW_COUNT_IMBALANCE,EXTENDED,auto-registered from engine output,BOTH,WITHIN_TF,varies,YES,PREDICTOR_CONFLUENCE_ENGINE_V1
ABOVE_BELOW_DISTANCE_ASYMMETRY,EXTENDED,auto-registered from engine output,BOTH,WITHIN_TF,varies,YES,PREDICTOR_CONFLUENCE_ENGINE_V1
ABOVE_MARKET_COUNT_0_25_PCT,EXTENDED,auto-registered from engine output,BOTH,WITHIN_TF,varies,YES,PREDICTOR_CONFLUENCE_ENGINE_V1
ABOVE_MARKET_COUNT_0_50_ATR,EXTENDED,auto-registered from engine output,BOTH,WITHIN_TF,varies,YES,PREDICTOR_CONFLUENCE_ENGINE_V1
ALREADY_TRIGGERED_COUNT,EXTENDED,auto-registered from engine output,BOTH,WITHIN_TF,varies,YES,PREDICTOR_CONFLUENCE_ENGINE_V1
AMBIGUOUS_COUNT,EXTENDED,auto-registered from engine output,BOTH,WITHIN_TF,varies,YES,PREDICTOR_CONFLUENCE_ENGINE_V1
APPROACHING_FAMILY_COUNT,EXTENDED,auto-registered from engine output,BOTH,WITHIN_TF,varies,YES,PREDICTOR_CONFLUENCE_ENGINE_V1
APPROACHING_TRIGGER_COUNT,TEMPORAL,triggers closer than prior bar,BOTH,WITHIN_TF,varies,YES,PREDICTOR_CONFLUENCE_ENGINE_V1
BELOW_MARKET_COUNT_0_25_PCT,EXTENDED,auto-registered from engine output,BOTH,WITHIN_TF,varies,YES,PREDICTOR_CONFLUENCE_ENGINE_V1
BELOW_MARKET_COUNT_0_50_ATR,EXTENDED,auto-registered from engine output,BOTH,WITHIN_TF,varies,YES,PREDICTOR_CONFLUENCE_ENGINE_V1
CLUSTER_ABOVE_COUNT,EXTENDED,auto-registered from engine output,BOTH,WITHIN_TF,varies,YES,PREDICTOR_CONFLUENCE_ENGINE_V1
CLUSTER_BELOW_COUNT,EXTENDED,auto-registered from engine output,BOTH,WITHIN_TF,varies,YES,PREDICTOR_CONFLUENCE_ENGINE_V1
CLUSTER_CENTER_CHANGE,EXTENDED,auto-registered from engine output,BOTH,WITHIN_TF,varies,YES,PREDICTOR_CONFLUENCE_ENGINE_V1
CLUSTER_COUNT,CLUSTER,number of 1D adjacent-gap clusters,BOTH,WITHIN_TF,varies,YES,PREDICTOR_CONFLUENCE_ENGINE_V1
CLUSTER_SIZE_CHANGE,EXTENDED,auto-registered from engine output,BOTH,WITHIN_TF,varies,YES,PREDICTOR_CONFLUENCE_ENGINE_V1
CLUSTER_WIDTH_CHANGE,EXTENDED,auto-registered from engine output,BOTH,WITHIN_TF,varies,YES,PREDICTOR_CONFLUENCE_ENGINE_V1
CONVERGENCE_SCORE,CONVERGENCE,1/(1+dispersion_pct) deterministic,BOTH,WITHIN_TF,varies,YES,PREDICTOR_CONFLUENCE_ENGINE_V1
COUNT_ALREADY_TRIGGERED,EXTENDED,auto-registered from engine output,BOTH,WITHIN_TF,varies,YES,PREDICTOR_CONFLUENCE_ENGINE_V1
COUNT_TRIGGERED_LAST_N_BARS,EXTENDED,auto-registered from engine output,BOTH,WITHIN_TF,varies,YES,PREDICTOR_CONFLUENCE_ENGINE_V1
COUNT_WITHIN_0_10_PCT,EXTENDED,auto-registered from engine output,BOTH,WITHIN_TF,varies,YES,PREDICTOR_CONFLUENCE_ENGINE_V1
COUNT_WITHIN_0_25_ATR,EXTENDED,auto-registered from engine output,BOTH,WITHIN_TF,varies,YES,PREDICTOR_CONFLUENCE_ENGINE_V1
COUNT_WITHIN_0_25_PCT,PROXIMITY,valid triggers within 0.25%,BOTH,WITHIN_TF,varies,YES,PREDICTOR_CONFLUENCE_ENGINE_V1
COUNT_WITHIN_0_50_ATR,PROXIMITY,valid triggers within 0.50 ATR,BOTH,WITHIN_TF,varies,YES,PREDICTOR_CONFLUENCE_ENGINE_V1
COUNT_WITHIN_0_50_PCT,PROXIMITY,valid triggers within 0.50%,BOTH,WITHIN_TF,varies,YES,PREDICTOR_CONFLUENCE_ENGINE_V1
COUNT_WITHIN_1_00_ATR,PROXIMITY,valid triggers within 1.00 ATR,BOTH,WITHIN_TF,varies,YES,PREDICTOR_CONFLUENCE_ENGINE_V1
COUNT_WITHIN_1_00_PCT,EXTENDED,auto-registered from engine output,BOTH,WITHIN_TF,varies,YES,PREDICTOR_CONFLUENCE_ENGINE_V1
COUNT_WITHIN_2_00_ATR,EXTENDED,auto-registered from engine output,BOTH,WITHIN_TF,varies,YES,PREDICTOR_CONFLUENCE_ENGINE_V1
DENSEST_CLUSTER_CENTER_DISTANCE,EXTENDED,auto-registered from engine output,BOTH,WITHIN_TF,varies,YES,PREDICTOR_CONFLUENCE_ENGINE_V1
DENSEST_CLUSTER_DISTINCT_FAMILIES,EXTENDED,auto-registered from engine output,BOTH,WITHIN_TF,varies,YES,PREDICTOR_CONFLUENCE_ENGINE_V1
DENSEST_CLUSTER_SIZE,EXTENDED,auto-registered from engine output,BOTH,WITHIN_TF,varies,YES,PREDICTOR_CONFLUENCE_ENGINE_V1
DENSEST_CLUSTER_WIDTH,EXTENDED,auto-registered from engine output,BOTH,WITHIN_TF,varies,YES,PREDICTOR_CONFLUENCE_ENGINE_V1
DIRECTION_AGREEMENT_RATIO,EXTENDED,auto-registered from engine output,BOTH,WITHIN_TF,varies,YES,PREDICTOR_CONFLUENCE_ENGINE_V1
DIRECTION_ENTROPY,EXTENDED,auto-registered from engine output,BOTH,WITHIN_TF,varies,YES,PREDICTOR_CONFLUENCE_ENGINE_V1
DISTINCT_FAMILY_COUNT,DIVERSITY,unique indicator families among valid triggers,BOTH,WITHIN_TF,varies,YES,PREDICTOR_CONFLUENCE_ENGINE_V1
DIST_MARKET_TO_TRIGGER_MEAN,EXTENDED,auto-registered from engine output,BOTH,WITHIN_TF,varies,YES,PREDICTOR_CONFLUENCE_ENGINE_V1
DIST_MARKET_TO_TRIGGER_MEDIAN,EXTENDED,auto-registered from engine output,BOTH,WITHIN_TF,varies,YES,PREDICTOR_CONFLUENCE_ENGINE_V1
DOWN_REQUIRED_COUNT,DIRECTION,triggers requiring DOWN,BOTH,WITHIN_TF,varies,YES,PREDICTOR_CONFLUENCE_ENGINE_V1
DOWN_REQUIRED_FAMILY_COUNT,EXTENDED,auto-registered from engine output,BOTH,WITHIN_TF,varies,YES,PREDICTOR_CONFLUENCE_ENGINE_V1
FAMILY_CONCENTRATION_RATIO,EXTENDED,auto-registered from engine output,BOTH,WITHIN_TF,varies,YES,PREDICTOR_CONFLUENCE_ENGINE_V1
FAMILY_DIVERSITY_RATIO,DIVERSITY,distinct families / valid triggers,BOTH,WITHIN_TF,varies,YES,PREDICTOR_CONFLUENCE_ENGINE_V1
INSUFFICIENT_HISTORY_COUNT,EXTENDED,auto-registered from engine output,BOTH,WITHIN_TF,varies,YES,PREDICTOR_CONFLUENCE_ENGINE_V1
INVALID_TRIGGER_COUNT,EXTENDED,auto-registered from engine output,BOTH,WITHIN_TF,varies,YES,PREDICTOR_CONFLUENCE_ENGINE_V1
LARGEST_CLUSTER_SIZE,EXTENDED,auto-registered from engine output,BOTH,WITHIN_TF,varies,YES,PREDICTOR_CONFLUENCE_ENGINE_V1
MAX_CLUSTER_SIZE,EXTENDED,auto-registered from engine output,BOTH,WITHIN_TF,varies,YES,PREDICTOR_CONFLUENCE_ENGINE_V1
MAX_TRIGGERS_FROM_SINGLE_FAMILY,EXTENDED,auto-registered from engine output,BOTH,WITHIN_TF,varies,YES,PREDICTOR_CONFLUENCE_ENGINE_V1
MAX_TRIGGER_PRICE,EXTENDED,auto-registered from engine output,BOTH,WITHIN_TF,varies,YES,PREDICTOR_CONFLUENCE_ENGINE_V1
MEAN_CLUSTER_SIZE,EXTENDED,auto-registered from engine output,BOTH,WITHIN_TF,varies,YES,PREDICTOR_CONFLUENCE_ENGINE_V1
MEAN_TRIGGER_APPROACH_SPEED,TEMPORAL,mean reduction in |distance_pct|,BOTH,WITHIN_TF,varies,YES,PREDICTOR_CONFLUENCE_ENGINE_V1
MIN_TRIGGER_PRICE,EXTENDED,auto-registered from engine output,BOTH,WITHIN_TF,varies,YES,PREDICTOR_CONFLUENCE_ENGINE_V1
NEAREST_ABOVE_DISTANCE,EXTENDED,auto-registered from engine output,BOTH,WITHIN_TF,varies,YES,PREDICTOR_CONFLUENCE_ENGINE_V1
NEAREST_BELOW_DISTANCE,EXTENDED,auto-registered from engine output,BOTH,WITHIN_TF,varies,YES,PREDICTOR_CONFLUENCE_ENGINE_V1
NEAREST_CLUSTER_APPROACH_SPEED,EXTENDED,auto-registered from engine output,BOTH,WITHIN_TF,varies,YES,PREDICTOR_CONFLUENCE_ENGINE_V1
NEAREST_CLUSTER_CENTER_PRICE,EXTENDED,auto-registered from engine output,BOTH,WITHIN_TF,varies,YES,PREDICTOR_CONFLUENCE_ENGINE_V1
NEAREST_CLUSTER_DISTANCE_ATR,EXTENDED,auto-registered from engine output,BOTH,WITHIN_TF,varies,YES,PREDICTOR_CONFLUENCE_ENGINE_V1
NEAREST_CLUSTER_DISTANCE_PCT,CLUSTER,center distance of nearest cluster,BOTH,WITHIN_TF,varies,YES,PREDICTOR_CONFLUENCE_ENGINE_V1
NEAREST_CLUSTER_DISTINCT_FAMILIES,DIVERSITY,families in nearest cluster,BOTH,WITHIN_TF,varies,YES,PREDICTOR_CONFLUENCE_ENGINE_V1
NEAREST_CLUSTER_SIZE,CLUSTER,size of cluster nearest market,BOTH,WITHIN_TF,varies,YES,PREDICTOR_CONFLUENCE_ENGINE_V1
NEAREST_CLUSTER_WIDTH_ATR,EXTENDED,auto-registered from engine output,BOTH,WITHIN_TF,varies,YES,PREDICTOR_CONFLUENCE_ENGINE_V1
NEAREST_CLUSTER_WIDTH_PCT,CLUSTER,width of nearest cluster in %,BOTH,WITHIN_TF,varies,YES,PREDICTOR_CONFLUENCE_ENGINE_V1
NEAREST_TRIGGER_DIRECTION,EXTENDED,auto-registered from engine output,BOTH,WITHIN_TF,varies,YES,PREDICTOR_CONFLUENCE_ENGINE_V1
NEAREST_TRIGGER_DISTANCE_ATR,NEAREST,signed ATR distance of nearest trigger,BOTH,WITHIN_TF,varies,YES,PREDICTOR_CONFLUENCE_ENGINE_V1
NEAREST_TRIGGER_DISTANCE_PCT,NEAREST,signed % distance of nearest trigger,BOTH,WITHIN_TF,varies,YES,PREDICTOR_CONFLUENCE_ENGINE_V1
NEAREST_TRIGGER_FAMILY,EXTENDED,auto-registered from engine output,BOTH,WITHIN_TF,varies,YES,PREDICTOR_CONFLUENCE_ENGINE_V1
NEAREST_TRIGGER_PREDICTOR_ID,EXTENDED,auto-registered from engine output,BOTH,WITHIN_TF,varies,YES,PREDICTOR_CONFLUENCE_ENGINE_V1
NEAREST_TRIGGER_PRICE,EXTENDED,auto-registered from engine output,BOTH,WITHIN_TF,varies,YES,PREDICTOR_CONFLUENCE_ENGINE_V1
NO_FINITE_SOLUTION_COUNT,EXTENDED,auto-registered from engine output,BOTH,WITHIN_TF,varies,YES,PREDICTOR_CONFLUENCE_ENGINE_V1
PAIRWISE_DISTANCE_DELTA,EXTENDED,auto-registered from engine output,BOTH,WITHIN_TF,varies,YES,PREDICTOR_CONFLUENCE_ENGINE_V1
PAIRWISE_DISTANCE_MEAN,EXTENDED,auto-registered from engine output,BOTH,WITHIN_TF,varies,YES,PREDICTOR_CONFLUENCE_ENGINE_V1
RECEDING_TRIGGER_COUNT,EXTENDED,auto-registered from engine output,BOTH,WITHIN_TF,varies,YES,PREDICTOR_CONFLUENCE_ENGINE_V1
REQUIRES_INTRABAR_COUNT,EXTENDED,auto-registered from engine output,BOTH,WITHIN_TF,varies,YES,PREDICTOR_CONFLUENCE_ENGINE_V1
TOTAL_PREDICTORS,EXTENDED,auto-registered from engine output,BOTH,WITHIN_TF,varies,YES,PREDICTOR_CONFLUENCE_ENGINE_V1
TRIGGERS_ABOVE_COUNT,STRUCTURE,triggers above market,BOTH,WITHIN_TF,varies,YES,PREDICTOR_CONFLUENCE_ENGINE_V1
TRIGGERS_ABOVE_FRACTION,EXTENDED,auto-registered from engine output,BOTH,WITHIN_TF,varies,YES,PREDICTOR_CONFLUENCE_ENGINE_V1
TRIGGERS_BELOW_COUNT,STRUCTURE,triggers below market,BOTH,WITHIN_TF,varies,YES,PREDICTOR_CONFLUENCE_ENGINE_V1
TRIGGERS_BELOW_FRACTION,EXTENDED,auto-registered from engine output,BOTH,WITHIN_TF,varies,YES,PREDICTOR_CONFLUENCE_ENGINE_V1
TRIGGER_DISPERSION_DELTA,TEMPORAL,dispersion change vs prior bar,BOTH,WITHIN_TF,varies,YES,PREDICTOR_CONFLUENCE_ENGINE_V1
TRIGGER_DISPERSION_PCT,SPREAD,std of signed % distances,BOTH,WITHIN_TF,varies,YES,PREDICTOR_CONFLUENCE_ENGINE_V1
TRIGGER_DISPERSION_SLOPE,EXTENDED,auto-registered from engine output,BOTH,WITHIN_TF,varies,YES,PREDICTOR_CONFLUENCE_ENGINE_V1
TRIGGER_IQR_PCT,EXTENDED,auto-registered from engine output,BOTH,WITHIN_TF,varies,YES,PREDICTOR_CONFLUENCE_ENGINE_V1
TRIGGER_MAD_PCT,EXTENDED,auto-registered from engine output,BOTH,WITHIN_TF,varies,YES,PREDICTOR_CONFLUENCE_ENGINE_V1
TRIGGER_MEAN_PRICE,EXTENDED,auto-registered from engine output,BOTH,WITHIN_TF,varies,YES,PREDICTOR_CONFLUENCE_ENGINE_V1
TRIGGER_MEDIAN_PRICE,EXTENDED,auto-registered from engine output,BOTH,WITHIN_TF,varies,YES,PREDICTOR_CONFLUENCE_ENGINE_V1
TRIGGER_RANGE_ABS,EXTENDED,auto-registered from engine output,BOTH,WITHIN_TF,varies,YES,PREDICTOR_CONFLUENCE_ENGINE_V1
TRIGGER_RANGE_ATR,EXTENDED,auto-registered from engine output,BOTH,WITHIN_TF,varies,YES,PREDICTOR_CONFLUENCE_ENGINE_V1
TRIGGER_RANGE_PCT,EXTENDED,auto-registered from engine output,BOTH,WITHIN_TF,varies,YES,PREDICTOR_CONFLUENCE_ENGINE_V1
TRIGGER_STD_ATR,EXTENDED,auto-registered from engine output,BOTH,WITHIN_TF,varies,YES,PREDICTOR_CONFLUENCE_ENGINE_V1
TRIGGER_STD_PCT,EXTENDED,auto-registered from engine output,BOTH,WITHIN_TF,varies,YES,PREDICTOR_CONFLUENCE_ENGINE_V1
UNSUPPORTED_COUNT,EXTENDED,auto-registered from engine output,BOTH,WITHIN_TF,varies,YES,PREDICTOR_CONFLUENCE_ENGINE_V1
UP_REQUIRED_COUNT,DIRECTION,triggers requiring UP,BOTH,WITHIN_TF,varies,YES,PREDICTOR_CONFLUENCE_ENGINE_V1
UP_REQUIRED_FAMILY_COUNT,EXTENDED,auto-registered from engine output,BOTH,WITHIN_TF,varies,YES,PREDICTOR_CONFLUENCE_ENGINE_V1
VALID_TRIGGER_COUNT,SNAPSHOT,count of EXACT_ANALYTIC/NUMERIC_UNIQUE triggers,BOTH,WITHIN_TF,varies,YES,PREDICTOR_CONFLUENCE_ENGINE_V1
VALID_TRIGGER_FRACTION,EXTENDED,auto-registered from engine output,BOTH,WITHIN_TF,varies,YES,PREDICTOR_CONFLUENCE_ENGINE_V1
CROSS_TF_CLUSTER_COUNT,CROSS_TF,cross-timeframe confluence,BOTH,CROSS_TF,varies,YES,PREDICTOR_CONFLUENCE_ENGINE_V1
CROSS_TF_CLUSTER_WIDTH_ATR,CROSS_TF,cross-timeframe confluence,BOTH,CROSS_TF,varies,YES,PREDICTOR_CONFLUENCE_ENGINE_V1
CROSS_TF_CLUSTER_WIDTH_PCT,CROSS_TF,cross-timeframe confluence,BOTH,CROSS_TF,varies,YES,PREDICTOR_CONFLUENCE_ENGINE_V1
CROSS_TF_DISTINCT_TF_COUNT,CROSS_TF,cross-timeframe confluence,BOTH,CROSS_TF,varies,YES,PREDICTOR_CONFLUENCE_ENGINE_V1
CROSS_TF_NEAREST_CLUSTER_FAMILY_DIVERSITY,CROSS_TF,cross-timeframe confluence,BOTH,CROSS_TF,varies,YES,PREDICTOR_CONFLUENCE_ENGINE_V1
CROSS_TF_NEAREST_CLUSTER_SIZE,CROSS_TF,cross-timeframe confluence,BOTH,CROSS_TF,varies,YES,PREDICTOR_CONFLUENCE_ENGINE_V1
CROSS_TF_NEAREST_CLUSTER_TF_DIVERSITY,CROSS_TF,cross-timeframe confluence,BOTH,CROSS_TF,varies,YES,PREDICTOR_CONFLUENCE_ENGINE_V1
CROSS_TF_VALID_TRIGGER_COUNT,CROSS_TF,cross-timeframe confluence,BOTH,CROSS_TF,varies,YES,PREDICTOR_CONFLUENCE_ENGINE_V1
