timeframe,split,band_position,geometry_r_bin,sample_count,ob_next_close_hit_rate,os_next_close_hit_rate
12H,DISCOVERY,ABOVE_OB,UNKNOWN,330,0.7393939393939394,0.015151515151515152
12H,DISCOVERY,BELOW_OS,UNKNOWN,255,0.0,0.7254901960784313
12H,DISCOVERY,INSIDE,UNKNOWN,1665,0.13573573573573575,0.0918918918918919
12H,VALIDATION,ABOVE_OB,UNKNOWN,99,0.797979797979798,0.0
12H,VALIDATION,BELOW_OS,UNKNOWN,77,0.0,0.8051948051948052
12H,VALIDATION,INSIDE,UNKNOWN,573,0.1012216404886562,0.09424083769633508
15m,DISCOVERY,ABOVE_OB,UNKNOWN,14039,0.7229147375169171,0.006838093881330579
15m,DISCOVERY,BELOW_OS,UNKNOWN,13323,0.007505817008181341,0.6867822562485927
15m,DISCOVERY,INSIDE,UNKNOWN,79359,0.11484519714210109,0.1139631295757255
15m,VALIDATION,ABOVE_OB,UNKNOWN,4512,0.7220744680851063,0.011303191489361703
15m,VALIDATION,BELOW_OS,UNKNOWN,4467,0.011864786209984329,0.7250951421535706
15m,VALIDATION,INSIDE,UNKNOWN,26973,0.10747784821858895,0.10276943610276944
1D,DISCOVERY,ABOVE_OB,UNKNOWN,170,0.7176470588235294,0.01764705882352941
1D,DISCOVERY,BELOW_OS,UNKNOWN,152,0.0,0.6973684210526315
1D,DISCOVERY,INSIDE,UNKNOWN,803,0.1519302615193026,0.09838107098381071
1D,VALIDATION,ABOVE_OB,UNKNOWN,45,0.8444444444444444,0.0
1D,VALIDATION,BELOW_OS,UNKNOWN,44,0.0,0.75
1D,VALIDATION,INSIDE,UNKNOWN,285,0.0912280701754386,0.10175438596491228
1H,DISCOVERY,ABOVE_OB,UNKNOWN,3425,0.76,0.0075912408759124085
1H,DISCOVERY,BELOW_OS,UNKNOWN,3263,0.0058228623965675755,0.7296965982224947
1H,DISCOVERY,INSIDE,UNKNOWN,19369,0.10976302338788786,0.10434198977747948
1H,VALIDATION,ABOVE_OB,UNKNOWN,1107,0.7461607949412827,0.012646793134598013
1H,VALIDATION,BELOW_OS,UNKNOWN,1115,0.008968609865470852,0.7650224215246637
1H,VALIDATION,INSIDE,UNKNOWN,6726,0.0967885816235504,0.1008028545941124
2H,DISCOVERY,ABOVE_OB,UNKNOWN,1793,0.7557166759620747,0.010039040713887339
2H,DISCOVERY,BELOW_OS,UNKNOWN,1624,0.0067733990147783255,0.7229064039408867
2H,DISCOVERY,INSIDE,UNKNOWN,9504,0.11268939393939394,0.10827020202020202
2H,VALIDATION,ABOVE_OB,UNKNOWN,581,0.7848537005163512,0.01721170395869191
2H,VALIDATION,BELOW_OS,UNKNOWN,579,0.008635578583765112,0.7616580310880829
2H,VALIDATION,INSIDE,UNKNOWN,3340,0.10119760479041916,0.10359281437125749
30m,DISCOVERY,ABOVE_OB,UNKNOWN,6828,0.7331575864089045,0.006590509666080844
30m,DISCOVERY,BELOW_OS,UNKNOWN,6540,0.007186544342507645,0.7064220183486238
30m,DISCOVERY,INSIDE,UNKNOWN,39536,0.11273269931201943,0.10777519222986645
30m,VALIDATION,ABOVE_OB,UNKNOWN,2236,0.7450805008944544,0.011627906976744186
30m,VALIDATION,BELOW_OS,UNKNOWN,2182,0.008249312557286892,0.7250229147571036
30m,VALIDATION,INSIDE,UNKNOWN,13536,0.10209810874704492,0.0978871158392435
4H,DISCOVERY,ABOVE_OB,UNKNOWN,981,0.7675840978593272,0.00815494393476045
4H,DISCOVERY,BELOW_OS,UNKNOWN,768,0.006510416666666667,0.7356770833333334
4H,DISCOVERY,INSIDE,UNKNOWN,4835,0.12388831437435367,0.10051706308169597
4H,VALIDATION,ABOVE_OB,UNKNOWN,283,0.8091872791519434,0.007067137809187279
4H,VALIDATION,BELOW_OS,UNKNOWN,274,0.0036496350364963502,0.7956204379562044
4H,VALIDATION,INSIDE,UNKNOWN,1692,0.0975177304964539,0.09810874704491726
5m,DISCOVERY,ABOVE_OB,UNKNOWN,42335,0.7122003070745246,0.006543049486240699
5m,DISCOVERY,BELOW_OS,UNKNOWN,40926,0.007745687338122465,0.6913209206861164
5m,DISCOVERY,INSIDE,UNKNOWN,239027,0.1192919628326507,0.11936726813288875
5m,VALIDATION,ABOVE_OB,UNKNOWN,13708,0.708126641377298,0.008899912459877445
5m,VALIDATION,BELOW_OS,UNKNOWN,13729,0.01216403234030155,0.7036929128122952
5m,VALIDATION,INSIDE,UNKNOWN,80504,0.11239193083573487,0.11339809202027229
6H,DISCOVERY,ABOVE_OB,UNKNOWN,652,0.7791411042944786,0.007668711656441718
6H,DISCOVERY,BELOW_OS,UNKNOWN,538,0.0055762081784386614,0.7193308550185874
6H,DISCOVERY,INSIDE,UNKNOWN,3253,0.1278819551183523,0.09775591761450968
6H,VALIDATION,ABOVE_OB,UNKNOWN,206,0.7961165048543689,0.014563106796116505
6H,VALIDATION,BELOW_OS,UNKNOWN,205,0.00975609756097561,0.7951219512195122
6H,VALIDATION,INSIDE,UNKNOWN,1089,0.11570247933884298,0.10192837465564739
8H,DISCOVERY,ABOVE_OB,UNKNOWN,515,0.7747572815533981,0.007766990291262136
8H,DISCOVERY,BELOW_OS,UNKNOWN,412,0.012135922330097087,0.7330097087378641
8H,DISCOVERY,INSIDE,UNKNOWN,2448,0.1156045751633987,0.09068627450980392
8H,VALIDATION,ABOVE_OB,UNKNOWN,161,0.8136645962732919,0.006211180124223602
8H,VALIDATION,BELOW_OS,UNKNOWN,136,0.007352941176470588,0.6838235294117647
8H,VALIDATION,INSIDE,UNKNOWN,827,0.094316807738815,0.10157194679564692
