timeframe,split,direction,distance_bin,sample_count,sample_flag,next_close_hit_rate,next_close_hit_wilson_lo,next_close_hit_wilson_hi,next_intrabar_touch_rate
12H,DISCOVERY,OB,0.00-0.25,322,N_GE_100,0.5062111801242236,0.4518517201975599,0.5604241831861702,0.8850931677018633
12H,DISCOVERY,OB,0.25-0.50,317,N_GE_100,0.3501577287066246,0.29972391763102557,0.4041798155507065,0.5867507886435331
12H,DISCOVERY,OB,0.50-0.75,327,N_GE_100,0.2691131498470948,0.22392880802691506,0.31965942271553094,0.3853211009174312
12H,DISCOVERY,OB,0.75-1.00,338,N_GE_100,0.13313609467455623,0.10101003874353398,0.17350774961224252,0.1804733727810651
12H,DISCOVERY,OB,1.00-1.50,561,N_GE_100,0.0784313725490196,0.05894210052257397,0.10365498864366308,0.11229946524064172
12H,DISCOVERY,OB,1.50-2.00,255,N_GE_100,0.058823529411764705,0.03596805781169063,0.09477445034773968,0.06274509803921569
12H,DISCOVERY,OB,>2.00,130,N_GE_100,0.03076923076923077,0.01202908970364043,0.07644564460915917,0.046153846153846156
12H,VALIDATION,OB,0.00-0.25,74,N_30_99,0.43243243243243246,0.32565937789932076,0.5458746090690868,0.8783783783783784
12H,VALIDATION,OB,0.25-0.50,99,N_30_99,0.36363636363636365,0.27561748409823283,0.4618428432401205,0.5454545454545454
12H,VALIDATION,OB,0.50-0.75,98,N_30_99,0.25510204081632654,0.17917341706740805,0.34950641514261227,0.32653061224489793
12H,VALIDATION,OB,0.75-1.00,145,N_GE_100,0.15172413793103448,0.10238090565795918,0.21904536226713703,0.2206896551724138
12H,VALIDATION,OB,1.00-1.50,189,N_GE_100,0.07936507936507936,0.04868345273517812,0.12680565334981597,0.1164021164021164
12H,VALIDATION,OB,1.50-2.00,81,N_30_99,0.07407407407407407,0.03438916189352608,0.15233056050680582,0.07407407407407407
12H,VALIDATION,OB,>2.00,63,N_30_99,0.015873015873015872,0.0028074219075510873,0.0845872544616561,0.031746031746031744
15m,DISCOVERY,OB,0.00-0.25,14101,N_GE_100,0.4340826891709808,0.4259209733623274,0.4422803115071177,0.8563222466491738
15m,DISCOVERY,OB,0.25-0.50,15021,N_GE_100,0.33592969842220893,0.32841917774780877,0.34352411914525144,0.5859130550562546
15m,DISCOVERY,OB,0.50-0.75,15875,N_GE_100,0.21694488188976377,0.21060211792751912,0.22342460603703004,0.34525984251968506
15m,DISCOVERY,OB,0.75-1.00,15764,N_GE_100,0.13181933519411318,0.12662790257665377,0.13719017129339325,0.19601623953311342
15m,DISCOVERY,OB,1.00-1.50,25746,N_GE_100,0.06692301716771537,0.06393472769083398,0.07004052752005631,0.0914705196923794
15m,DISCOVERY,OB,1.50-2.00,13330,N_GE_100,0.0423105776444111,0.03902313240596334,0.0458617517822514,0.04883720930232558
15m,DISCOVERY,OB,>2.00,6884,N_GE_100,0.05621731551423591,0.05101936843067107,0.06191029011432216,0.060284718187100524
15m,VALIDATION,OB,0.00-0.25,4523,N_GE_100,0.431793057705063,0.417421382496591,0.4462804974189776,0.8540791510059695
15m,VALIDATION,OB,0.25-0.50,5052,N_GE_100,0.31314330958036424,0.30050058321310513,0.32606999605504283,0.5570071258907363
15m,VALIDATION,OB,0.50-0.75,5181,N_GE_100,0.20343563018722255,0.192695640392972,0.2146150863223823,0.32889403590040533
15m,VALIDATION,OB,0.75-1.00,5123,N_GE_100,0.12180363068514542,0.1131297711300534,0.13104426381575027,0.1963693148545774
15m,VALIDATION,OB,1.00-1.50,8454,N_GE_100,0.06612254554057251,0.06101997362339286,0.07161925669749655,0.09723207948899928
15m,VALIDATION,OB,1.50-2.00,4743,N_GE_100,0.05313092979127135,0.04710157908189484,0.05988357921788917,0.06325110689437065
15m,VALIDATION,OB,>2.00,2876,N_GE_100,0.06467315716272601,0.05625223795774412,0.07425549552315289,0.07058414464534075
1D,DISCOVERY,OB,0.00-0.25,179,N_GE_100,0.4748603351955307,0.4030032151048605,0.5477738509457538,0.8715083798882681
1D,DISCOVERY,OB,0.25-0.50,159,N_GE_100,0.34591194968553457,0.2763975735476369,0.42269651543208336,0.5786163522012578
1D,DISCOVERY,OB,0.50-0.75,174,N_GE_100,0.1839080459770115,0.13338915904773224,0.24808289248576726,0.3333333333333333
1D,DISCOVERY,OB,0.75-1.00,167,N_GE_100,0.17365269461077845,0.12371468491228088,0.23826740844203098,0.2275449101796407
1D,DISCOVERY,OB,1.00-1.50,254,N_GE_100,0.11811023622047244,0.08399722367900822,0.16360285326745813,0.13385826771653545
1D,DISCOVERY,OB,1.50-2.00,134,N_GE_100,0.03731343283582089,0.016041274761645144,0.08437543543324523,0.04477611940298507
1D,DISCOVERY,OB,>2.00,58,N_30_99,0.13793103448275862,0.07158401626482185,0.24926149872832187,0.13793103448275862
1D,VALIDATION,OB,0.00-0.25,42,N_30_99,0.4523809523809524,0.3122316381863852,0.6005113725287732,0.9285714285714286
1D,VALIDATION,OB,0.25-0.50,50,N_30_99,0.32,0.20758044093999403,0.45810557136276076,0.46
1D,VALIDATION,OB,0.50-0.75,52,N_30_99,0.15384615384615385,0.08007589590882647,0.2752434359154765,0.28846153846153844
1D,VALIDATION,OB,0.75-1.00,52,N_30_99,0.21153846153846154,0.12244245849448492,0.34032365135910086,0.23076923076923078
1D,VALIDATION,OB,1.00-1.50,111,N_GE_100,0.06306306306306306,0.03088026451475212,0.12447807253384349,0.08108108108108109
1D,VALIDATION,OB,1.50-2.00,40,N_30_99,0.075,0.02583555677185824,0.1986453015909752,0.1
1D,VALIDATION,OB,>2.00,27,N_LT_30,0.0,0.0,0.12455903714463581,0.0
1H,DISCOVERY,OB,0.00-0.25,3411,N_GE_100,0.4412195836997948,0.424631570744345,0.45793984925944087,0.8806801524479625
1H,DISCOVERY,OB,0.25-0.50,3758,N_GE_100,0.31373070782331025,0.29909173913729165,0.32875011364034784,0.5449707291112293
1H,DISCOVERY,OB,0.50-0.75,4140,N_GE_100,0.2028985507246377,0.19092611106653173,0.21542185358539895,0.3309178743961353
1H,DISCOVERY,OB,0.75-1.00,4122,N_GE_100,0.12421154779233382,0.11449114025839599,0.13463175384398546,0.185589519650655
1H,DISCOVERY,OB,1.00-1.50,6210,N_GE_100,0.07584541062801932,0.06951958138608513,0.08269569233444224,0.09935587761674718
1H,DISCOVERY,OB,1.50-2.00,2980,N_GE_100,0.05771812080536913,0.04990032687078362,0.06667476210176773,0.0674496644295302
1H,DISCOVERY,OB,>2.00,1436,N_GE_100,0.04805013927576602,0.038143136663514335,0.06036881076181358,0.04944289693593315
1H,VALIDATION,OB,0.00-0.25,1036,N_GE_100,0.39575289575289574,0.3664125885634269,0.4258634657894668,0.8465250965250966
1H,VALIDATION,OB,0.25-0.50,1203,N_GE_100,0.3192019950124688,0.29347017569070283,0.3460848413057281,0.5594347464671654
1H,VALIDATION,OB,0.50-0.75,1388,N_GE_100,0.17795389048991356,0.15872927160297517,0.1989562581297185,0.3004322766570605
1H,VALIDATION,OB,0.75-1.00,1413,N_GE_100,0.11818825194621373,0.10238153427344146,0.13606544526188555,0.20099079971691436
1H,VALIDATION,OB,1.00-1.50,2155,N_GE_100,0.07331786542923434,0.06305542579024406,0.08509884361053088,0.1048723897911833
1H,VALIDATION,OB,1.50-2.00,1110,N_GE_100,0.06396396396396396,0.051019306947890836,0.07991636649077402,0.07657657657657657
1H,VALIDATION,OB,>2.00,643,N_GE_100,0.07776049766718507,0.05947882001896299,0.10105754622587962,0.08242612752721618
2H,DISCOVERY,OB,0.00-0.25,1680,N_GE_100,0.42142857142857143,0.3980216010551992,0.4451940553343328,0.8726190476190476
2H,DISCOVERY,OB,0.25-0.50,1826,N_GE_100,0.32420591456736036,0.3031247830683649,0.3460251761412193,0.5662650602409639
2H,DISCOVERY,OB,0.50-0.75,2175,N_GE_100,0.2188505747126437,0.2019778287029148,0.2367147316006888,0.3388505747126437
2H,DISCOVERY,OB,0.75-1.00,2118,N_GE_100,0.13833805476864966,0.12428768137113648,0.15369800804130598,0.19924457034938622
2H,DISCOVERY,OB,1.00-1.50,2987,N_GE_100,0.08871777703381319,0.07904196875793346,0.09945013192703761,0.1178439906260462
2H,DISCOVERY,OB,1.50-2.00,1419,N_GE_100,0.05214940098661029,0.041743061094072435,0.06497408858724135,0.0613107822410148
2H,DISCOVERY,OB,>2.00,716,N_GE_100,0.040502793296089384,0.02834641145716737,0.05756359985643273,0.046089385474860335
2H,VALIDATION,OB,0.00-0.25,507,N_GE_100,0.4437869822485207,0.4011231640065429,0.4872962599401365,0.854043392504931
2H,VALIDATION,OB,0.25-0.50,538,N_GE_100,0.34572490706319703,0.30675718716863265,0.38688021534900363,0.5780669144981413
2H,VALIDATION,OB,0.50-0.75,682,N_GE_100,0.20381231671554254,0.17527714166459277,0.23566555997380315,0.3387096774193548
2H,VALIDATION,OB,0.75-1.00,734,N_GE_100,0.1307901907356948,0.10830766237147098,0.1571173285750953,0.20027247956403268
2H,VALIDATION,OB,1.00-1.50,1167,N_GE_100,0.08911739502999143,0.07408996439419861,0.10684108554458048,0.11653813196229648
2H,VALIDATION,OB,1.50-2.00,539,N_GE_100,0.04267161410018553,0.028600004227556878,0.06321609829664172,0.05194805194805195
2H,VALIDATION,OB,>2.00,333,N_GE_100,0.07807807807807808,0.053836749979488945,0.11194324869050906,0.08408408408408409
30m,DISCOVERY,OB,0.00-0.25,6974,N_GE_100,0.43375394321766564,0.4221619608177576,0.44541886818816323,0.8556065385718382
30m,DISCOVERY,OB,0.25-0.50,7500,N_GE_100,0.32106666666666667,0.3105939469732263,0.3317225965956039,0.5676
30m,DISCOVERY,OB,0.50-0.75,8188,N_GE_100,0.21201758671226184,0.20330025731081294,0.22100501734195863,0.3356130923302394
30m,DISCOVERY,OB,0.75-1.00,7920,N_GE_100,0.12209595959595959,0.11506805585372289,0.12949029069373968,0.1904040404040404
30m,DISCOVERY,OB,1.00-1.50,12947,N_GE_100,0.06974588707808758,0.06548466166577692,0.07426236450432154,0.09423032362709508
30m,DISCOVERY,OB,1.50-2.00,6204,N_GE_100,0.04529335912314636,0.04039415128575399,0.0507553393842399,0.054642166344294
30m,DISCOVERY,OB,>2.00,3171,N_GE_100,0.05991800693787449,0.05217760515543033,0.06872341869407447,0.06559444970040997
30m,VALIDATION,OB,0.00-0.25,2266,N_GE_100,0.43424536628420124,0.41396528220761336,0.45474802360191985,0.8667255075022066
30m,VALIDATION,OB,0.25-0.50,2531,N_GE_100,0.30699328328723824,0.28932723179924075,0.3252443453754434,0.5452390359541683
30m,VALIDATION,OB,0.50-0.75,2685,N_GE_100,0.1851024208566108,0.17086526074960895,0.2002393814874049,0.31359404096834265
30m,VALIDATION,OB,0.75-1.00,2698,N_GE_100,0.10600444773906598,0.09494317991192017,0.11818611678704252,0.1738324684951816
30m,VALIDATION,OB,1.00-1.50,4264,N_GE_100,0.06918386491557223,0.061948250819000565,0.0771950575924456,0.10647279549718575
30m,VALIDATION,OB,1.50-2.00,2220,N_GE_100,0.053603603603603604,0.04498169635533614,0.06376777572936629,0.07297297297297298
30m,VALIDATION,OB,>2.00,1290,N_GE_100,0.08372093023255814,0.06981440753799903,0.10009943662963325,0.09224806201550388
4H,DISCOVERY,OB,0.00-0.25,886,N_GE_100,0.45936794582392776,0.4267989498722327,0.4922877729782162,0.8882618510158014
4H,DISCOVERY,OB,0.25-0.50,984,N_GE_100,0.3516260162601626,0.32242147959055556,0.38198457093414406,0.5772357723577236
4H,DISCOVERY,OB,0.50-0.75,1055,N_GE_100,0.25308056872037915,0.22777283015703484,0.28018001189223873,0.3582938388625592
4H,DISCOVERY,OB,0.75-1.00,1017,N_GE_100,0.1592920353982301,0.13808861883900653,0.18305973561676803,0.20353982300884957
4H,DISCOVERY,OB,1.00-1.50,1481,N_GE_100,0.0837272113436867,0.07067469086458666,0.09893370372780622,0.10465901417960838
4H,DISCOVERY,OB,1.50-2.00,790,N_GE_100,0.04683544303797468,0.03416765012291901,0.06388919144345898,0.056962025316455694
4H,DISCOVERY,OB,>2.00,371,N_GE_100,0.03773584905660377,0.02260911844864875,0.0623376964192848,0.04043126684636118
4H,VALIDATION,OB,0.00-0.25,248,N_GE_100,0.38306451612903225,0.324780727960846,0.44491577968523,0.875
4H,VALIDATION,OB,0.25-0.50,291,N_GE_100,0.3127147766323024,0.26218063347036147,0.36812933635750555,0.5532646048109966
4H,VALIDATION,OB,0.50-0.75,341,N_GE_100,0.2873900293255132,0.2419350479191187,0.33758204050640767,0.39002932551319647
4H,VALIDATION,OB,0.75-1.00,281,N_GE_100,0.13523131672597866,0.10013339161965934,0.18016836205676995,0.20284697508896798
4H,VALIDATION,OB,1.00-1.50,589,N_GE_100,0.0831918505942275,0.06349791430474987,0.10828760142154194,0.11714770797962648
4H,VALIDATION,OB,1.50-2.00,308,N_GE_100,0.05844155844155844,0.037283023595249425,0.09047927623902541,0.07467532467532467
4H,VALIDATION,OB,>2.00,191,N_GE_100,0.031413612565445025,0.014474884658743605,0.0668301343926294,0.031413612565445025
5m,DISCOVERY,OB,0.00-0.25,41837,N_GE_100,0.45579271936324306,0.4510245425029282,0.4605690139708497,0.8541721442742071
5m,DISCOVERY,OB,0.25-0.50,43242,N_GE_100,0.3551870866287406,0.35068938391368143,0.3597105172874552,0.5917626381758475
5m,DISCOVERY,OB,0.50-0.75,44203,N_GE_100,0.2354591317331403,0.2315268445683866,0.23943739640557157,0.36802931927697213
5m,DISCOVERY,OB,0.75-1.00,43854,N_GE_100,0.14078533315090982,0.13756156301335082,0.14407203201518332,0.21359511105030327
5m,DISCOVERY,OB,1.00-1.50,76231,N_GE_100,0.06871220369665884,0.06693808716484644,0.07052978684199092,0.0976112080387244
5m,DISCOVERY,OB,1.50-2.00,46417,N_GE_100,0.03531033888446043,0.03366937901064217,0.03702821041005458,0.043970958915914425
5m,DISCOVERY,OB,>2.00,26504,N_GE_100,0.04131451856323574,0.03898422794633321,0.043777757473105854,0.04493661334138243
5m,VALIDATION,OB,0.00-0.25,13155,N_GE_100,0.4453059673128088,0.4368300514858101,0.4538138179563147,0.831927023945268
5m,VALIDATION,OB,0.25-0.50,13487,N_GE_100,0.34766812486097726,0.3396751380287299,0.35574786656721763,0.5724030547935048
5m,VALIDATION,OB,0.50-0.75,13887,N_GE_100,0.23107942680204507,0.2241434821739229,0.23816411479701946,0.36048102541945704
5m,VALIDATION,OB,0.75-1.00,14043,N_GE_100,0.1456953642384106,0.13995705966050587,0.15162746279897715,0.22089297158726767
5m,VALIDATION,OB,1.00-1.50,25525,N_GE_100,0.07396669931439764,0.07081967453892732,0.07724194373677226,0.10675808031341821
5m,VALIDATION,OB,1.50-2.00,16376,N_GE_100,0.04225696140693698,0.03928156648427678,0.04544706727735862,0.05410356619443087
5m,VALIDATION,OB,>2.00,11468,N_GE_100,0.04708754795953959,0.043359934914998864,0.051118496516620614,0.05214509940704569
6H,DISCOVERY,OB,0.00-0.25,587,N_GE_100,0.48211243611584326,0.4419371633758468,0.5225203155829806,0.8739352640545145
6H,DISCOVERY,OB,0.25-0.50,668,N_GE_100,0.3847305389221557,0.3485934217585359,0.42218588098187193,0.6107784431137725
6H,DISCOVERY,OB,0.50-0.75,705,N_GE_100,0.23404255319148937,0.20428101481138386,0.26668682906233904,0.34893617021276596
6H,DISCOVERY,OB,0.75-1.00,659,N_GE_100,0.1638846737481032,0.13758462454931514,0.19408073863851139,0.22306525037936267
6H,DISCOVERY,OB,1.00-1.50,1035,N_GE_100,0.07632850241545894,0.06167270145391525,0.09411774821617881,0.10434782608695652
6H,DISCOVERY,OB,1.50-2.00,501,N_GE_100,0.05189620758483034,0.035658210036087074,0.07495391067662756,0.05788423153692615
6H,DISCOVERY,OB,>2.00,288,N_GE_100,0.03125,0.016526015692297738,0.0583145827693335,0.034722222222222224
6H,VALIDATION,OB,0.00-0.25,185,N_GE_100,0.5027027027027027,0.4313343411435916,0.5739611022332914,0.8378378378378378
6H,VALIDATION,OB,0.25-0.50,174,N_GE_100,0.367816091954023,0.29974164230988604,0.44160121560412285,0.5632183908045977
6H,VALIDATION,OB,0.50-0.75,226,N_GE_100,0.168141592920354,0.12502035754233903,0.22235627053543283,0.30973451327433627
6H,VALIDATION,OB,0.75-1.00,241,N_GE_100,0.17427385892116182,0.13159365214313534,0.22717544591863192,0.22821576763485477
6H,VALIDATION,OB,1.00-1.50,357,N_GE_100,0.11484593837535013,0.08579415421617503,0.15209859429175754,0.1484593837535014
6H,VALIDATION,OB,1.50-2.00,196,N_GE_100,0.05612244897959184,0.03162318523457617,0.09768722861319126,0.05612244897959184
6H,VALIDATION,OB,>2.00,121,N_GE_100,0.024793388429752067,0.008467160919079428,0.07036553587429713,0.049586776859504134
8H,DISCOVERY,OB,0.00-0.25,462,N_GE_100,0.4935064935064935,0.4481584994310915,0.538961586022848,0.9047619047619048
8H,DISCOVERY,OB,0.25-0.50,486,N_GE_100,0.3436213991769547,0.3027722239519252,0.3869233837710611,0.5740740740740741
8H,DISCOVERY,OB,0.50-0.75,504,N_GE_100,0.24603174603174602,0.21044399509061043,0.2854618149099882,0.373015873015873
8H,DISCOVERY,OB,0.75-1.00,537,N_GE_100,0.14338919925512103,0.11627648020905475,0.17556793412593724,0.2048417132216015
8H,DISCOVERY,OB,1.00-1.50,829,N_GE_100,0.0735826296743064,0.05770845428611554,0.09339062625933273,0.10494571773220748
8H,DISCOVERY,OB,1.50-2.00,369,N_GE_100,0.056910569105691054,0.03752072947105334,0.0854312158054394,0.06504065040650407
8H,DISCOVERY,OB,>2.00,188,N_GE_100,0.047872340425531915,0.025387019131789597,0.08846524231723918,0.047872340425531915
8H,VALIDATION,OB,0.00-0.25,134,N_GE_100,0.4253731343283582,0.34489066618661857,0.5100152548125574,0.8507462686567164
8H,VALIDATION,OB,0.25-0.50,151,N_GE_100,0.37748344370860926,0.3041077307818202,0.45693839635713973,0.6158940397350994
8H,VALIDATION,OB,0.50-0.75,170,N_GE_100,0.19411764705882353,0.14169387619024199,0.2600603644518138,0.27647058823529413
8H,VALIDATION,OB,0.75-1.00,184,N_GE_100,0.1358695652173913,0.09375218533785816,0.19288080756680193,0.21195652173913043
8H,VALIDATION,OB,1.00-1.50,275,N_GE_100,0.08363636363636363,0.05637575972927227,0.12236944902006783,0.12727272727272726
8H,VALIDATION,OB,1.50-2.00,127,N_GE_100,0.07086614173228346,0.03772763102767921,0.12920398705097466,0.09448818897637795
8H,VALIDATION,OB,>2.00,83,N_30_99,0.07228915662650602,0.033549838417288064,0.14886964717487056,0.08433734939759036
12H,DISCOVERY,OS,0.00-0.25,226,N_GE_100,0.4026548672566372,0.3408564144124485,0.4677073964903645,0.8893805309734514
12H,DISCOVERY,OS,0.25-0.50,288,N_GE_100,0.3125,0.26173142718669185,0.36820481219796075,0.6180555555555556
12H,DISCOVERY,OS,0.50-0.75,325,N_GE_100,0.20615384615384616,0.16572740213010162,0.2534458411578522,0.38153846153846155
12H,DISCOVERY,OS,0.75-1.00,313,N_GE_100,0.12140575079872204,0.08974189507501765,0.1622502675702915,0.19488817891373802
12H,DISCOVERY,OS,1.00-1.50,500,N_GE_100,0.074,0.05416087387750307,0.10033530111082659,0.1
12H,DISCOVERY,OS,1.50-2.00,367,N_GE_100,0.0326975476839237,0.01880134897434792,0.05627544931365429,0.05722070844686648
12H,DISCOVERY,OS,>2.00,231,N_GE_100,0.03463203463203463,0.01765090719056446,0.06683838261158304,0.04329004329004329
12H,VALIDATION,OS,0.00-0.25,78,N_30_99,0.3333333333333333,0.23872517005631883,0.4435879812017211,0.8717948717948718
12H,VALIDATION,OS,0.25-0.50,83,N_30_99,0.37349397590361444,0.2771952750457681,0.48098513618571553,0.6506024096385542
12H,VALIDATION,OS,0.50-0.75,107,N_GE_100,0.22429906542056074,0.1556144407540678,0.3120944338922743,0.34579439252336447
12H,VALIDATION,OS,0.75-1.00,116,N_GE_100,0.09482758620689655,0.05377680892670451,0.16185449105593921,0.2413793103448276
12H,VALIDATION,OS,1.00-1.50,171,N_GE_100,0.09941520467836257,0.06299898745663292,0.1534346301721236,0.11695906432748537
12H,VALIDATION,OS,1.50-2.00,106,N_GE_100,0.04716981132075472,0.020313773391376265,0.10570041431164334,0.05660377358490566
12H,VALIDATION,OS,>2.00,88,N_30_99,0.022727272727272728,0.00625479714413793,0.07912699062959425,0.022727272727272728
15m,DISCOVERY,OS,0.00-0.25,13389,N_GE_100,0.42646948987975203,0.41811445291364957,0.43486670979942244,0.8625737545746508
15m,DISCOVERY,OS,0.25-0.50,14472,N_GE_100,0.33374792703150913,0.32611012492907815,0.3414739691107462,0.5989496959646213
15m,DISCOVERY,OS,0.50-0.75,15346,N_GE_100,0.21705982014857292,0.21060858739820107,0.22365267559750304,0.366610191580868
15m,DISCOVERY,OS,0.75-1.00,15500,N_GE_100,0.12064516129032259,0.11561117813393335,0.1258671403752031,0.19941935483870968
15m,DISCOVERY,OS,1.00-1.50,25852,N_GE_100,0.06572025375212749,0.06276368642462886,0.06880586960173539,0.0935710970137707
15m,DISCOVERY,OS,1.50-2.00,14283,N_GE_100,0.036546943919344675,0.03359203068104368,0.03975109366632782,0.04452846040747742
15m,DISCOVERY,OS,>2.00,7879,N_GE_100,0.0416296484325422,0.03743794186278232,0.04626811662252328,0.0470871938063206
15m,VALIDATION,OS,0.00-0.25,4201,N_GE_100,0.4208521780528446,0.40600184199577155,0.43584713514524615,0.8521780528445608
15m,VALIDATION,OS,0.25-0.50,4692,N_GE_100,0.32289002557544755,0.30966028724101113,0.33640954611963714,0.5848252344416027
15m,VALIDATION,OS,0.50-0.75,5174,N_GE_100,0.21260146888287593,0.20166811966494227,0.22396127772720661,0.35272516428295325
15m,VALIDATION,OS,0.75-1.00,5336,N_GE_100,0.12912293853073464,0.12039140288715372,0.1383881084751309,0.19958770614692653
15m,VALIDATION,OS,1.00-1.50,8827,N_GE_100,0.06752010875722216,0.062471376793812594,0.07294511623896924,0.09980740908575961
15m,VALIDATION,OS,1.50-2.00,4817,N_GE_100,0.042350010379904504,0.03701808815719377,0.04841131072618792,0.052937512974880634
15m,VALIDATION,OS,>2.00,2905,N_GE_100,0.06540447504302926,0.05697524964581154,0.0749816090569793,0.07125645438898451
1D,DISCOVERY,OS,0.00-0.25,117,N_GE_100,0.39316239316239315,0.3094022423100855,0.48371535957535794,0.9230769230769231
1D,DISCOVERY,OS,0.25-0.50,143,N_GE_100,0.32867132867132864,0.2570448191429695,0.40926227639399004,0.6083916083916084
1D,DISCOVERY,OS,0.50-0.75,151,N_GE_100,0.2980132450331126,0.23080698365624436,0.3752420367620411,0.423841059602649
1D,DISCOVERY,OS,0.75-1.00,165,N_GE_100,0.16363636363636364,0.1149646564722128,0.22761442356493441,0.20606060606060606
1D,DISCOVERY,OS,1.00-1.50,270,N_GE_100,0.05185185185185185,0.031134765542600255,0.08514267367773734,0.0962962962962963
1D,DISCOVERY,OS,1.50-2.00,165,N_GE_100,0.04242424242424243,0.020699586619953553,0.08497105379094044,0.048484848484848485
1D,DISCOVERY,OS,>2.00,114,N_GE_100,0.017543859649122806,0.004824317682655354,0.061719245880636375,0.02631578947368421
1D,VALIDATION,OS,0.00-0.25,40,N_30_99,0.375,0.2422277353579172,0.529678399454681,0.9
1D,VALIDATION,OS,0.25-0.50,50,N_30_99,0.4,0.2760818978624575,0.5381881089724063,0.72
1D,VALIDATION,OS,0.50-0.75,48,N_30_99,0.16666666666666666,0.08695410039453223,0.29578100037396254,0.3333333333333333
1D,VALIDATION,OS,0.75-1.00,52,N_30_99,0.21153846153846154,0.12244245849448492,0.34032365135910086,0.23076923076923078
1D,VALIDATION,OS,1.00-1.50,94,N_30_99,0.05319148936170213,0.022931410525010874,0.11853806667078312,0.0851063829787234
1D,VALIDATION,OS,1.50-2.00,53,N_30_99,0.03773584905660377,0.010410068833819265,0.12754523150959116,0.03773584905660377
1D,VALIDATION,OS,>2.00,37,N_30_99,0.02702702702702703,0.00478685105490774,0.13824378437563367,0.02702702702702703
1H,DISCOVERY,OS,0.00-0.25,3089,N_GE_100,0.41048883133700226,0.39326265714608827,0.4279373680993042,0.8847523470378763
1H,DISCOVERY,OS,0.25-0.50,3560,N_GE_100,0.326685393258427,0.31147285416381054,0.34227157712628953,0.6022471910112359
1H,DISCOVERY,OS,0.50-0.75,3955,N_GE_100,0.21188369152970923,0.1994305709099566,0.22489597956379817,0.3570164348925411
1H,DISCOVERY,OS,0.75-1.00,4028,N_GE_100,0.12090367428003972,0.11119505849277965,0.1313347075575533,0.19016881827209534
1H,DISCOVERY,OS,1.00-1.50,6421,N_GE_100,0.07070549758604579,0.06468894383840751,0.07723542671728059,0.10294346674972746
1H,DISCOVERY,OS,1.50-2.00,3229,N_GE_100,0.04242799628367916,0.03600223219294901,0.04994123005401045,0.055744812635490866
1H,DISCOVERY,OS,>2.00,1775,N_GE_100,0.04563380281690141,0.03686740422035928,0.056362706881157576,0.05352112676056338
1H,VALIDATION,OS,0.00-0.25,1077,N_GE_100,0.44846796657381616,0.41900046169537863,0.47830178869912865,0.883008356545961
1H,VALIDATION,OS,0.25-0.50,1160,N_GE_100,0.3120689655172414,0.286062132365054,0.3393164414889825,0.5706896551724138
1H,VALIDATION,OS,0.50-0.75,1392,N_GE_100,0.1875,0.1678657550276089,0.20885435418822193,0.34051724137931033
1H,VALIDATION,OS,0.75-1.00,1410,N_GE_100,0.1226950354609929,0.10658761930657967,0.1408528294678799,0.18581560283687942
1H,VALIDATION,OS,1.00-1.50,2236,N_GE_100,0.0720035778175313,0.06200723591087255,0.08346805127014954,0.10465116279069768
1H,VALIDATION,OS,1.50-2.00,1020,N_GE_100,0.05392156862745098,0.0416592725260333,0.06953136477567431,0.07254901960784314
1H,VALIDATION,OS,>2.00,653,N_GE_100,0.07656967840735068,0.05856034864002767,0.09953195245661418,0.08575803981623277
2H,DISCOVERY,OS,0.00-0.25,1445,N_GE_100,0.41937716262975777,0.39418059645618375,0.44500127132011413,0.8982698961937716
2H,DISCOVERY,OS,0.25-0.50,1681,N_GE_100,0.3361094586555622,0.3139238909111334,0.3590423986201793,0.5984533016061868
2H,DISCOVERY,OS,0.50-0.75,1919,N_GE_100,0.22407503908285564,0.20598051221900746,0.243272093923901,0.3710265763418447
2H,DISCOVERY,OS,0.75-1.00,1952,N_GE_100,0.1398565573770492,0.12517617704700718,0.1559517016114691,0.21362704918032788
2H,DISCOVERY,OS,1.00-1.50,3251,N_GE_100,0.0722854506305752,0.06387936534080717,0.08170117535278602,0.10519840049215626
2H,DISCOVERY,OS,1.50-2.00,1697,N_GE_100,0.04301708898055392,0.03435150974608186,0.05374699395937784,0.049499116087212726
2H,DISCOVERY,OS,>2.00,976,N_GE_100,0.039959016393442626,0.029366795812733645,0.05415854134380267,0.04610655737704918
2H,VALIDATION,OS,0.00-0.25,523,N_GE_100,0.43021032504780116,0.3884382189517653,0.4730002096005737,0.8738049713193117
2H,VALIDATION,OS,0.25-0.50,592,N_GE_100,0.3260135135135135,0.2894799017034069,0.36479062925649913,0.5760135135135135
2H,VALIDATION,OS,0.50-0.75,688,N_GE_100,0.20784883720930233,0.17919114952838722,0.23975098982836734,0.3546511627906977
2H,VALIDATION,OS,0.75-1.00,754,N_GE_100,0.1286472148541114,0.1066177561606379,0.15444154699717233,0.20954907161803712
2H,VALIDATION,OS,1.00-1.50,1064,N_GE_100,0.08364661654135339,0.06847130300163118,0.1018176237455568,0.11842105263157894
2H,VALIDATION,OS,1.50-2.00,537,N_GE_100,0.0595903165735568,0.04252366583215504,0.08291343072254785,0.0782122905027933
2H,VALIDATION,OS,>2.00,342,N_GE_100,0.05263157894736842,0.033547770588341276,0.0816541021765314,0.06432748538011696
30m,DISCOVERY,OS,0.00-0.25,6615,N_GE_100,0.4158730158730159,0.404047687359843,0.4277959996079793,0.872411186696901
30m,DISCOVERY,OS,0.25-0.50,7287,N_GE_100,0.3159050363661315,0.3053306311452528,0.3266734436655346,0.5929737889392068
30m,DISCOVERY,OS,0.50-0.75,7925,N_GE_100,0.2016403785488959,0.1929521568318044,0.21061771647730548,0.34788643533123026
30m,DISCOVERY,OS,0.75-1.00,8108,N_GE_100,0.12160828811050814,0.11467273337341065,0.12890223978681478,0.1978293043907252
30m,DISCOVERY,OS,1.00-1.50,12726,N_GE_100,0.06804966210906804,0.06380331697759117,0.07255671439938996,0.09767405311959768
30m,DISCOVERY,OS,1.50-2.00,6573,N_GE_100,0.03773010801764795,0.03338710690233436,0.04261314221420205,0.04792332268370607
30m,DISCOVERY,OS,>2.00,3670,N_GE_100,0.047683923705722074,0.041249837360483654,0.05506395036514938,0.054768392370572204
30m,VALIDATION,OS,0.00-0.25,2105,N_GE_100,0.39097387173396675,0.3703445718622869,0.41200038946624523,0.8498812351543943
30m,VALIDATION,OS,0.25-0.50,2419,N_GE_100,0.30095080611823066,0.28299971706684734,0.3195331105022351,0.5642827614716825
30m,VALIDATION,OS,0.50-0.75,2712,N_GE_100,0.19210914454277286,0.1777214684815238,0.20736785336994204,0.32927728613569324
30m,VALIDATION,OS,0.75-1.00,2733,N_GE_100,0.12440541529454811,0.11255615288798386,0.13730909324098461,0.19795096963044273
30m,VALIDATION,OS,1.00-1.50,4384,N_GE_100,0.06957116788321167,0.062410461410002976,0.0774855640071406,0.09876824817518248
30m,VALIDATION,OS,1.50-2.00,2255,N_GE_100,0.05454545454545454,0.04590733668562759,0.06469873679911785,0.06563192904656319
30m,VALIDATION,OS,>2.00,1346,N_GE_100,0.06909361069836553,0.056734837908268776,0.0839050712484797,0.07726597325408618
4H,DISCOVERY,OS,0.00-0.25,736,N_GE_100,0.39809782608695654,0.3633498056477271,0.4339040930246375,0.8980978260869565
4H,DISCOVERY,OS,0.25-0.50,780,N_GE_100,0.33205128205128204,0.299894343162336,0.36585445098178704,0.5871794871794872
4H,DISCOVERY,OS,0.50-0.75,856,N_GE_100,0.23948598130841123,0.21210019473599534,0.2691996167641694,0.3925233644859813
4H,DISCOVERY,OS,0.75-1.00,997,N_GE_100,0.1424272818455366,0.12210395052999634,0.16549560568349436,0.21263791374122368
4H,DISCOVERY,OS,1.00-1.50,1657,N_GE_100,0.06578153289076645,0.05482114632418889,0.07875065245541779,0.09837054918527459
4H,DISCOVERY,OS,1.50-2.00,964,N_GE_100,0.03630705394190872,0.026220000389996986,0.05007512889562166,0.04771784232365145
4H,DISCOVERY,OS,>2.00,594,N_GE_100,0.026936026936026935,0.01664679543043361,0.043304870696513724,0.03367003367003367
4H,VALIDATION,OS,0.00-0.25,253,N_GE_100,0.4624505928853755,0.4020327485071317,0.5239916961311198,0.8735177865612648
4H,VALIDATION,OS,0.25-0.50,283,N_GE_100,0.3215547703180212,0.2698388280599027,0.37805045996526515,0.5795053003533569
4H,VALIDATION,OS,0.50-0.75,352,N_GE_100,0.21306818181818182,0.1735075370807929,0.258824152075281,0.39204545454545453
4H,VALIDATION,OS,0.75-1.00,332,N_GE_100,0.13253012048192772,0.10022690914774873,0.17324010625475056,0.19879518072289157
4H,VALIDATION,OS,1.00-1.50,522,N_GE_100,0.0842911877394636,0.06338834700174761,0.11126805142698076,0.11494252873563218
4H,VALIDATION,OS,1.50-2.00,311,N_GE_100,0.028938906752411574,0.015297948157488417,0.05407534939912417,0.05144694533762058
4H,VALIDATION,OS,>2.00,196,N_GE_100,0.030612244897959183,0.014103666502553219,0.06516711595715485,0.03571428571428571
5m,DISCOVERY,OS,0.00-0.25,40705,N_GE_100,0.448323301805675,0.44349703537137575,0.4531593214629095,0.8559145068173443
5m,DISCOVERY,OS,0.25-0.50,42357,N_GE_100,0.35384942276365183,0.3493091097546464,0.3584162438417278,0.6105720424014921
5m,DISCOVERY,OS,0.50-0.75,44030,N_GE_100,0.23265955030660912,0.22873625777034776,0.23662948946893012,0.3792187145128322
5m,DISCOVERY,OS,0.75-1.00,43905,N_GE_100,0.13802528185855825,0.13483048147187318,0.14128342083613035,0.21560186766883044
5m,DISCOVERY,OS,1.00-1.50,76783,N_GE_100,0.06661630829740958,0.0648741230941231,0.0684018573571942,0.09680528241928552
5m,DISCOVERY,OS,1.50-2.00,47005,N_GE_100,0.03135836613126263,0.02982067611994863,0.03297265167819902,0.040208488458674606
5m,DISCOVERY,OS,>2.00,27503,N_GE_100,0.03534159909828019,0.033223473998948774,0.037589512396406774,0.03934116278224194
5m,VALIDATION,OS,0.00-0.25,12931,N_GE_100,0.4447451859871626,0.4361975679296671,0.45332562499447354,0.8343515582708221
5m,VALIDATION,OS,0.25-0.50,13371,N_GE_100,0.3516565701892155,0.3436067344434132,0.35979162206497334,0.5882880861566075
5m,VALIDATION,OS,0.50-0.75,14093,N_GE_100,0.23210104307102816,0.22520442193224427,0.2391436771483328,0.364791031008302
5m,VALIDATION,OS,0.75-1.00,14170,N_GE_100,0.1427664079040226,0.13710304791126066,0.14862341314923266,0.22025405786873678
5m,VALIDATION,OS,1.00-1.50,25416,N_GE_100,0.0764479068303431,0.07324478581933555,0.0797790473425517,0.10918319169027384
5m,VALIDATION,OS,1.50-2.00,16475,N_GE_100,0.040910470409711686,0.03799119959379342,0.04404379005013884,0.052321699544764795
5m,VALIDATION,OS,>2.00,11485,N_GE_100,0.047714410100130604,0.043964850162853425,0.05176643748933252,0.05189377448846321
6H,DISCOVERY,OS,0.00-0.25,489,N_GE_100,0.3885480572597137,0.34637460792691555,0.4324589970285102,0.885480572597137
6H,DISCOVERY,OS,0.25-0.50,555,N_GE_100,0.33693693693693694,0.29885290758108674,0.37726282897109553,0.6
6H,DISCOVERY,OS,0.50-0.75,628,N_GE_100,0.21019108280254778,0.1801340840520313,0.24377216080427444,0.35828025477707004
6H,DISCOVERY,OS,0.75-1.00,652,N_GE_100,0.13190184049079753,0.10807036761658999,0.16004559209075397,0.2254601226993865
6H,DISCOVERY,OS,1.00-1.50,1064,N_GE_100,0.07048872180451128,0.05660346533878781,0.08746434396925938,0.1118421052631579
6H,DISCOVERY,OS,1.50-2.00,671,N_GE_100,0.043219076005961254,0.03025795141137837,0.0613807383196637,0.05961251862891207
6H,DISCOVERY,OS,>2.00,384,N_GE_100,0.028645833333333332,0.016069085716050147,0.05056017736454771,0.0390625
6H,VALIDATION,OS,0.00-0.25,170,N_GE_100,0.4470588235294118,0.37430984553586605,0.5221476191906436,0.8411764705882353
6H,VALIDATION,OS,0.25-0.50,208,N_GE_100,0.3557692307692308,0.2938620627293385,0.42290744807496067,0.5528846153846154
6H,VALIDATION,OS,0.50-0.75,217,N_GE_100,0.21658986175115208,0.1669679372070296,0.27607177994770943,0.3870967741935484
6H,VALIDATION,OS,0.75-1.00,208,N_GE_100,0.13942307692307693,0.09886000397431782,0.1930637730364299,0.23557692307692307
6H,VALIDATION,OS,1.00-1.50,375,N_GE_100,0.10133333333333333,0.0747202009971431,0.13603173332052423,0.128
6H,VALIDATION,OS,1.50-2.00,201,N_GE_100,0.05472636815920398,0.030829484437093754,0.09532457801896986,0.06965174129353234
6H,VALIDATION,OS,>2.00,121,N_GE_100,0.01652892561983471,0.004544498317862633,0.058267897550181344,0.024793388429752067
8H,DISCOVERY,OS,0.00-0.25,354,N_GE_100,0.3983050847457627,0.3486618675622325,0.45013178862530967,0.884180790960452
8H,DISCOVERY,OS,0.25-0.50,422,N_GE_100,0.31516587677725116,0.2726758329327005,0.36099076986045076,0.6137440758293838
8H,DISCOVERY,OS,0.50-0.75,481,N_GE_100,0.23284823284823286,0.1972842315381878,0.27264574146742887,0.3700623700623701
8H,DISCOVERY,OS,0.75-1.00,513,N_GE_100,0.1267056530214425,0.10066793024433478,0.15829264878026383,0.21832358674463936
8H,DISCOVERY,OS,1.00-1.50,806,N_GE_100,0.05955334987593052,0.04520973768718682,0.07807560601459389,0.09925558312655088
8H,DISCOVERY,OS,1.50-2.00,503,N_GE_100,0.039761431411530816,0.02588440486686256,0.060615203689341195,0.0536779324055666
8H,DISCOVERY,OS,>2.00,296,N_GE_100,0.030405405405405407,0.016077105119947865,0.056766689737069984,0.04054054054054054
8H,VALIDATION,OS,0.00-0.25,137,N_GE_100,0.4306569343065693,0.35074717847414594,0.5143494975079503,0.8832116788321168
8H,VALIDATION,OS,0.25-0.50,138,N_GE_100,0.2536231884057971,0.18838329918622307,0.3322086851117544,0.6014492753623188
8H,VALIDATION,OS,0.50-0.75,173,N_GE_100,0.18497109826589594,0.13417968576824785,0.24944950555325118,0.3236994219653179
8H,VALIDATION,OS,0.75-1.00,159,N_GE_100,0.11949685534591195,0.07784958491926923,0.17909704296942752,0.18867924528301888
8H,VALIDATION,OS,1.00-1.50,279,N_GE_100,0.06810035842293907,0.044027015485647206,0.10390596184159177,0.0967741935483871
8H,VALIDATION,OS,1.50-2.00,150,N_GE_100,0.08666666666666667,0.05134668856955886,0.1426294531242353,0.08666666666666667
8H,VALIDATION,OS,>2.00,88,N_30_99,0.011363636363636364,0.00200873360043052,0.06159643007267622,0.022727272727272728
