timeframe,split,direction,control_id,horizon,sample_count,sample_flag,reversal_rate_event,reversal_wilson_lo,reversal_wilson_hi
12H,DISCOVERY,OB,CAUSAL_DNO_QUANTILE_80_20_CONTROL_V1,1,234,N_GE_100,0.4358974358974359,0.37390359172206417,0.49996203985794535
12H,DISCOVERY,OB,CAUSAL_DNO_QUANTILE_80_20_CONTROL_V1,3,234,N_GE_100,0.4829059829059829,0.41967351681596826,0.5466906516053676
12H,DISCOVERY,OB,CAUSAL_DNO_QUANTILE_80_20_CONTROL_V1,5,234,N_GE_100,0.46153846153846156,0.398799811609298,0.5255195673387077
12H,DISCOVERY,OB,CAUSAL_DNO_QUANTILE_80_20_CONTROL_V1,10,234,N_GE_100,0.43162393162393164,0.3697705223542832,0.4956861513310603
12H,DISCOVERY,OB,PROJECT_DYNAMIC_EXTREMA_V1,1,141,N_GE_100,0.475177304964539,0.3945043568293785,0.5571669862101902
12H,DISCOVERY,OB,PROJECT_DYNAMIC_EXTREMA_V1,3,141,N_GE_100,0.44680851063829785,0.3672400378434736,0.5291985543841736
12H,DISCOVERY,OB,PROJECT_DYNAMIC_EXTREMA_V1,5,141,N_GE_100,0.49645390070921985,0.41512088716989126,0.5779750189786187
12H,DISCOVERY,OB,PROJECT_DYNAMIC_EXTREMA_V1,10,141,N_GE_100,0.4326241134751773,0.3537049455862771,0.5151172712354095
12H,DISCOVERY,OS,CAUSAL_DNO_QUANTILE_80_20_CONTROL_V1,1,205,N_GE_100,0.5609756097560976,0.49253706546776527,0.6271708854385677
12H,DISCOVERY,OS,CAUSAL_DNO_QUANTILE_80_20_CONTROL_V1,3,205,N_GE_100,0.5219512195121951,0.45379789212144656,0.5892969702048333
12H,DISCOVERY,OS,CAUSAL_DNO_QUANTILE_80_20_CONTROL_V1,5,205,N_GE_100,0.5658536585365853,0.49740840897338134,0.6318761780054579
12H,DISCOVERY,OS,CAUSAL_DNO_QUANTILE_80_20_CONTROL_V1,10,205,N_GE_100,0.5853658536585366,0.5169590676050706,0.6506320636637952
12H,DISCOVERY,OS,PROJECT_DYNAMIC_EXTREMA_V1,1,115,N_GE_100,0.5217391304347826,0.4312223611420244,0.6108504483792206
12H,DISCOVERY,OS,PROJECT_DYNAMIC_EXTREMA_V1,3,115,N_GE_100,0.5565217391304348,0.46535589607313604,0.6440334086821011
12H,DISCOVERY,OS,PROJECT_DYNAMIC_EXTREMA_V1,5,115,N_GE_100,0.5478260869565217,0.4567826246113187,0.6357775563354204
12H,DISCOVERY,OS,PROJECT_DYNAMIC_EXTREMA_V1,10,115,N_GE_100,0.5826086956521739,0.4912372597020915,0.6686394164786398
12H,VALIDATION,OB,CAUSAL_DNO_QUANTILE_80_20_CONTROL_V1,1,65,N_30_99,0.46153846153846156,0.34590137149936684,0.5814681260137647
12H,VALIDATION,OB,CAUSAL_DNO_QUANTILE_80_20_CONTROL_V1,3,65,N_30_99,0.4461538461538462,0.331693339691393,0.5666239568269913
12H,VALIDATION,OB,CAUSAL_DNO_QUANTILE_80_20_CONTROL_V1,5,64,N_30_99,0.390625,0.28055388546896454,0.5130830570559759
12H,VALIDATION,OB,CAUSAL_DNO_QUANTILE_80_20_CONTROL_V1,10,63,N_30_99,0.5714285714285714,0.44861395082594024,0.6860327362671276
12H,VALIDATION,OB,PROJECT_DYNAMIC_EXTREMA_V1,1,43,N_30_99,0.37209302325581395,0.2437613889377433,0.5214046173472684
12H,VALIDATION,OB,PROJECT_DYNAMIC_EXTREMA_V1,3,43,N_30_99,0.46511627906976744,0.32510826263918563,0.6108461027112722
12H,VALIDATION,OB,PROJECT_DYNAMIC_EXTREMA_V1,5,43,N_30_99,0.3953488372093023,0.263651061984564,0.5442120340668091
12H,VALIDATION,OB,PROJECT_DYNAMIC_EXTREMA_V1,10,42,N_30_99,0.5714285714285714,0.42205977911874476,0.7088257048085178
12H,VALIDATION,OS,CAUSAL_DNO_QUANTILE_80_20_CONTROL_V1,1,67,N_30_99,0.5074626865671642,0.39063570911024414,0.6234802905283863
12H,VALIDATION,OS,CAUSAL_DNO_QUANTILE_80_20_CONTROL_V1,3,67,N_30_99,0.5970149253731343,0.4774111146058888,0.7060968806963064
12H,VALIDATION,OS,CAUSAL_DNO_QUANTILE_80_20_CONTROL_V1,5,67,N_30_99,0.5671641791044776,0.4480852301650392,0.6789587665826343
12H,VALIDATION,OS,CAUSAL_DNO_QUANTILE_80_20_CONTROL_V1,10,67,N_30_99,0.582089552238806,0.46269715977486015,0.6925788362500744
12H,VALIDATION,OS,PROJECT_DYNAMIC_EXTREMA_V1,1,31,N_30_99,0.5483870967741935,0.37771879603669134,0.7083851716341388
12H,VALIDATION,OS,PROJECT_DYNAMIC_EXTREMA_V1,3,31,N_30_99,0.5161290322580645,0.34840118286973176,0.6803001396872117
12H,VALIDATION,OS,PROJECT_DYNAMIC_EXTREMA_V1,5,31,N_30_99,0.4838709677419355,0.3196998603127883,0.6515988171302683
12H,VALIDATION,OS,PROJECT_DYNAMIC_EXTREMA_V1,10,31,N_30_99,0.5483870967741935,0.37771879603669134,0.7083851716341388
15m,DISCOVERY,OB,CAUSAL_DNO_QUANTILE_80_20_CONTROL_V1,1,10029,N_GE_100,0.5475122145777246,0.5377543308361009,0.557233713229102
15m,DISCOVERY,OB,CAUSAL_DNO_QUANTILE_80_20_CONTROL_V1,3,10029,N_GE_100,0.5384385282680227,0.5286688066201374,0.5481788134997697
15m,DISCOVERY,OB,CAUSAL_DNO_QUANTILE_80_20_CONTROL_V1,5,10029,N_GE_100,0.5309602153754113,0.5211831808145464,0.5407135404493475
15m,DISCOVERY,OB,CAUSAL_DNO_QUANTILE_80_20_CONTROL_V1,10,10029,N_GE_100,0.5241798783527769,0.5143981156755429,0.5339431239588991
15m,DISCOVERY,OB,PROJECT_DYNAMIC_EXTREMA_V1,1,6271,N_GE_100,0.5294211449529581,0.5170529893981379,0.5417532759265518
15m,DISCOVERY,OB,PROJECT_DYNAMIC_EXTREMA_V1,3,6271,N_GE_100,0.5273481103492266,0.5149783091453148,0.5396844252892883
15m,DISCOVERY,OB,PROJECT_DYNAMIC_EXTREMA_V1,5,6271,N_GE_100,0.5267102535480784,0.5143399889486436,0.5390478129043944
15m,DISCOVERY,OB,PROJECT_DYNAMIC_EXTREMA_V1,10,6271,N_GE_100,0.5121990113219582,0.49982365682579244,0.5245594287966399
15m,DISCOVERY,OS,CAUSAL_DNO_QUANTILE_80_20_CONTROL_V1,1,10654,N_GE_100,0.5690820349164633,0.5596554059999262,0.5784588628403987
15m,DISCOVERY,OS,CAUSAL_DNO_QUANTILE_80_20_CONTROL_V1,3,10654,N_GE_100,0.5657968837995119,0.5563629520515536,0.5751833828085928
15m,DISCOVERY,OS,CAUSAL_DNO_QUANTILE_80_20_CONTROL_V1,5,10654,N_GE_100,0.5627933170640135,0.5533530764667088,0.5721882901829888
15m,DISCOVERY,OS,CAUSAL_DNO_QUANTILE_80_20_CONTROL_V1,10,10654,N_GE_100,0.5546273700018772,0.5451717477790957,0.5640436115484438
15m,DISCOVERY,OS,PROJECT_DYNAMIC_EXTREMA_V1,1,6329,N_GE_100,0.5648601674830147,0.5526100281888713,0.5770316164087135
15m,DISCOVERY,OS,PROJECT_DYNAMIC_EXTREMA_V1,3,6329,N_GE_100,0.5642281561068099,0.5519763750751417,0.5764020135458526
15m,DISCOVERY,OS,PROJECT_DYNAMIC_EXTREMA_V1,5,6329,N_GE_100,0.5582240480328646,0.5459576746352343,0.5704197822081519
15m,DISCOVERY,OS,PROJECT_DYNAMIC_EXTREMA_V1,10,6329,N_GE_100,0.5623321219781956,0.5500755366585834,0.57451308403264
15m,VALIDATION,OB,CAUSAL_DNO_QUANTILE_80_20_CONTROL_V1,1,3341,N_GE_100,0.5740796168811733,0.5572364589262667,0.5907526117669463
15m,VALIDATION,OB,CAUSAL_DNO_QUANTILE_80_20_CONTROL_V1,3,3341,N_GE_100,0.5492367554624364,0.5323175969295688,0.5660428157129911
15m,VALIDATION,OB,CAUSAL_DNO_QUANTILE_80_20_CONTROL_V1,5,3341,N_GE_100,0.5558216102963185,0.5389184374429387,0.5725965592612402
15m,VALIDATION,OB,CAUSAL_DNO_QUANTILE_80_20_CONTROL_V1,10,3341,N_GE_100,0.5324753067943729,0.5155288745291644,0.5493471423201834
15m,VALIDATION,OB,PROJECT_DYNAMIC_EXTREMA_V1,1,2053,N_GE_100,0.5547978567949342,0.5332168792593989,0.5761741404477093
15m,VALIDATION,OB,PROJECT_DYNAMIC_EXTREMA_V1,3,2053,N_GE_100,0.5528494885533366,0.5312630499406324,0.5742385112880007
15m,VALIDATION,OB,PROJECT_DYNAMIC_EXTREMA_V1,5,2053,N_GE_100,0.5470043838285436,0.5254035587329371,0.5684296270602711
15m,VALIDATION,OB,PROJECT_DYNAMIC_EXTREMA_V1,10,2053,N_GE_100,0.5163175840233805,0.4946900447553064,0.5378841700019215
15m,VALIDATION,OS,CAUSAL_DNO_QUANTILE_80_20_CONTROL_V1,1,3363,N_GE_100,0.5765685399940529,0.5597907374092149,0.5931716116362523
15m,VALIDATION,OS,CAUSAL_DNO_QUANTILE_80_20_CONTROL_V1,3,3363,N_GE_100,0.5744870651204282,0.5577009059223246,0.5911032433432661
15m,VALIDATION,OS,CAUSAL_DNO_QUANTILE_80_20_CONTROL_V1,5,3363,N_GE_100,0.560511448111805,0.5436769838956425,0.5772078239907755
15m,VALIDATION,OS,CAUSAL_DNO_QUANTILE_80_20_CONTROL_V1,10,3362,N_GE_100,0.544913741820345,0.5280387611217978,0.5616861980087804
15m,VALIDATION,OS,PROJECT_DYNAMIC_EXTREMA_V1,1,1997,N_GE_100,0.5473209814722083,0.525419419915657,0.569040831210669
15m,VALIDATION,OS,PROJECT_DYNAMIC_EXTREMA_V1,3,1997,N_GE_100,0.5533299949924887,0.5314434820565247,0.5750117215937792
15m,VALIDATION,OS,PROJECT_DYNAMIC_EXTREMA_V1,5,1997,N_GE_100,0.5363044566850276,0.5143836128598446,0.5580858919725221
15m,VALIDATION,OS,PROJECT_DYNAMIC_EXTREMA_V1,10,1997,N_GE_100,0.5257886830245369,0.5038594165390283,0.547618921376377
1D,DISCOVERY,OB,CAUSAL_DNO_QUANTILE_80_20_CONTROL_V1,1,125,N_GE_100,0.544,0.4566758053599164,0.6287003464419861
1D,DISCOVERY,OB,CAUSAL_DNO_QUANTILE_80_20_CONTROL_V1,3,125,N_GE_100,0.496,0.40978473414855004,0.5824537975058225
1D,DISCOVERY,OB,CAUSAL_DNO_QUANTILE_80_20_CONTROL_V1,5,125,N_GE_100,0.48,0.3943261533805731,0.5668665048912894
1D,DISCOVERY,OB,CAUSAL_DNO_QUANTILE_80_20_CONTROL_V1,10,125,N_GE_100,0.448,0.36366742825085785,0.5354334832559847
1D,DISCOVERY,OB,PROJECT_DYNAMIC_EXTREMA_V1,1,77,N_30_99,0.5584415584415584,0.4473803679096196,0.6639484528955104
1D,DISCOVERY,OB,PROJECT_DYNAMIC_EXTREMA_V1,3,77,N_30_99,0.5194805194805194,0.40963811196379796,0.6274714949712452
1D,DISCOVERY,OB,PROJECT_DYNAMIC_EXTREMA_V1,5,77,N_30_99,0.5324675324675324,0.4221482516277276,0.6397010932640111
1D,DISCOVERY,OB,PROJECT_DYNAMIC_EXTREMA_V1,10,77,N_30_99,0.5324675324675324,0.4221482516277276,0.6397010932640111
1D,DISCOVERY,OS,CAUSAL_DNO_QUANTILE_80_20_CONTROL_V1,1,104,N_GE_100,0.6442307692307693,0.5485886820119005,0.7295971015818149
1D,DISCOVERY,OS,CAUSAL_DNO_QUANTILE_80_20_CONTROL_V1,3,104,N_GE_100,0.6346153846153846,0.5388083768716194,0.720831687815848
1D,DISCOVERY,OS,CAUSAL_DNO_QUANTILE_80_20_CONTROL_V1,5,104,N_GE_100,0.6346153846153846,0.5388083768716194,0.720831687815848
1D,DISCOVERY,OS,CAUSAL_DNO_QUANTILE_80_20_CONTROL_V1,10,104,N_GE_100,0.6057692307692307,0.5096903738886607,0.6943125340800638
1D,DISCOVERY,OS,PROJECT_DYNAMIC_EXTREMA_V1,1,66,N_30_99,0.6212121212121212,0.5005825419249831,0.728507284195839
1D,DISCOVERY,OS,PROJECT_DYNAMIC_EXTREMA_V1,3,66,N_30_99,0.6060606060606061,0.48548180775863853,0.7149717900970809
1D,DISCOVERY,OS,PROJECT_DYNAMIC_EXTREMA_V1,5,66,N_30_99,0.6212121212121212,0.5005825419249831,0.728507284195839
1D,DISCOVERY,OS,PROJECT_DYNAMIC_EXTREMA_V1,10,66,N_30_99,0.6060606060606061,0.48548180775863853,0.7149717900970809
1D,VALIDATION,OB,CAUSAL_DNO_QUANTILE_80_20_CONTROL_V1,1,38,N_30_99,0.5789473684210527,0.42192070613127325,0.7214772518818047
1D,VALIDATION,OB,CAUSAL_DNO_QUANTILE_80_20_CONTROL_V1,3,38,N_30_99,0.42105263157894735,0.2785227481181953,0.5780792938687267
1D,VALIDATION,OB,CAUSAL_DNO_QUANTILE_80_20_CONTROL_V1,5,38,N_30_99,0.5526315789473685,0.3970602917908942,0.6985383468844911
1D,VALIDATION,OB,CAUSAL_DNO_QUANTILE_80_20_CONTROL_V1,10,38,N_30_99,0.5,0.3484967553286069,0.6515032446713931
1D,VALIDATION,OB,PROJECT_DYNAMIC_EXTREMA_V1,1,19,N_LT_30,0.5263157894736842,0.31707482511825114,0.7267049451255145
1D,VALIDATION,OB,PROJECT_DYNAMIC_EXTREMA_V1,3,19,N_LT_30,0.47368421052631576,0.27329505487448547,0.6829251748817489
1D,VALIDATION,OB,PROJECT_DYNAMIC_EXTREMA_V1,5,19,N_LT_30,0.5789473684210527,0.36275551465160105,0.7685837960796962
1D,VALIDATION,OB,PROJECT_DYNAMIC_EXTREMA_V1,10,19,N_LT_30,0.631578947368421,0.4103915749815672,0.8085072762372616
1D,VALIDATION,OS,CAUSAL_DNO_QUANTILE_80_20_CONTROL_V1,1,32,N_30_99,0.53125,0.3644923793257382,0.6913087009831766
1D,VALIDATION,OS,CAUSAL_DNO_QUANTILE_80_20_CONTROL_V1,3,32,N_30_99,0.59375,0.4225972657298823,0.744805975196862
1D,VALIDATION,OS,CAUSAL_DNO_QUANTILE_80_20_CONTROL_V1,5,32,N_30_99,0.59375,0.4225972657298823,0.744805975196862
1D,VALIDATION,OS,CAUSAL_DNO_QUANTILE_80_20_CONTROL_V1,10,29,N_LT_30,0.5517241379310345,0.37547667068067625,0.715870888512542
1D,VALIDATION,OS,PROJECT_DYNAMIC_EXTREMA_V1,1,19,N_LT_30,0.47368421052631576,0.27329505487448547,0.6829251748817489
1D,VALIDATION,OS,PROJECT_DYNAMIC_EXTREMA_V1,3,19,N_LT_30,0.42105263157894735,0.2314162039203038,0.6372444853483988
1D,VALIDATION,OS,PROJECT_DYNAMIC_EXTREMA_V1,5,19,N_LT_30,0.42105263157894735,0.2314162039203038,0.6372444853483988
1D,VALIDATION,OS,PROJECT_DYNAMIC_EXTREMA_V1,10,18,N_LT_30,0.3888888888888889,0.20304991926931162,0.6138133141934384
1H,DISCOVERY,OB,CAUSAL_DNO_QUANTILE_80_20_CONTROL_V1,1,2331,N_GE_100,0.5396825396825397,0.5193997447822244,0.55983475232456
1H,DISCOVERY,OB,CAUSAL_DNO_QUANTILE_80_20_CONTROL_V1,3,2331,N_GE_100,0.5220935220935221,0.5017955739567362,0.5423187676756897
1H,DISCOVERY,OB,CAUSAL_DNO_QUANTILE_80_20_CONTROL_V1,5,2331,N_GE_100,0.5156585156585156,0.49536131018013335,0.5359041940836249
1H,DISCOVERY,OB,CAUSAL_DNO_QUANTILE_80_20_CONTROL_V1,10,2331,N_GE_100,0.4744744744744745,0.45426150144715316,0.49477144365713144
1H,DISCOVERY,OB,PROJECT_DYNAMIC_EXTREMA_V1,1,1497,N_GE_100,0.5230460921843687,0.49771752339193265,0.5482566820138877
1H,DISCOVERY,OB,PROJECT_DYNAMIC_EXTREMA_V1,3,1497,N_GE_100,0.5090180360721442,0.4837026617823775,0.5342872446807696
1H,DISCOVERY,OB,PROJECT_DYNAMIC_EXTREMA_V1,5,1497,N_GE_100,0.5130260521042084,0.48770487847713484,0.5382805419696332
1H,DISCOVERY,OB,PROJECT_DYNAMIC_EXTREMA_V1,10,1497,N_GE_100,0.48964595858383436,0.46438147595148377,0.5149634462574956
1H,DISCOVERY,OS,CAUSAL_DNO_QUANTILE_80_20_CONTROL_V1,1,2535,N_GE_100,0.5700197238658777,0.550655647700208,0.5891719019980481
1H,DISCOVERY,OS,CAUSAL_DNO_QUANTILE_80_20_CONTROL_V1,3,2535,N_GE_100,0.5723865877712031,0.5530321561697824,0.5915219585886964
1H,DISCOVERY,OS,CAUSAL_DNO_QUANTILE_80_20_CONTROL_V1,5,2535,N_GE_100,0.5743589743589743,0.5550129229914279,0.5934799959839031
1H,DISCOVERY,OS,CAUSAL_DNO_QUANTILE_80_20_CONTROL_V1,10,2535,N_GE_100,0.558974358974359,0.5395711879657762,0.5781990581181072
1H,DISCOVERY,OS,PROJECT_DYNAMIC_EXTREMA_V1,1,1438,N_GE_100,0.545201668984701,0.5193778641455474,0.5707846058511569
1H,DISCOVERY,OS,PROJECT_DYNAMIC_EXTREMA_V1,3,1438,N_GE_100,0.5556328233657858,0.5298356534438231,0.5811335403982743
1H,DISCOVERY,OS,PROJECT_DYNAMIC_EXTREMA_V1,5,1438,N_GE_100,0.5674547983310153,0.5417016187260464,0.5928485288074969
1H,DISCOVERY,OS,PROJECT_DYNAMIC_EXTREMA_V1,10,1438,N_GE_100,0.5493741307371349,0.5235596150453031,0.5749255444895583
1H,VALIDATION,OB,CAUSAL_DNO_QUANTILE_80_20_CONTROL_V1,1,814,N_GE_100,0.5663390663390664,0.5320607710074178,0.5999941403592822
1H,VALIDATION,OB,CAUSAL_DNO_QUANTILE_80_20_CONTROL_V1,3,814,N_GE_100,0.5356265356265356,0.5012776655468789,0.5696407127796821
1H,VALIDATION,OB,CAUSAL_DNO_QUANTILE_80_20_CONTROL_V1,5,814,N_GE_100,0.5307125307125307,0.4963644564932533,0.5647720765468855
1H,VALIDATION,OB,CAUSAL_DNO_QUANTILE_80_20_CONTROL_V1,10,810,N_GE_100,0.5172839506172839,0.4828704735857445,0.5515342557866544
1H,VALIDATION,OB,PROJECT_DYNAMIC_EXTREMA_V1,1,472,N_GE_100,0.5402542372881356,0.49514820474563825,0.5847103027913237
1H,VALIDATION,OB,PROJECT_DYNAMIC_EXTREMA_V1,3,472,N_GE_100,0.5254237288135594,0.48035041905858006,0.5700865330700275
1H,VALIDATION,OB,PROJECT_DYNAMIC_EXTREMA_V1,5,472,N_GE_100,0.5021186440677966,0.45717623772037635,0.5470268416236742
1H,VALIDATION,OB,PROJECT_DYNAMIC_EXTREMA_V1,10,471,N_GE_100,0.5116772823779193,0.46662199416800815,0.5565436256934361
1H,VALIDATION,OS,CAUSAL_DNO_QUANTILE_80_20_CONTROL_V1,1,800,N_GE_100,0.57375,0.5392084616910915,0.6075866282868345
1H,VALIDATION,OS,CAUSAL_DNO_QUANTILE_80_20_CONTROL_V1,3,799,N_GE_100,0.5832290362953693,0.5487241368203082,0.616937433282686
1H,VALIDATION,OS,CAUSAL_DNO_QUANTILE_80_20_CONTROL_V1,5,799,N_GE_100,0.5732165206508135,0.5386503513663401,0.6070820072956924
1H,VALIDATION,OS,CAUSAL_DNO_QUANTILE_80_20_CONTROL_V1,10,799,N_GE_100,0.5381727158948686,0.5035036593489721,0.5724764592696945
1H,VALIDATION,OS,PROJECT_DYNAMIC_EXTREMA_V1,1,485,N_GE_100,0.554639175257732,0.5101488352987615,0.5982707427404235
1H,VALIDATION,OS,PROJECT_DYNAMIC_EXTREMA_V1,3,485,N_GE_100,0.5649484536082474,0.5204863135087697,0.6083897886887518
1H,VALIDATION,OS,PROJECT_DYNAMIC_EXTREMA_V1,5,485,N_GE_100,0.5567010309278351,0.5122148039903095,0.6002960788805428
1H,VALIDATION,OS,PROJECT_DYNAMIC_EXTREMA_V1,10,485,N_GE_100,0.5298969072164949,0.4854163321540617,0.573907587905115
2H,DISCOVERY,OB,CAUSAL_DNO_QUANTILE_80_20_CONTROL_V1,1,1187,N_GE_100,0.535804549283909,0.5073629756311026,0.564015115292157
2H,DISCOVERY,OB,CAUSAL_DNO_QUANTILE_80_20_CONTROL_V1,3,1187,N_GE_100,0.5054759898904801,0.47706128196669206,0.5338553672333358
2H,DISCOVERY,OB,CAUSAL_DNO_QUANTILE_80_20_CONTROL_V1,5,1187,N_GE_100,0.4793597304128054,0.45105170372043163,0.5078009262179246
2H,DISCOVERY,OB,CAUSAL_DNO_QUANTILE_80_20_CONTROL_V1,10,1187,N_GE_100,0.44903117101937656,0.4209443103155299,0.4774468778995945
2H,DISCOVERY,OB,PROJECT_DYNAMIC_EXTREMA_V1,1,746,N_GE_100,0.5415549597855228,0.5056769232539583,0.5770072063008703
2H,DISCOVERY,OB,PROJECT_DYNAMIC_EXTREMA_V1,3,746,N_GE_100,0.4959785522788204,0.46021198678033437,0.5317863232627468
2H,DISCOVERY,OB,PROJECT_DYNAMIC_EXTREMA_V1,5,746,N_GE_100,0.47989276139410186,0.44423625707948694,0.5157552931359185
2H,DISCOVERY,OB,PROJECT_DYNAMIC_EXTREMA_V1,10,746,N_GE_100,0.4544235924932976,0.4190169952434093,0.4902971852448432
2H,DISCOVERY,OS,CAUSAL_DNO_QUANTILE_80_20_CONTROL_V1,1,1220,N_GE_100,0.578688524590164,0.5507762574993128,0.6061067901107701
2H,DISCOVERY,OS,CAUSAL_DNO_QUANTILE_80_20_CONTROL_V1,3,1220,N_GE_100,0.559016393442623,0.5310130988197906,0.5866491868877716
2H,DISCOVERY,OS,CAUSAL_DNO_QUANTILE_80_20_CONTROL_V1,5,1220,N_GE_100,0.5663934426229508,0.5384190734763166,0.5939509979446909
2H,DISCOVERY,OS,CAUSAL_DNO_QUANTILE_80_20_CONTROL_V1,10,1220,N_GE_100,0.5663934426229508,0.5384190734763166,0.5939509979446909
2H,DISCOVERY,OS,PROJECT_DYNAMIC_EXTREMA_V1,1,737,N_GE_100,0.5508819538670285,0.5147990053870968,0.5864372102897768
2H,DISCOVERY,OS,PROJECT_DYNAMIC_EXTREMA_V1,3,737,N_GE_100,0.5644504748982361,0.528410030822496,0.5998225090348769
2H,DISCOVERY,OS,PROJECT_DYNAMIC_EXTREMA_V1,5,737,N_GE_100,0.5468113975576662,0.5107209328145453,0.5824163856081782
2H,DISCOVERY,OS,PROJECT_DYNAMIC_EXTREMA_V1,10,737,N_GE_100,0.5644504748982361,0.528410030822496,0.5998225090348769
2H,VALIDATION,OB,CAUSAL_DNO_QUANTILE_80_20_CONTROL_V1,1,388,N_GE_100,0.5798969072164949,0.5302359964697958,0.6279912055424459
2H,VALIDATION,OB,CAUSAL_DNO_QUANTILE_80_20_CONTROL_V1,3,388,N_GE_100,0.5360824742268041,0.4863490579708681,0.5851083880991764
2H,VALIDATION,OB,CAUSAL_DNO_QUANTILE_80_20_CONTROL_V1,5,388,N_GE_100,0.5128865979381443,0.4632690643347344,0.5622514521188529
2H,VALIDATION,OB,CAUSAL_DNO_QUANTILE_80_20_CONTROL_V1,10,388,N_GE_100,0.4793814432989691,0.43011780720909604,0.5290493664651642
2H,VALIDATION,OB,PROJECT_DYNAMIC_EXTREMA_V1,1,244,N_GE_100,0.48360655737704916,0.42164366298272593,0.5460776557950742
2H,VALIDATION,OB,PROJECT_DYNAMIC_EXTREMA_V1,3,244,N_GE_100,0.4959016393442623,0.4337172784108756,0.5582130512835745
2H,VALIDATION,OB,PROJECT_DYNAMIC_EXTREMA_V1,5,244,N_GE_100,0.48770491803278687,0.42566408087997964,0.5501269082033704
2H,VALIDATION,OB,PROJECT_DYNAMIC_EXTREMA_V1,10,244,N_GE_100,0.430327868852459,0.369755708640759,0.4930598961648911
2H,VALIDATION,OS,CAUSAL_DNO_QUANTILE_80_20_CONTROL_V1,1,393,N_GE_100,0.5852417302798982,0.5359351074858899,0.6328979987207174
2H,VALIDATION,OS,CAUSAL_DNO_QUANTILE_80_20_CONTROL_V1,3,393,N_GE_100,0.5826972010178118,0.5333729790759091,0.6304203329155756
2H,VALIDATION,OS,CAUSAL_DNO_QUANTILE_80_20_CONTROL_V1,5,393,N_GE_100,0.5241730279898219,0.4748013860307125,0.5730766590129523
2H,VALIDATION,OS,CAUSAL_DNO_QUANTILE_80_20_CONTROL_V1,10,393,N_GE_100,0.5343511450381679,0.48493911590171196,0.5830981060024432
2H,VALIDATION,OS,PROJECT_DYNAMIC_EXTREMA_V1,1,244,N_GE_100,0.5409836065573771,0.47830462350081776,0.6023920795546823
2H,VALIDATION,OS,PROJECT_DYNAMIC_EXTREMA_V1,3,244,N_GE_100,0.5409836065573771,0.47830462350081776,0.6023920795546823
2H,VALIDATION,OS,PROJECT_DYNAMIC_EXTREMA_V1,5,244,N_GE_100,0.5286885245901639,0.4660948617733403,0.5903928303655096
2H,VALIDATION,OS,PROJECT_DYNAMIC_EXTREMA_V1,10,244,N_GE_100,0.48360655737704916,0.42164366298272593,0.5460776557950742
30m,DISCOVERY,OB,CAUSAL_DNO_QUANTILE_80_20_CONTROL_V1,1,4770,N_GE_100,0.5587002096436059,0.5445671961212153,0.5727387488435276
30m,DISCOVERY,OB,CAUSAL_DNO_QUANTILE_80_20_CONTROL_V1,3,4770,N_GE_100,0.5448637316561845,0.5307010123272425,0.5589542456100968
30m,DISCOVERY,OB,CAUSAL_DNO_QUANTILE_80_20_CONTROL_V1,5,4770,N_GE_100,0.5358490566037736,0.5216728996310679,0.5499675167581143
30m,DISCOVERY,OB,CAUSAL_DNO_QUANTILE_80_20_CONTROL_V1,10,4770,N_GE_100,0.5148846960167714,0.5006952164694848,0.5290502195751464
30m,DISCOVERY,OB,PROJECT_DYNAMIC_EXTREMA_V1,1,3054,N_GE_100,0.5412573673870335,0.5235436560684005,0.5588674145377422
30m,DISCOVERY,OB,PROJECT_DYNAMIC_EXTREMA_V1,3,3054,N_GE_100,0.5232481990831697,0.5055158966088666,0.5409220876215788
30m,DISCOVERY,OB,PROJECT_DYNAMIC_EXTREMA_V1,5,3054,N_GE_100,0.5248853962017027,0.5071538297996033,0.5425544350104511
30m,DISCOVERY,OB,PROJECT_DYNAMIC_EXTREMA_V1,10,3054,N_GE_100,0.5111329404060249,0.49340110330150844,0.5288368046398315
30m,DISCOVERY,OS,CAUSAL_DNO_QUANTILE_80_20_CONTROL_V1,1,5186,N_GE_100,0.5815657539529503,0.5680840204613311,0.5949267350114371
30m,DISCOVERY,OS,CAUSAL_DNO_QUANTILE_80_20_CONTROL_V1,3,5186,N_GE_100,0.5761666023910529,0.5626654189811381,0.5895550264366952
30m,DISCOVERY,OS,CAUSAL_DNO_QUANTILE_80_20_CONTROL_V1,5,5186,N_GE_100,0.5780948708060162,0.5646004448829353,0.5914736826973747
30m,DISCOVERY,OS,CAUSAL_DNO_QUANTILE_80_20_CONTROL_V1,10,5186,N_GE_100,0.562475896644813,0.5489327358297456,0.5759265662345026
30m,DISCOVERY,OS,PROJECT_DYNAMIC_EXTREMA_V1,1,3032,N_GE_100,0.5686015831134564,0.5508964292354811,0.586133118024165
30m,DISCOVERY,OS,PROJECT_DYNAMIC_EXTREMA_V1,3,3032,N_GE_100,0.5587071240105541,0.5409693693452753,0.5762963009057682
30m,DISCOVERY,OS,PROJECT_DYNAMIC_EXTREMA_V1,5,3032,N_GE_100,0.5692612137203166,0.5515584870769242,0.5867886519832953
30m,DISCOVERY,OS,PROJECT_DYNAMIC_EXTREMA_V1,10,3032,N_GE_100,0.5616754617414248,0.5439467391557313,0.5792480941978928
30m,VALIDATION,OB,CAUSAL_DNO_QUANTILE_80_20_CONTROL_V1,1,1617,N_GE_100,0.5578231292517006,0.5335070424180849,0.5818651197969026
30m,VALIDATION,OB,CAUSAL_DNO_QUANTILE_80_20_CONTROL_V1,3,1617,N_GE_100,0.5448361162646876,0.5204857081892178,0.5689739897849704
30m,VALIDATION,OB,CAUSAL_DNO_QUANTILE_80_20_CONTROL_V1,5,1617,N_GE_100,0.525664811379097,0.5012940211630359,0.549913943884258
30m,VALIDATION,OB,CAUSAL_DNO_QUANTILE_80_20_CONTROL_V1,10,1617,N_GE_100,0.5120593692022264,0.4876958775681138,0.5363656963697714
30m,VALIDATION,OB,PROJECT_DYNAMIC_EXTREMA_V1,1,972,N_GE_100,0.5627572016460906,0.5313856759504294,0.5936346142278126
30m,VALIDATION,OB,PROJECT_DYNAMIC_EXTREMA_V1,3,972,N_GE_100,0.551440329218107,0.5200320521710226,0.5824435955160613
30m,VALIDATION,OB,PROJECT_DYNAMIC_EXTREMA_V1,5,972,N_GE_100,0.5349794238683128,0.5035467000318422,0.5661367403953746
30m,VALIDATION,OB,PROJECT_DYNAMIC_EXTREMA_V1,10,972,N_GE_100,0.5216049382716049,0.49017748971942804,0.5528622823091471
30m,VALIDATION,OS,CAUSAL_DNO_QUANTILE_80_20_CONTROL_V1,1,1634,N_GE_100,0.6034271725826194,0.5794917591691493,0.6268774037584501
30m,VALIDATION,OS,CAUSAL_DNO_QUANTILE_80_20_CONTROL_V1,3,1634,N_GE_100,0.5813953488372093,0.5573113731281537,0.6050974947379452
30m,VALIDATION,OS,CAUSAL_DNO_QUANTILE_80_20_CONTROL_V1,5,1633,N_GE_100,0.580526638089406,0.5564303974913843,0.6042448932636894
30m,VALIDATION,OS,CAUSAL_DNO_QUANTILE_80_20_CONTROL_V1,10,1632,N_GE_100,0.5680147058823529,0.5438495592910223,0.5918604018690313
30m,VALIDATION,OS,PROJECT_DYNAMIC_EXTREMA_V1,1,982,N_GE_100,0.6018329938900203,0.5708757237420929,0.6319966241077035
30m,VALIDATION,OS,PROJECT_DYNAMIC_EXTREMA_V1,3,982,N_GE_100,0.5743380855397149,0.5431818752941545,0.604914938636197
30m,VALIDATION,OS,PROJECT_DYNAMIC_EXTREMA_V1,5,982,N_GE_100,0.5743380855397149,0.5431818752941545,0.604914938636197
30m,VALIDATION,OS,PROJECT_DYNAMIC_EXTREMA_V1,10,982,N_GE_100,0.554989816700611,0.5237520660180865,0.5857990018208035
4H,DISCOVERY,OB,CAUSAL_DNO_QUANTILE_80_20_CONTROL_V1,1,619,N_GE_100,0.5266558966074314,0.487279121075168,0.5657038524449053
4H,DISCOVERY,OB,CAUSAL_DNO_QUANTILE_80_20_CONTROL_V1,3,619,N_GE_100,0.4717285945072698,0.4326975392459733,0.5111083979297065
4H,DISCOVERY,OB,CAUSAL_DNO_QUANTILE_80_20_CONTROL_V1,5,619,N_GE_100,0.45718901453957994,0.4183285159423903,0.4965776174950678
4H,DISCOVERY,OB,CAUSAL_DNO_QUANTILE_80_20_CONTROL_V1,10,619,N_GE_100,0.4781906300484653,0.43909442652337477,0.5175558678692925
4H,DISCOVERY,OB,PROJECT_DYNAMIC_EXTREMA_V1,1,411,N_GE_100,0.5182481751824818,0.4699954566228479,0.5661629228646481
4H,DISCOVERY,OB,PROJECT_DYNAMIC_EXTREMA_V1,3,411,N_GE_100,0.4720194647201946,0.4242377848863867,0.5203193665661197
4H,DISCOVERY,OB,PROJECT_DYNAMIC_EXTREMA_V1,5,411,N_GE_100,0.45498783454987834,0.40748273082305997,0.5033265997744502
4H,DISCOVERY,OB,PROJECT_DYNAMIC_EXTREMA_V1,10,411,N_GE_100,0.4720194647201946,0.4242377848863867,0.5203193665661197
4H,DISCOVERY,OS,CAUSAL_DNO_QUANTILE_80_20_CONTROL_V1,1,585,N_GE_100,0.576068376068376,0.5356535048084717,0.6154907078286788
4H,DISCOVERY,OS,CAUSAL_DNO_QUANTILE_80_20_CONTROL_V1,3,585,N_GE_100,0.5743589743589743,0.5339343851944047,0.6138133282823603
4H,DISCOVERY,OS,CAUSAL_DNO_QUANTILE_80_20_CONTROL_V1,5,585,N_GE_100,0.5777777777777777,0.5373731100334809,0.617167601764055
4H,DISCOVERY,OS,CAUSAL_DNO_QUANTILE_80_20_CONTROL_V1,10,585,N_GE_100,0.558974358974359,0.5184840418941625,0.5986951791391342
4H,DISCOVERY,OS,PROJECT_DYNAMIC_EXTREMA_V1,1,336,N_GE_100,0.5535714285714286,0.5001080467118834,0.6058236579411079
4H,DISCOVERY,OS,PROJECT_DYNAMIC_EXTREMA_V1,3,336,N_GE_100,0.5714285714285714,0.5179998432211432,0.6232424296495118
4H,DISCOVERY,OS,PROJECT_DYNAMIC_EXTREMA_V1,5,336,N_GE_100,0.5773809523809523,0.523979087195548,0.6290333750809948
4H,DISCOVERY,OS,PROJECT_DYNAMIC_EXTREMA_V1,10,336,N_GE_100,0.5863095238095238,0.5329624455786134,0.6377053008067616
4H,VALIDATION,OB,CAUSAL_DNO_QUANTILE_80_20_CONTROL_V1,1,194,N_GE_100,0.5721649484536082,0.5018055076371037,0.6397218556676814
4H,VALIDATION,OB,CAUSAL_DNO_QUANTILE_80_20_CONTROL_V1,3,193,N_GE_100,0.48704663212435234,0.41747222270788775,0.557126642572622
4H,VALIDATION,OB,CAUSAL_DNO_QUANTILE_80_20_CONTROL_V1,5,193,N_GE_100,0.47668393782383417,0.4073632863045734,0.5469146712003441
4H,VALIDATION,OB,CAUSAL_DNO_QUANTILE_80_20_CONTROL_V1,10,193,N_GE_100,0.48186528497409326,0.41241407003029484,0.5520243413624187
4H,VALIDATION,OB,PROJECT_DYNAMIC_EXTREMA_V1,1,107,N_GE_100,0.4953271028037383,0.402409058672728,0.5885690578467014
4H,VALIDATION,OB,PROJECT_DYNAMIC_EXTREMA_V1,3,107,N_GE_100,0.42990654205607476,0.34013913708365806,0.5245326107077849
4H,VALIDATION,OB,PROJECT_DYNAMIC_EXTREMA_V1,5,107,N_GE_100,0.38317757009345793,0.29662839013259595,0.4778245228531422
4H,VALIDATION,OB,PROJECT_DYNAMIC_EXTREMA_V1,10,107,N_GE_100,0.411214953271028,0.3226357894349217,0.5059484244342394
4H,VALIDATION,OS,CAUSAL_DNO_QUANTILE_80_20_CONTROL_V1,1,182,N_GE_100,0.5824175824175825,0.5097890727788562,0.6516387237962918
4H,VALIDATION,OS,CAUSAL_DNO_QUANTILE_80_20_CONTROL_V1,3,182,N_GE_100,0.4835164835164835,0.41200778456514325,0.5557066561198272
4H,VALIDATION,OS,CAUSAL_DNO_QUANTILE_80_20_CONTROL_V1,5,182,N_GE_100,0.4835164835164835,0.41200778456514325,0.5557066561198272
4H,VALIDATION,OS,CAUSAL_DNO_QUANTILE_80_20_CONTROL_V1,10,182,N_GE_100,0.554945054945055,0.48234790627024565,0.625270624779853
4H,VALIDATION,OS,PROJECT_DYNAMIC_EXTREMA_V1,1,114,N_GE_100,0.5614035087719298,0.4697858335407131,0.6490177129148679
4H,VALIDATION,OS,PROJECT_DYNAMIC_EXTREMA_V1,3,114,N_GE_100,0.43859649122807015,0.35098228708513207,0.5302141664592868
4H,VALIDATION,OS,PROJECT_DYNAMIC_EXTREMA_V1,5,114,N_GE_100,0.5175438596491229,0.4267487861701612,0.6071950842457191
4H,VALIDATION,OS,PROJECT_DYNAMIC_EXTREMA_V1,10,114,N_GE_100,0.5614035087719298,0.4697858335407131,0.6490177129148679
5m,DISCOVERY,OB,CAUSAL_DNO_QUANTILE_80_20_CONTROL_V1,1,30944,N_GE_100,0.5429808686659773,0.5374254367704583,0.5485256300076526
5m,DISCOVERY,OB,CAUSAL_DNO_QUANTILE_80_20_CONTROL_V1,3,30944,N_GE_100,0.5356127197518097,0.5300517312021622,0.5411648669854154
5m,DISCOVERY,OB,CAUSAL_DNO_QUANTILE_80_20_CONTROL_V1,5,30944,N_GE_100,0.5406217683557394,0.5350644244568283,0.5461690273778224
5m,DISCOVERY,OB,CAUSAL_DNO_QUANTILE_80_20_CONTROL_V1,10,30944,N_GE_100,0.5252068252326784,0.5196400645902033,0.5307673279563581
5m,DISCOVERY,OB,PROJECT_DYNAMIC_EXTREMA_V1,1,19542,N_GE_100,0.5361784873605567,0.5291800556929572,0.5431626977651492
5m,DISCOVERY,OB,PROJECT_DYNAMIC_EXTREMA_V1,3,19542,N_GE_100,0.52630232320131,0.5192971660201658,0.5332971413029836
5m,DISCOVERY,OB,PROJECT_DYNAMIC_EXTREMA_V1,5,19542,N_GE_100,0.5315218503735544,0.5245199049035515,0.538511405040145
5m,DISCOVERY,OB,PROJECT_DYNAMIC_EXTREMA_V1,10,19542,N_GE_100,0.5168355337222392,0.5098265075149135,0.5238379421141062
5m,DISCOVERY,OS,CAUSAL_DNO_QUANTILE_80_20_CONTROL_V1,1,32455,N_GE_100,0.5524572484979202,0.5470415484246208,0.5578605316298936
5m,DISCOVERY,OS,CAUSAL_DNO_QUANTILE_80_20_CONTROL_V1,3,32455,N_GE_100,0.5555076259436142,0.5500951683282853,0.560906944575214
5m,DISCOVERY,OS,CAUSAL_DNO_QUANTILE_80_20_CONTROL_V1,5,32455,N_GE_100,0.5589893698967802,0.5535808653346381,0.5643839113257834
5m,DISCOVERY,OS,CAUSAL_DNO_QUANTILE_80_20_CONTROL_V1,10,32455,N_GE_100,0.5472500385148668,0.5418292786898607,0.5526596139759824
5m,DISCOVERY,OS,PROJECT_DYNAMIC_EXTREMA_V1,1,19368,N_GE_100,0.546416769929781,0.5393968632786079,0.5534182669049881
5m,DISCOVERY,OS,PROJECT_DYNAMIC_EXTREMA_V1,3,19368,N_GE_100,0.5438868236266006,0.5368641888532866,0.5508920521434393
5m,DISCOVERY,OS,PROJECT_DYNAMIC_EXTREMA_V1,5,19368,N_GE_100,0.5499277158199092,0.5429118977079781,0.5569237317553561
5m,DISCOVERY,OS,PROJECT_DYNAMIC_EXTREMA_V1,10,19368,N_GE_100,0.5384138785625775,0.5313859656909765,0.5454265558402753
5m,VALIDATION,OB,CAUSAL_DNO_QUANTILE_80_20_CONTROL_V1,1,10376,N_GE_100,0.5542598303777949,0.5446775171713003,0.5638019802422247
5m,VALIDATION,OB,CAUSAL_DNO_QUANTILE_80_20_CONTROL_V1,3,10376,N_GE_100,0.5517540478026214,0.5421675243845175,0.5613022626688803
5m,VALIDATION,OB,CAUSAL_DNO_QUANTILE_80_20_CONTROL_V1,5,10376,N_GE_100,0.5479953739398612,0.5384029952741908,0.5575522262390161
5m,VALIDATION,OB,CAUSAL_DNO_QUANTILE_80_20_CONTROL_V1,10,10376,N_GE_100,0.5323824209714726,0.5227716058496791,0.5419692664965808
5m,VALIDATION,OB,PROJECT_DYNAMIC_EXTREMA_V1,1,6275,N_GE_100,0.5555378486055776,0.5432127281613045,0.5677950093168952
5m,VALIDATION,OB,PROJECT_DYNAMIC_EXTREMA_V1,3,6275,N_GE_100,0.538804780876494,0.5264506937514509,0.5511113839413514
5m,VALIDATION,OB,PROJECT_DYNAMIC_EXTREMA_V1,5,6275,N_GE_100,0.5376892430278885,0.5253337228126331,0.5499986442278095
5m,VALIDATION,OB,PROJECT_DYNAMIC_EXTREMA_V1,10,6275,N_GE_100,0.5300398406374502,0.5176761635678041,0.5423667589993141
5m,VALIDATION,OS,CAUSAL_DNO_QUANTILE_80_20_CONTROL_V1,1,10445,N_GE_100,0.5665868836764002,0.5570605622521262,0.5760642427023291
5m,VALIDATION,OS,CAUSAL_DNO_QUANTILE_80_20_CONTROL_V1,3,10445,N_GE_100,0.5623743417903303,0.5528390686388203,0.5718637500927797
5m,VALIDATION,OS,CAUSAL_DNO_QUANTILE_80_20_CONTROL_V1,5,10445,N_GE_100,0.5590234561991383,0.5494815598132934,0.5685219516955804
5m,VALIDATION,OS,CAUSAL_DNO_QUANTILE_80_20_CONTROL_V1,10,10443,N_GE_100,0.5482141147179929,0.538652927346601,0.557739842694059
5m,VALIDATION,OS,PROJECT_DYNAMIC_EXTREMA_V1,1,6383,N_GE_100,0.5602381325395582,0.5480285520530613,0.572375248160177
5m,VALIDATION,OS,PROJECT_DYNAMIC_EXTREMA_V1,3,6383,N_GE_100,0.5564781450728498,0.5442599956479607,0.568628352796441
5m,VALIDATION,OS,PROJECT_DYNAMIC_EXTREMA_V1,5,6383,N_GE_100,0.545668181106063,0.5334293254679466,0.5578520991410495
5m,VALIDATION,OS,PROJECT_DYNAMIC_EXTREMA_V1,10,6382,N_GE_100,0.5394860545283611,0.5272370061143533,0.551687594834095
6H,DISCOVERY,OB,CAUSAL_DNO_QUANTILE_80_20_CONTROL_V1,1,435,N_GE_100,0.47586206896551725,0.42934615001383525,0.5228005926833019
6H,DISCOVERY,OB,CAUSAL_DNO_QUANTILE_80_20_CONTROL_V1,3,435,N_GE_100,0.432183908045977,0.3864247704436947,0.4791303638006431
6H,DISCOVERY,OB,CAUSAL_DNO_QUANTILE_80_20_CONTROL_V1,5,435,N_GE_100,0.48735632183908045,0.44070054396689196,0.5342334641125609
6H,DISCOVERY,OB,CAUSAL_DNO_QUANTILE_80_20_CONTROL_V1,10,435,N_GE_100,0.4804597701149425,0.4338849605828411,0.5273766882672223
6H,DISCOVERY,OB,PROJECT_DYNAMIC_EXTREMA_V1,1,263,N_GE_100,0.45627376425855515,0.3971369827610321,0.5166695601468202
6H,DISCOVERY,OB,PROJECT_DYNAMIC_EXTREMA_V1,3,263,N_GE_100,0.41064638783269963,0.35289167905374813,0.4709738651492546
6H,DISCOVERY,OB,PROJECT_DYNAMIC_EXTREMA_V1,5,263,N_GE_100,0.5019011406844106,0.44188137395507837,0.5618661676576235
6H,DISCOVERY,OB,PROJECT_DYNAMIC_EXTREMA_V1,10,263,N_GE_100,0.4866920152091255,0.426911727564888,0.5468554811461974
6H,DISCOVERY,OS,CAUSAL_DNO_QUANTILE_80_20_CONTROL_V1,1,384,N_GE_100,0.578125,0.5281941553185936,0.6265081767674952
6H,DISCOVERY,OS,CAUSAL_DNO_QUANTILE_80_20_CONTROL_V1,3,384,N_GE_100,0.5598958333333334,0.5098952122729176,0.608709908993084
6H,DISCOVERY,OS,CAUSAL_DNO_QUANTILE_80_20_CONTROL_V1,5,384,N_GE_100,0.5677083333333334,0.517729367234272,0.6163459872403383
6H,DISCOVERY,OS,CAUSAL_DNO_QUANTILE_80_20_CONTROL_V1,10,384,N_GE_100,0.5755208333333334,0.5255758868295022,0.6239697008537171
6H,DISCOVERY,OS,PROJECT_DYNAMIC_EXTREMA_V1,1,247,N_GE_100,0.582995951417004,0.5206934715973667,0.6427562911214167
6H,DISCOVERY,OS,PROJECT_DYNAMIC_EXTREMA_V1,3,247,N_GE_100,0.5668016194331984,0.5044481802967467,0.6271089457939816
6H,DISCOVERY,OS,PROJECT_DYNAMIC_EXTREMA_V1,5,247,N_GE_100,0.5506072874493927,0.48826854675278236,0.6113959427098905
6H,DISCOVERY,OS,PROJECT_DYNAMIC_EXTREMA_V1,10,247,N_GE_100,0.582995951417004,0.5206934715973667,0.6427562911214167
6H,VALIDATION,OB,CAUSAL_DNO_QUANTILE_80_20_CONTROL_V1,1,125,N_GE_100,0.48,0.3943261533805731,0.5668665048912894
6H,VALIDATION,OB,CAUSAL_DNO_QUANTILE_80_20_CONTROL_V1,3,125,N_GE_100,0.448,0.36366742825085785,0.5354334832559847
6H,VALIDATION,OB,CAUSAL_DNO_QUANTILE_80_20_CONTROL_V1,5,125,N_GE_100,0.52,0.4331334951087107,0.6056738466194269
6H,VALIDATION,OB,CAUSAL_DNO_QUANTILE_80_20_CONTROL_V1,10,125,N_GE_100,0.44,0.3560569897020464,0.5275209851135412
6H,VALIDATION,OB,PROJECT_DYNAMIC_EXTREMA_V1,1,87,N_30_99,0.5057471264367817,0.4026891499485618,0.6083190225186779
6H,VALIDATION,OB,PROJECT_DYNAMIC_EXTREMA_V1,3,87,N_30_99,0.42528735632183906,0.3267307291558499,0.5301630287700343
6H,VALIDATION,OB,PROJECT_DYNAMIC_EXTREMA_V1,5,87,N_30_99,0.45977011494252873,0.3589691971689781,0.5639735955603442
6H,VALIDATION,OB,PROJECT_DYNAMIC_EXTREMA_V1,10,87,N_30_99,0.39080459770114945,0.2949766847095907,0.49586803841285554
6H,VALIDATION,OS,CAUSAL_DNO_QUANTILE_80_20_CONTROL_V1,1,123,N_GE_100,0.5772357723577236,0.48889394915995515,0.6608991786466951
6H,VALIDATION,OS,CAUSAL_DNO_QUANTILE_80_20_CONTROL_V1,3,123,N_GE_100,0.5121951219512195,0.4248356555093271,0.5988158909864598
6H,VALIDATION,OS,CAUSAL_DNO_QUANTILE_80_20_CONTROL_V1,5,123,N_GE_100,0.5528455284552846,0.4647023677965987,0.6377876670184777
6H,VALIDATION,OS,CAUSAL_DNO_QUANTILE_80_20_CONTROL_V1,10,123,N_GE_100,0.5365853658536586,0.44868827716312104,0.6222663623242396
6H,VALIDATION,OS,PROJECT_DYNAMIC_EXTREMA_V1,1,89,N_30_99,0.5842696629213483,0.4804691516664702,0.6810963534519249
6H,VALIDATION,OS,PROJECT_DYNAMIC_EXTREMA_V1,3,89,N_30_99,0.48314606741573035,0.3821909362267175,0.5854959627496036
6H,VALIDATION,OS,PROJECT_DYNAMIC_EXTREMA_V1,5,89,N_30_99,0.6067415730337079,0.5028634843406101,0.7017861554760239
6H,VALIDATION,OS,PROJECT_DYNAMIC_EXTREMA_V1,10,89,N_30_99,0.5280898876404494,0.4253736442483641,0.6284815241244343
8H,DISCOVERY,OB,CAUSAL_DNO_QUANTILE_80_20_CONTROL_V1,1,340,N_GE_100,0.47058823529411764,0.41815710493609826,0.5236765766195948
8H,DISCOVERY,OB,CAUSAL_DNO_QUANTILE_80_20_CONTROL_V1,3,340,N_GE_100,0.4441176470588235,0.39221918096295794,0.49726481399285893
8H,DISCOVERY,OB,CAUSAL_DNO_QUANTILE_80_20_CONTROL_V1,5,340,N_GE_100,0.43823529411764706,0.38647538235245554,0.4913753489144999
8H,DISCOVERY,OB,CAUSAL_DNO_QUANTILE_80_20_CONTROL_V1,10,340,N_GE_100,0.45588235294117646,0.4037288593990767,0.5090216629344628
8H,DISCOVERY,OB,PROJECT_DYNAMIC_EXTREMA_V1,1,206,N_GE_100,0.44660194174757284,0.3803073658493984,0.5148516493315761
8H,DISCOVERY,OB,PROJECT_DYNAMIC_EXTREMA_V1,3,206,N_GE_100,0.4174757281553398,0.3522452824206981,0.48572774104080796
8H,DISCOVERY,OB,PROJECT_DYNAMIC_EXTREMA_V1,5,206,N_GE_100,0.3737864077669903,0.31059515501858037,0.4415988808637231
8H,DISCOVERY,OB,PROJECT_DYNAMIC_EXTREMA_V1,10,206,N_GE_100,0.4320388349514563,0.36624736283574294,0.5003186564854973
8H,DISCOVERY,OS,CAUSAL_DNO_QUANTILE_80_20_CONTROL_V1,1,298,N_GE_100,0.5738255033557047,0.5170887939596462,0.6286830280821134
8H,DISCOVERY,OS,CAUSAL_DNO_QUANTILE_80_20_CONTROL_V1,3,298,N_GE_100,0.610738255033557,0.554304195081096,0.6643535379815436
8H,DISCOVERY,OS,CAUSAL_DNO_QUANTILE_80_20_CONTROL_V1,5,298,N_GE_100,0.5939597315436241,0.537348454742512,0.6481793187651821
8H,DISCOVERY,OS,CAUSAL_DNO_QUANTILE_80_20_CONTROL_V1,10,298,N_GE_100,0.5973154362416108,0.5407342684486484,0.651419496970035
8H,DISCOVERY,OS,PROJECT_DYNAMIC_EXTREMA_V1,1,174,N_GE_100,0.5057471264367817,0.4321409207992579,0.5791050419001331
8H,DISCOVERY,OS,PROJECT_DYNAMIC_EXTREMA_V1,3,174,N_GE_100,0.5862068965517241,0.5119344547532682,0.6567549857375955
8H,DISCOVERY,OS,PROJECT_DYNAMIC_EXTREMA_V1,5,174,N_GE_100,0.5344827586206896,0.46042226268372766,0.6070535135126177
8H,DISCOVERY,OS,PROJECT_DYNAMIC_EXTREMA_V1,10,174,N_GE_100,0.5747126436781609,0.5004190615012116,0.6457784535908702
8H,VALIDATION,OB,CAUSAL_DNO_QUANTILE_80_20_CONTROL_V1,1,93,N_30_99,0.5053763440860215,0.4055833309701149,0.6047428098619243
8H,VALIDATION,OB,CAUSAL_DNO_QUANTILE_80_20_CONTROL_V1,3,93,N_30_99,0.5591397849462365,0.4578797367909649,0.6557078123614655
8H,VALIDATION,OB,CAUSAL_DNO_QUANTILE_80_20_CONTROL_V1,5,93,N_30_99,0.4946236559139785,0.39525719013807575,0.5944166690298852
8H,VALIDATION,OB,CAUSAL_DNO_QUANTILE_80_20_CONTROL_V1,10,92,N_30_99,0.391304347826087,0.2978546577810812,0.4934676907606794
8H,VALIDATION,OB,PROJECT_DYNAMIC_EXTREMA_V1,1,65,N_30_99,0.4153846153846154,0.3036005547380231,0.5366123397908664
8H,VALIDATION,OB,PROJECT_DYNAMIC_EXTREMA_V1,3,65,N_30_99,0.47692307692307695,0.36021590253064156,0.5962057959772373
8H,VALIDATION,OB,PROJECT_DYNAMIC_EXTREMA_V1,5,65,N_30_99,0.4,0.28971847853161004,0.5214422150025321
8H,VALIDATION,OB,PROJECT_DYNAMIC_EXTREMA_V1,10,65,N_30_99,0.36923076923076925,0.26229222189067253,0.49076406965397484
8H,VALIDATION,OS,CAUSAL_DNO_QUANTILE_80_20_CONTROL_V1,1,89,N_30_99,0.48314606741573035,0.3821909362267175,0.5854959627496036
8H,VALIDATION,OS,CAUSAL_DNO_QUANTILE_80_20_CONTROL_V1,3,89,N_30_99,0.5842696629213483,0.4804691516664702,0.6810963534519249
8H,VALIDATION,OS,CAUSAL_DNO_QUANTILE_80_20_CONTROL_V1,5,89,N_30_99,0.4943820224719101,0.39291271906748554,0.5963162472579548
8H,VALIDATION,OS,CAUSAL_DNO_QUANTILE_80_20_CONTROL_V1,10,89,N_30_99,0.4943820224719101,0.39291271906748554,0.5963162472579548
8H,VALIDATION,OS,PROJECT_DYNAMIC_EXTREMA_V1,1,63,N_30_99,0.5555555555555556,0.4331942064087128,0.6715309946636732
8H,VALIDATION,OS,PROJECT_DYNAMIC_EXTREMA_V1,3,63,N_30_99,0.5873015873015873,0.4641509535181111,0.7004172195956385
8H,VALIDATION,OS,PROJECT_DYNAMIC_EXTREMA_V1,5,63,N_30_99,0.5396825396825397,0.41789036921596123,0.656913345835743
8H,VALIDATION,OS,PROJECT_DYNAMIC_EXTREMA_V1,10,63,N_30_99,0.5079365079365079,0.38762677115387556,0.6273339718564653
