timeframe,split,direction,horizon,event_semantics,dynamic_event_count,dynamic_reversal_rate,dynamic_absolute_lift,dynamic_minus_quantile_lift,dynamic_minus_quantile_reversal_rate,vs_quantile_class,dynamic_minus_atr_lift,dynamic_minus_atr_reversal_rate,vs_atr_class
12H,DISCOVERY,OB,1,FORECAST_REALIZATION,226,0.4557522123893805,-0.01957015310639537,0.0050479870372678315,0.0050479870372678315,SIMILAR,0.009598366235534339,0.009598366235534339,SIMILAR
12H,DISCOVERY,OB,3,FORECAST_REALIZATION,226,0.4646017699115044,-0.006693290168602373,-0.009576633844364135,-0.009576633844364135,SIMILAR,0.026140231449965967,0.026140231449965967,BETTER
12H,DISCOVERY,OB,5,FORECAST_REALIZATION,226,0.49557522123893805,0.040341368232256536,-0.025551539324442207,-0.025551539324442207,WORSE,0.08019060585432264,0.08019060585432264,BETTER
12H,DISCOVERY,OB,10,FORECAST_REALIZATION,225,0.44,-0.0037499999999999756,-0.00811320754716982,-0.00811320754716982,SIMILAR,-0.009612403100775213,-0.009612403100775213,SIMILAR
12H,DISCOVERY,OS,1,FORECAST_REALIZATION,158,0.5379746835443038,0.013297049040079667,-0.0043138736696265445,-0.0043138736696265445,SIMILAR,-0.04097268487674888,-0.04097268487674888,WORSE
12H,DISCOVERY,OS,3,FORECAST_REALIZATION,158,0.5189873417721519,-0.009272560319525947,-0.023301215441778433,-0.023301215441778433,WORSE,-0.06747882364138191,-0.06747882364138191,WORSE
12H,DISCOVERY,OS,5,FORECAST_REALIZATION,158,0.5443037974683544,-1.6915226523028792e-05,-0.04276087914856097,-0.04276087914856097,WORSE,-0.012087179975254547,-0.012087179975254547,WORSE
12H,DISCOVERY,OS,10,FORECAST_REALIZATION,158,0.5822784810126582,0.026474909584086825,0.0399899237987279,0.0399899237987279,BETTER,-0.008630609896432717,-0.008630609896432717,SIMILAR
12H,VALIDATION,OB,1,FORECAST_REALIZATION,58,0.46551724137931033,-0.055177017632705716,-0.012743628185907074,-0.012743628185907074,WORSE,0.20551724137931032,0.20551724137931032,BETTER
12H,VALIDATION,OB,3,FORECAST_REALIZATION,58,0.5172413793103449,0.013894659096154727,0.05347326336831587,0.05347326336831587,BETTER,0.09724137931034488,0.09724137931034488,BETTER
12H,VALIDATION,OB,5,FORECAST_REALIZATION,58,0.4482758620689655,-0.042999305716269365,0.05697151424287855,0.05697151424287855,BETTER,0.1082758620689655,0.1082758620689655,BETTER
12H,VALIDATION,OB,10,FORECAST_REALIZATION,57,0.5789473684210527,0.11543385490753916,0.049535603715170295,0.049535603715170295,BETTER,0.1707841031149302,0.1707841031149302,BETTER
12H,VALIDATION,OS,1,FORECAST_REALIZATION,54,0.6296296296296297,0.1503238886416457,0.09932659932659937,0.09932659932659937,BETTER,0.18226120857699807,0.18226120857699807,BETTER
12H,VALIDATION,OS,3,FORECAST_REALIZATION,54,0.5925925925925926,0.09593931280678264,0.047138047138047146,0.047138047138047146,BETTER,0.013645224171539905,0.013645224171539905,BETTER
12H,VALIDATION,OS,5,FORECAST_REALIZATION,54,0.5370370370370371,0.028312204822272036,-0.08417508417508412,-0.08417508417508412,WORSE,-0.06822612085769975,-0.06822612085769975,WORSE
12H,VALIDATION,OS,10,FORECAST_REALIZATION,54,0.5555555555555556,0.019069069069069133,-0.005050505050504972,-0.005050505050504972,SIMILAR,-0.07602339181286544,-0.07602339181286544,WORSE
15m,DISCOVERY,OB,1,FORECAST_REALIZATION,9214,0.5418927718688952,0.04711203723621149,-0.0002480367165428321,-0.0002480367165428321,SIMILAR,0.029858966981884283,0.029858966981884283,BETTER
15m,DISCOVERY,OB,3,FORECAST_REALIZATION,9214,0.54699370523117,0.055108549962143205,0.005222958631114438,0.005222958631114438,SIMILAR,0.04488089979299248,0.04488089979299248,BETTER
15m,DISCOVERY,OB,5,FORECAST_REALIZATION,9214,0.5408074668981984,0.049831418320665455,0.007825692450978416,0.007825692450978416,SIMILAR,0.040348161368159774,0.040348161368159774,BETTER
15m,DISCOVERY,OB,10,FORECAST_REALIZATION,9213,0.5274069249972865,0.04033436453023059,0.006585159311556343,0.006585159311556343,SIMILAR,0.02134297791900641,0.02134297791900641,BETTER
15m,DISCOVERY,OS,1,FORECAST_REALIZATION,9140,0.5591903719912472,0.05785041696875848,0.005330326844520394,0.005330326844520394,SIMILAR,-0.007960096500393421,-0.007960096500393421,SIMILAR
15m,DISCOVERY,OS,3,FORECAST_REALIZATION,9140,0.563457330415755,0.057919370558936034,0.005263199490247117,0.005263199490247117,SIMILAR,0.0038394726167471083,0.0038394726167471083,SIMILAR
15m,DISCOVERY,OS,5,FORECAST_REALIZATION,9140,0.5599562363238512,0.05260963412736708,0.0031165072042123043,0.0031165072042123043,SIMILAR,-0.0053570100476351135,-0.0053570100476351135,SIMILAR
15m,DISCOVERY,OS,10,FORECAST_REALIZATION,9140,0.5614879649890591,0.0501723555392366,0.009524082370548914,0.009524082370548914,SIMILAR,-0.0019880592622729676,-0.0019880592622729676,SIMILAR
15m,VALIDATION,OB,1,FORECAST_REALIZATION,2952,0.5609756097560976,0.0647028015674016,-0.014990055479953912,-0.014990055479953912,WORSE,0.0038405632826148395,0.0038405632826148395,SIMILAR
15m,VALIDATION,OB,3,FORECAST_REALIZATION,2952,0.5538617886178862,0.056559980551126765,-0.0006446491503542262,-0.0006446491503542262,SIMILAR,0.01859661639262644,0.01859661639262644,BETTER
15m,VALIDATION,OB,5,FORECAST_REALIZATION,2952,0.551490514905149,0.05463394430316837,-0.00044081556695396706,-0.00044081556695396706,SIMILAR,0.004196911843366569,0.004196911843366569,SIMILAR
15m,VALIDATION,OB,10,FORECAST_REALIZATION,2952,0.5220189701897019,0.02206070293321244,-0.017322946834618547,-0.017322946834618547,WORSE,-0.023634392303463758,-0.023634392303463758,WORSE
15m,VALIDATION,OS,1,FORECAST_REALIZATION,2823,0.5614594403117251,0.059456770084755806,-0.010695318231059403,-0.010695318231059403,WORSE,-0.003144251327797165,-0.003144251327797165,SIMILAR
15m,VALIDATION,OS,3,FORECAST_REALIZATION,2823,0.5681898689337584,0.06674341552624796,-0.005094514008913142,-0.005094514008913142,SIMILAR,0.011729499769806195,0.011729499769806195,BETTER
15m,VALIDATION,OS,5,FORECAST_REALIZATION,2823,0.5501239815798795,0.047592547285899345,-0.0028271621648253698,-0.0028271621648253698,SIMILAR,-0.004707723088958726,-0.004707723088958726,SIMILAR
15m,VALIDATION,OS,10,FORECAST_REALIZATION,2823,0.5363088912504428,0.036601020455016675,-0.008195205952156837,-0.008195205952156837,SIMILAR,0.001564048688010633,0.001564048688010633,SIMILAR
1D,DISCOVERY,OB,1,FORECAST_REALIZATION,122,0.5081967213114754,0.04378390992357506,0.012470225584979677,0.012470225584979677,BETTER,0.019307832422586546,0.019307832422586546,BETTER
1D,DISCOVERY,OB,3,FORECAST_REALIZATION,122,0.5081967213114754,0.05543379796031678,0.08084629396104809,0.08084629396104809,BETTER,0.07486338797814207,0.07486338797814207,BETTER
1D,DISCOVERY,OB,5,FORECAST_REALIZATION,122,0.47540983606557374,0.02987412177985943,0.08224744290318059,0.08224744290318059,BETTER,-0.04681238615664851,-0.04681238615664851,WORSE
1D,DISCOVERY,OB,10,FORECAST_REALIZATION,122,0.4180327868852459,-0.007976181724619558,0.016323385175844196,0.016323385175844196,BETTER,0.006921675774134828,0.006921675774134828,SIMILAR
1D,DISCOVERY,OS,1,FORECAST_REALIZATION,82,0.6219512195121951,0.08636403090009548,0.05052264808362372,0.05052264808362372,BETTER,0.05298570227081578,0.05298570227081578,BETTER
1D,DISCOVERY,OS,3,FORECAST_REALIZATION,82,0.6585365853658537,0.11129950871701233,-0.0047287207565952505,-0.0047287207565952505,SIMILAR,0.10681244743481921,0.10681244743481921,BETTER
1D,DISCOVERY,OS,5,FORECAST_REALIZATION,82,0.6707317073170732,0.11716027874564461,0.03807864609258338,0.03807864609258338,BETTER,0.1362489486963836,0.1362489486963836,BETTER
1D,DISCOVERY,OS,10,FORECAST_REALIZATION,82,0.6707317073170732,0.09674067592693869,-0.0027376804380288,-0.0027376804380288,SIMILAR,0.1707317073170732,0.1707317073170732,BETTER
1D,VALIDATION,OB,1,FORECAST_REALIZATION,25,0.56,0.043957219251337,,,INSUFFICIENT,,,INSUFFICIENT
1D,VALIDATION,OB,3,FORECAST_REALIZATION,25,0.44,-0.030430107526881744,,,INSUFFICIENT,,,INSUFFICIENT
1D,VALIDATION,OB,5,FORECAST_REALIZATION,25,0.56,0.08972972972972976,,,INSUFFICIENT,,,INSUFFICIENT
1D,VALIDATION,OB,10,FORECAST_REALIZATION,25,0.56,0.11616438356164388,,,INSUFFICIENT,,,INSUFFICIENT
1D,VALIDATION,OS,1,FORECAST_REALIZATION,29,0.5172413793103449,0.03328416005900797,,,INSUFFICIENT,,,INSUFFICIENT
1D,VALIDATION,OS,3,FORECAST_REALIZATION,29,0.4827586206896552,-0.04681127178346306,,,INSUFFICIENT,,,INSUFFICIENT
1D,VALIDATION,OS,5,FORECAST_REALIZATION,29,0.4827586206896552,-0.046971109040074566,,,INSUFFICIENT,,,INSUFFICIENT
1D,VALIDATION,OS,10,FORECAST_REALIZATION,28,0.5,-0.05616438356164388,,,INSUFFICIENT,,,INSUFFICIENT
1H,DISCOVERY,OB,1,FORECAST_REALIZATION,2145,0.5286713286713287,0.03742171246009135,-0.016089811433046997,-0.016089811433046997,WORSE,0.02463611223699269,0.02463611223699269,BETTER
1H,DISCOVERY,OB,3,FORECAST_REALIZATION,2145,0.531934731934732,0.04840053373100123,-0.0068047301286964235,-0.0068047301286964235,SIMILAR,0.023497461208393022,0.023497461208393022,BETTER
1H,DISCOVERY,OB,5,FORECAST_REALIZATION,2145,0.5272727272727272,0.046196418352106916,-0.007452282763402818,-0.007452282763402818,SIMILAR,0.031307943707063246,0.031307943707063246,BETTER
1H,DISCOVERY,OB,10,FORECAST_REALIZATION,2145,0.49696969696969695,0.017490294351353186,0.012826782477525112,0.012826782477525112,BETTER,0.04355810489339468,0.04355810489339468,BETTER
1H,DISCOVERY,OS,1,FORECAST_REALIZATION,2047,0.5593551538837322,0.05294588154722624,-0.005554366179210346,-0.005554366179210346,SIMILAR,0.004823663868371297,0.004823663868371297,SIMILAR
1H,DISCOVERY,OS,3,FORECAST_REALIZATION,2047,0.5666829506595017,0.05136860353430017,-0.0013736976489169272,-0.0013736976489169272,SIMILAR,0.002166821627243576,0.002166821627243576,SIMILAR
1H,DISCOVERY,OS,5,FORECAST_REALIZATION,2046,0.5679374389051809,0.04985821274212243,0.009102334615531116,0.009102334615531116,SIMILAR,0.003421309872922773,0.003421309872922773,SIMILAR
1H,DISCOVERY,OS,10,FORECAST_REALIZATION,2046,0.5434995112414467,0.02393871729204755,0.0021609285642812948,0.0021609285642812948,SIMILAR,0.003560955173858349,0.003560955173858349,SIMILAR
1H,VALIDATION,OB,1,FORECAST_REALIZATION,661,0.5537065052950075,0.05001853032853454,-0.03645742913122196,-0.03645742913122196,WORSE,-0.003371120275768691,-0.003371120275768691,SIMILAR
1H,VALIDATION,OB,3,FORECAST_REALIZATION,661,0.5431164901664145,0.047252416837552436,0.00969908789655316,0.00969908789655316,SIMILAR,0.004303704778286677,0.004303704778286677,SIMILAR
1H,VALIDATION,OB,5,FORECAST_REALIZATION,661,0.5143721633888049,0.015266617771631352,-0.00517386435394418,-0.00517386435394418,SIMILAR,-0.010741991862336708,-0.010741991862336708,WORSE
1H,VALIDATION,OB,10,FORECAST_REALIZATION,660,0.5212121212121212,0.009186167526026634,0.0003524499099720746,0.0003524499099720746,SIMILAR,0.012079701120797037,0.012079701120797037,BETTER
1H,VALIDATION,OS,1,FORECAST_REALIZATION,692,0.5505780346820809,0.054936550551548946,-0.016659129132099992,-0.016659129132099992,WORSE,0.00035969407072722337,0.00035969407072722337,SIMILAR
1H,VALIDATION,OS,3,FORECAST_REALIZATION,692,0.5635838150289018,0.0598950155654544,0.009116250769415801,0.009116250769415801,SIMILAR,0.0046318499633996035,0.0046318499633996035,SIMILAR
1H,VALIDATION,OS,5,FORECAST_REALIZATION,692,0.5635838150289018,0.06347200823104848,0.0017723095209458695,0.0017723095209458695,SIMILAR,-0.0041017744907488884,-0.0041017744907488884,SIMILAR
1H,VALIDATION,OS,10,FORECAST_REALIZATION,692,0.5303468208092486,0.04259651316857288,-0.0045369001209839555,-0.0045369001209839555,SIMILAR,-0.015504707575030974,-0.015504707575030974,WORSE
2H,DISCOVERY,OB,1,FORECAST_REALIZATION,1082,0.5582255083179297,0.07107380553155201,0.01499549200471606,0.01499549200471606,BETTER,0.06306644884351753,0.06306644884351753,BETTER
2H,DISCOVERY,OB,3,FORECAST_REALIZATION,1082,0.5175600739371534,0.03954490130981175,0.006140824344983753,0.006140824344983753,SIMILAR,0.04176477656509259,0.04176477656509259,BETTER
2H,DISCOVERY,OB,5,FORECAST_REALIZATION,1082,0.4879852125693161,0.010128290921747163,0.0018514442169506595,0.0018514442169506595,SIMILAR,0.035703054892967545,0.035703054892967545,BETTER
2H,DISCOVERY,OB,10,FORECAST_REALIZATION,1082,0.46210720887245843,-0.011442477441537369,-0.01217850541325588,-0.01217850541325588,WORSE,0.00982505119610988,0.00982505119610988,SIMILAR
2H,DISCOVERY,OS,1,FORECAST_REALIZATION,1047,0.5549188156638013,0.04338630792386322,-0.014395826080746965,-0.014395826080746965,WORSE,0.002096818558157354,0.002096818558157354,SIMILAR
2H,DISCOVERY,OS,3,FORECAST_REALIZATION,1046,0.5468451242829828,0.025711821914195077,0.014134843909151096,0.014134843909151096,BETTER,0.0012590171918106519,0.0012590171918106519,SIMILAR
2H,DISCOVERY,OS,5,FORECAST_REALIZATION,1046,0.5458891013384322,0.024675103196592607,-0.007849216418577165,-0.007849216418577165,SIMILAR,0.007538884261731771,0.007538884261731771,SIMILAR
2H,DISCOVERY,OS,10,FORECAST_REALIZATION,1046,0.5468451242829828,0.020859530603174914,0.002452600918496861,0.002452600918496861,SIMILAR,-0.003082516816872438,-0.003082516816872438,SIMILAR
2H,VALIDATION,OB,1,FORECAST_REALIZATION,343,0.5131195335276968,0.021786200194363448,-0.02277790236973909,-0.02277790236973909,WORSE,-0.041047133138969905,-0.041047133138969905,WORSE
2H,VALIDATION,OB,3,FORECAST_REALIZATION,343,0.5160349854227405,0.013589454075475071,-0.012170142782387705,-0.012170142782387705,WORSE,0.007701652089407207,0.007701652089407207,SIMILAR
2H,VALIDATION,OB,5,FORECAST_REALIZATION,343,0.49271137026239065,-0.018854466036541728,-0.011144670868714734,-0.011144670868714734,WORSE,0.030211370262390624,0.030211370262390624,BETTER
2H,VALIDATION,OB,10,FORECAST_REALIZATION,343,0.46355685131195334,-0.038558490482747176,-0.01459224894511607,-0.01459224894511607,WORSE,0.05522351797862002,0.05522351797862002,BETTER
2H,VALIDATION,OS,1,FORECAST_REALIZATION,356,0.5646067415730337,0.05682896379525593,-0.04578286881657667,-0.04578286881657667,WORSE,-0.04120238705767165,-0.04120238705767165,WORSE
2H,VALIDATION,OS,3,FORECAST_REALIZATION,356,0.5393258426966292,0.041993695075464244,-0.011323507952721412,-0.011323507952721412,WORSE,-0.004242622033661214,-0.004242622033661214,SIMILAR
2H,VALIDATION,OS,5,FORECAST_REALIZATION,356,0.5140449438202247,0.02583320004798273,-0.005435575660294734,-0.005435575660294734,SIMILAR,-0.000477877756538736,-0.000477877756538736,SIMILAR
2H,VALIDATION,OS,10,FORECAST_REALIZATION,356,0.5028089887640449,0.005592333230756086,0.006705092660148793,0.006705092660148793,SIMILAR,-0.007564455219357558,-0.007564455219357558,SIMILAR
30m,DISCOVERY,OB,1,FORECAST_REALIZATION,4504,0.5575044404973357,0.06369501570101038,0.0023102564529507985,0.0023102564529507985,SIMILAR,0.043971155932595374,0.043971155932595374,BETTER
30m,DISCOVERY,OB,3,FORECAST_REALIZATION,4503,0.5369753497668222,0.046096160337510794,-0.007887860487625908,-0.007887860487625908,SIMILAR,0.030572129861955677,0.030572129861955677,BETTER
30m,DISCOVERY,OB,5,FORECAST_REALIZATION,4503,0.528758605374195,0.04162274269248073,-0.01046833683782189,-0.01046833683782189,WORSE,0.019794097507381925,0.019794097507381925,BETTER
30m,DISCOVERY,OB,10,FORECAST_REALIZATION,4503,0.5178769709082833,0.03780361665260218,-0.008338107545601048,-0.008338107545601048,SIMILAR,0.012205547563973074,0.012205547563973074,BETTER
30m,DISCOVERY,OS,1,FORECAST_REALIZATION,4306,0.5647933116581514,0.0613057967724171,-0.0030145188695580583,-0.0030145188695580583,SIMILAR,0.0027385685010460348,0.0027385685010460348,SIMILAR
30m,DISCOVERY,OS,3,FORECAST_REALIZATION,4306,0.5559684161634928,0.04864341285542684,-0.008056550736450507,-0.008056550736450507,SIMILAR,0.002162641885277594,0.002162641885277594,SIMILAR
30m,DISCOVERY,OS,5,FORECAST_REALIZATION,4306,0.5631676730143985,0.0518914674150488,-0.0038835847877577434,-0.0038835847877577434,SIMILAR,0.006362273689314191,0.006362273689314191,SIMILAR
30m,DISCOVERY,OS,10,FORECAST_REALIZATION,4305,0.5572590011614402,0.03812639632913406,0.0033429966211451223,0.0033429966211451223,SIMILAR,-0.005756752777044349,-0.005756752777044349,SIMILAR
30m,VALIDATION,OB,1,FORECAST_REALIZATION,1400,0.5614285714285714,0.06727685036362763,-0.011122819139747886,-0.011122819139747886,WORSE,0.01120026092628823,0.01120026092628823,BETTER
30m,VALIDATION,OB,3,FORECAST_REALIZATION,1400,0.55,0.05278520499108741,-0.017110036275695295,-0.017110036275695295,WORSE,0.0031963470319634757,0.0031963470319634757,SIMILAR
30m,VALIDATION,OB,5,FORECAST_REALIZATION,1400,0.5328571428571428,0.03218861918026261,-0.008859906719640764,-0.008859906719640764,SIMILAR,-0.007097195042400584,-0.007097195042400584,SIMILAR
30m,VALIDATION,OB,10,FORECAST_REALIZATION,1400,0.5257142857142857,0.025686422799824804,-0.016607358783900517,-0.016607358783900517,WORSE,0.0017416829745596774,0.0017416829745596774,SIMILAR
30m,VALIDATION,OS,1,FORECAST_REALIZATION,1351,0.6032568467801629,0.09885671310521582,0.023303196722225472,0.023303196722225472,BETTER,0.030235665063328976,0.030235665063328976,BETTER
30m,VALIDATION,OS,3,FORECAST_REALIZATION,1351,0.5677276091783864,0.06549944518551654,0.0010995674634385333,0.0010995674634385333,SIMILAR,-0.0008342637313125678,-0.0008342637313125678,SIMILAR
30m,VALIDATION,OS,5,FORECAST_REALIZATION,1350,0.5718518518518518,0.07285463736717218,-0.0020611916264090535,-0.0020611916264090535,SIMILAR,0.031160658986745915,0.031160658986745915,BETTER
30m,VALIDATION,OS,10,FORECAST_REALIZATION,1350,0.5711111111111111,0.07169623231478905,0.006398400722254505,0.006398400722254505,SIMILAR,0.03822370865849123,0.03822370865849123,BETTER
4H,DISCOVERY,OB,1,FORECAST_REALIZATION,605,0.5289256198347108,0.04647081199633918,0.011096162470369708,0.011096162470369708,BETTER,0.02395049545660133,0.02395049545660133,BETTER
4H,DISCOVERY,OB,3,FORECAST_REALIZATION,605,0.46611570247933887,-0.008432238563055916,-0.003651739381126229,-0.003651739381126229,SIMILAR,0.05069281690719957,0.05069281690719957,BETTER
4H,DISCOVERY,OB,5,FORECAST_REALIZATION,605,0.4479338842975207,-0.019766374100412154,0.0014222563905439412,0.0014222563905439412,SIMILAR,0.022560749969162464,0.022560749969162464,BETTER
4H,DISCOVERY,OB,10,FORECAST_REALIZATION,605,0.4628099173553719,0.00023005730061070873,-0.0038567493112947604,-0.0038567493112947604,SIMILAR,0.005098474569302236,0.005098474569302236,SIMILAR
4H,DISCOVERY,OS,1,FORECAST_REALIZATION,494,0.5668016194331984,0.050471678676704435,-0.01852261264871291,-0.01852261264871291,WORSE,-0.010855056316120382,-0.010855056316120382,WORSE
4H,DISCOVERY,OS,3,FORECAST_REALIZATION,494,0.5951417004048583,0.06999354662883639,0.025175830097690977,0.025175830097690977,BETTER,0.08015532438305983,0.08015532438305983,BETTER
4H,DISCOVERY,OS,5,FORECAST_REALIZATION,494,0.5910931174089069,0.058945374590849475,0.026246701026654384,0.026246701026654384,BETTER,0.010711646019261112,0.010711646019261112,BETTER
4H,DISCOVERY,OS,10,FORECAST_REALIZATION,494,0.5991902834008097,0.06192225784559213,0.042876290226748326,0.042876290226748326,BETTER,0.02425840329181783,0.02425840329181783,BETTER
4H,VALIDATION,OB,1,FORECAST_REALIZATION,166,0.5240963855421686,0.023429422447459936,-0.024126964711638443,-0.024126964711638443,WORSE,-0.03145917001338694,-0.03145917001338694,WORSE
4H,VALIDATION,OB,3,FORECAST_REALIZATION,166,0.463855421686747,-0.04838311858917643,-0.010634374231620392,-0.010634374231620392,WORSE,0.04322050105182634,0.04322050105182634,BETTER
4H,VALIDATION,OB,5,FORECAST_REALIZATION,166,0.4759036144578313,-0.03278235436176785,0.016719940988443538,0.016719940988443538,BETTER,0.06320520175941863,0.06320520175941863,BETTER
4H,VALIDATION,OB,10,FORECAST_REALIZATION,166,0.46987951807228917,-0.03101333907056797,0.01579788541922794,0.01579788541922794,BETTER,0.03337158156435266,0.03337158156435266,BETTER
4H,VALIDATION,OS,1,FORECAST_REALIZATION,168,0.5833333333333334,0.08400029642804213,0.01333333333333342,0.01333333333333342,BETTER,-0.01822916666666663,-0.01822916666666663,WORSE
4H,VALIDATION,OS,3,FORECAST_REALIZATION,168,0.4523809523809524,-0.035380507343124146,-0.057619047619047625,-0.057619047619047625,WORSE,-0.07105654761904762,-0.07105654761904762,WORSE
4H,VALIDATION,OS,5,FORECAST_REALIZATION,168,0.5238095238095238,0.03294092692756395,0.008809523809523823,0.008809523809523823,SIMILAR,-0.007440476190476164,-0.007440476190476164,SIMILAR
4H,VALIDATION,OS,10,FORECAST_REALIZATION,168,0.5595238095238095,0.060416666666666674,0.024523809523809503,0.024523809523809503,BETTER,0.0004686914135733078,0.0004686914135733078,SIMILAR
5m,DISCOVERY,OB,1,FORECAST_REALIZATION,28829,0.5371674355683513,0.04190389716934673,0.0008633005059583976,0.0008633005059583976,SIMILAR,0.00802368065868908,0.00802368065868908,SIMILAR
5m,DISCOVERY,OB,3,FORECAST_REALIZATION,28829,0.53078497346422,0.036765704804493426,-0.005274483350069192,-0.005274483350069192,SIMILAR,0.01839953224924229,0.01839953224924229,BETTER
5m,DISCOVERY,OB,5,FORECAST_REALIZATION,28829,0.5373755593326165,0.043185670322026415,-0.002721088575384445,-0.002721088575384445,SIMILAR,0.018077313718581456,0.018077313718581456,BETTER
5m,DISCOVERY,OB,10,FORECAST_REALIZATION,28829,0.5238475146553817,0.03188715744824999,-0.0029447535119782042,-0.0029447535119782042,SIMILAR,0.005387184726080796,0.005387184726080796,SIMILAR
5m,DISCOVERY,OS,1,FORECAST_REALIZATION,28807,0.5422640330475231,0.04513569712333132,0.0077400098320621336,0.0077400098320621336,SIMILAR,-0.005690645392819493,-0.005690645392819493,SIMILAR
5m,DISCOVERY,OS,3,FORECAST_REALIZATION,28807,0.5491720762314715,0.047482577806164716,0.00024163494500928362,0.00024163494500928362,SIMILAR,0.007175161501964622,0.007175161501964622,SIMILAR
5m,DISCOVERY,OS,5,FORECAST_REALIZATION,28807,0.5552469885791648,0.052608003587713115,0.00016680667394697313,0.00016680667394697313,SIMILAR,0.007185921501128734,0.007185921501128734,SIMILAR
5m,DISCOVERY,OS,10,FORECAST_REALIZATION,28807,0.5437220120109696,0.038021964226137905,0.001759890118859353,0.001759890118859353,SIMILAR,-0.00407308347283275,-0.00407308347283275,SIMILAR
5m,VALIDATION,OB,1,FORECAST_REALIZATION,9214,0.5566529194703712,0.057843384631894645,0.006299890856472978,0.006299890856472978,SIMILAR,-0.004211048488433011,-0.004211048488433011,SIMILAR
5m,VALIDATION,OB,3,FORECAST_REALIZATION,9214,0.547319296722379,0.04957520051989428,-0.0012685888220282937,-0.0012685888220282937,SIMILAR,-0.00038489438046751534,-0.00038489438046751534,SIMILAR
5m,VALIDATION,OB,5,FORECAST_REALIZATION,9214,0.5484046016930757,0.05105892782776539,0.003068295487204331,0.003068295487204331,SIMILAR,-0.0013021641487208635,-0.0013021641487208635,SIMILAR
5m,VALIDATION,OB,10,FORECAST_REALIZATION,9214,0.532884740612112,0.03642400607555196,0.0012050676280911388,0.0012050676280911388,SIMILAR,-0.009383890485012869,-0.009383890485012869,SIMILAR
5m,VALIDATION,OS,1,FORECAST_REALIZATION,9251,0.5585342125175656,0.06051214490655593,0.00635869629337682,0.00635869629337682,SIMILAR,-0.01027180078107559,-0.01027180078107559,WORSE
5m,VALIDATION,OS,3,FORECAST_REALIZATION,9251,0.5585342125175656,0.058057091180514164,0.004515038476267663,0.004515038476267663,SIMILAR,0.001870436859861102,0.001870436859861102,SIMILAR
5m,VALIDATION,OS,5,FORECAST_REALIZATION,9251,0.5551832234353042,0.054039037474975515,0.0021780611934163474,0.0021780611934163474,SIMILAR,-0.001046900878081125,-0.001046900878081125,SIMILAR
5m,VALIDATION,OS,10,FORECAST_REALIZATION,9250,0.5458378378378378,0.0432436118436933,6.481303835403907e-05,6.481303835403907e-05,SIMILAR,-0.00815955987793493,-0.00815955987793493,SIMILAR
6H,DISCOVERY,OB,1,FORECAST_REALIZATION,419,0.477326968973747,0.0032162080552418093,-0.027117475470697483,-0.027117475470697483,WORSE,0.05213011858004618,0.05213011858004618,BETTER
6H,DISCOVERY,OB,3,FORECAST_REALIZATION,419,0.4343675417661098,-0.03522705282848476,-0.032299124900556864,-0.032299124900556864,WORSE,0.02491872286847202,0.02491872286847202,BETTER
6H,DISCOVERY,OB,5,FORECAST_REALIZATION,419,0.49403341288782815,0.023325886975254895,-0.010411031556616324,-0.010411031556616324,WORSE,0.029466483753969874,0.029466483753969874,BETTER
6H,DISCOVERY,OB,10,FORECAST_REALIZATION,419,0.477326968973747,0.021202448333097312,0.0062158578626358985,0.0062158578626358985,SIMILAR,0.04031909495799896,0.04031909495799896,BETTER
6H,DISCOVERY,OS,1,FORECAST_REALIZATION,323,0.5851393188854489,0.059250079803954026,0.006191950464396245,0.006191950464396245,SIMILAR,0.08299339613866774,0.08299339613866774,BETTER
6H,DISCOVERY,OS,3,FORECAST_REALIZATION,323,0.5572755417956656,0.027095361615485425,-0.0032507739938080205,-0.0032507739938080205,SIMILAR,0.029378546087511115,0.029378546087511115,BETTER
6H,DISCOVERY,OS,5,FORECAST_REALIZATION,323,0.541795665634675,0.012503191547248216,-0.01609907120743026,-0.01609907120743026,WORSE,-0.016144248528415117,-0.016144248528415117,WORSE
6H,DISCOVERY,OS,10,FORECAST_REALIZATION,323,0.5758513931888545,0.03242707557098845,-0.013622291021671784,-0.013622291021671784,WORSE,0.03507886100001323,0.03507886100001323,BETTER
6H,VALIDATION,OB,1,FORECAST_REALIZATION,128,0.4765625,-0.020104166666666645,0.0007560483870967527,0.0007560483870967527,SIMILAR,0.061928353658536606,0.061928353658536606,BETTER
6H,VALIDATION,OB,3,FORECAST_REALIZATION,128,0.4375,-0.06583778371161553,0.010080645161290314,0.010080645161290314,BETTER,0.08384146341463417,0.08384146341463417,BETTER
6H,VALIDATION,OB,5,FORECAST_REALIZATION,128,0.4765625,-0.021432152406417104,-0.007308467741935498,-0.007308467741935498,SIMILAR,0.03753810975609756,0.03753810975609756,BETTER
6H,VALIDATION,OB,10,FORECAST_REALIZATION,128,0.421875,-0.07041205566733738,-0.005544354838709686,-0.005544354838709686,SIMILAR,0.05602134146341464,0.05602134146341464,BETTER
6H,VALIDATION,OS,1,FORECAST_REALIZATION,114,0.5964912280701754,0.0931578947368421,-0.005134788189987249,-0.005134788189987249,SIMILAR,0.018177975058127238,0.018177975058127238,BETTER
6H,VALIDATION,OS,3,FORECAST_REALIZATION,114,0.5263157894736842,0.029653573185299653,-0.02652973898160038,-0.02652973898160038,WORSE,0.008243500317057673,0.008243500317057673,SIMILAR
6H,VALIDATION,OS,5,FORECAST_REALIZATION,114,0.5614035087719298,0.05939816117834695,-0.007702182284980763,-0.007702182284980763,SIMILAR,-0.02895793701120275,-0.02895793701120275,WORSE
6H,VALIDATION,OS,10,FORECAST_REALIZATION,114,0.5087719298245614,0.0010589854918987562,-0.019683354728284086,-0.019683354728284086,WORSE,-0.06954132318748674,-0.06954132318748674,WORSE
8H,DISCOVERY,OB,1,FORECAST_REALIZATION,288,0.4652777777777778,-0.015160870710663243,-0.006364013266998314,-0.006364013266998314,SIMILAR,0.04667312661498707,0.04667312661498707,BETTER
8H,DISCOVERY,OB,3,FORECAST_REALIZATION,288,0.4305555555555556,-0.031188216686437287,-0.005265339966832483,-0.005265339966832483,SIMILAR,-0.015956072351421158,-0.015956072351421158,WORSE
8H,DISCOVERY,OB,5,FORECAST_REALIZATION,288,0.3993055555555556,-0.058261210023079435,-0.024575041459369784,-0.024575041459369784,WORSE,-0.02860142118863046,-0.02860142118863046,WORSE
8H,DISCOVERY,OB,10,FORECAST_REALIZATION,288,0.4270833333333333,-0.023436726102030736,0.01514303482587065,0.01514303482587065,BETTER,-0.019428294573643423,-0.019428294573643423,WORSE
8H,DISCOVERY,OS,1,FORECAST_REALIZATION,226,0.5176991150442478,-0.0012694682396882095,-0.03599216012353745,-0.03599216012353745,WORSE,-0.0035130061678734226,-0.0035130061678734226,SIMILAR
8H,DISCOVERY,OS,3,FORECAST_REALIZATION,226,0.584070796460177,0.046111128607270735,-0.003177525687473981,-0.003177525687473981,SIMILAR,-0.04623223384285324,-0.04623223384285324,WORSE
8H,DISCOVERY,OS,5,FORECAST_REALIZATION,226,0.5398230088495575,-0.0023134896667630356,-0.0306467898081606,-0.0306467898081606,WORSE,-0.03593456690801833,-0.03593456690801833,WORSE
8H,DISCOVERY,OS,10,FORECAST_REALIZATION,225,0.56,0.010520059435364049,-0.03731543624161071,-0.03731543624161071,WORSE,-0.013170731707316974,-0.013170731707316974,WORSE
8H,VALIDATION,OB,1,FORECAST_REALIZATION,79,0.45569620253164556,-0.030068922023514577,-0.044303797468354444,-0.044303797468354444,WORSE,0.031038668285070237,0.031038668285070237,BETTER
8H,VALIDATION,OB,3,FORECAST_REALIZATION,79,0.4936708860759494,-0.01524176989553011,-0.02716244725738398,-0.02716244725738398,WORSE,0.027917461418415168,0.027917461418415168,BETTER
8H,VALIDATION,OB,5,FORECAST_REALIZATION,79,0.4430379746835443,-0.05874773960217,-0.004878691983122407,-0.004878691983122407,SIMILAR,0.03207907057395526,0.03207907057395526,BETTER
8H,VALIDATION,OB,10,FORECAST_REALIZATION,79,0.4430379746835443,-0.032298348186410863,-0.025712025316455722,-0.025712025316455722,WORSE,0.1374824191279887,0.1374824191279887,BETTER
8H,VALIDATION,OS,1,FORECAST_REALIZATION,85,0.5647058823529412,0.05047100690810136,0.03209718670076722,0.03209718670076722,BETTER,0.12402791625124626,0.12402791625124626,BETTER
8H,VALIDATION,OS,3,FORECAST_REALIZATION,85,0.5647058823529412,0.07450980392156864,-0.04398976982097191,-0.04398976982097191,WORSE,0.022333000997008967,0.022333000997008967,BETTER
8H,VALIDATION,OS,5,FORECAST_REALIZATION,85,0.5411764705882353,0.04296218487394954,-0.04578005115089523,-0.04578005115089523,WORSE,0.10049850448654035,0.10049850448654035,BETTER
8H,VALIDATION,OS,10,FORECAST_REALIZATION,85,0.5058823529411764,-0.018781324188868354,-0.05933503836317133,-0.05933503836317133,WORSE,-0.03649052841475575,-0.03649052841475575,WORSE
