timeframe,split,direction,control_id,event_semantics,event_count,valid_predictor_rows,events_per_1000_valid_bars
12H,DISCOVERY,OB,ATR_1X_PRICE_BAND_CONTROL_V1,FORECAST_REALIZATION,130,2250,57.77777777777778
12H,DISCOVERY,OB,CAUSAL_DNO_QUANTILE_80_20_CONTROL_V1,FORECAST_REALIZATION,213,2250,94.66666666666666
12H,DISCOVERY,OB,PROJECT_DYNAMIC_EXTREMA_V1,FORECAST_REALIZATION,226,2250,100.44444444444444
12H,DISCOVERY,OS,ATR_1X_PRICE_BAND_CONTROL_V1,FORECAST_REALIZATION,133,2250,59.111111111111114
12H,DISCOVERY,OS,CAUSAL_DNO_QUANTILE_80_20_CONTROL_V1,FORECAST_REALIZATION,201,2250,89.33333333333333
12H,DISCOVERY,OS,PROJECT_DYNAMIC_EXTREMA_V1,FORECAST_REALIZATION,158,2250,70.22222222222223
12H,VALIDATION,OB,ATR_1X_PRICE_BAND_CONTROL_V1,FORECAST_REALIZATION,50,750,66.66666666666667
12H,VALIDATION,OB,CAUSAL_DNO_QUANTILE_80_20_CONTROL_V1,FORECAST_REALIZATION,69,750,92.0
12H,VALIDATION,OB,PROJECT_DYNAMIC_EXTREMA_V1,FORECAST_REALIZATION,58,750,77.33333333333334
12H,VALIDATION,OS,ATR_1X_PRICE_BAND_CONTROL_V1,FORECAST_REALIZATION,38,750,50.666666666666664
12H,VALIDATION,OS,CAUSAL_DNO_QUANTILE_80_20_CONTROL_V1,FORECAST_REALIZATION,66,750,88.0
12H,VALIDATION,OS,PROJECT_DYNAMIC_EXTREMA_V1,FORECAST_REALIZATION,54,750,72.0
15m,DISCOVERY,OB,ATR_1X_PRICE_BAND_CONTROL_V1,FORECAST_REALIZATION,5443,106721,51.0021457819923
15m,DISCOVERY,OB,CAUSAL_DNO_QUANTILE_80_20_CONTROL_V1,FORECAST_REALIZATION,10809,106721,101.2827840818583
15m,DISCOVERY,OB,PROJECT_DYNAMIC_EXTREMA_V1,FORECAST_REALIZATION,9214,106721,86.3372719520994
15m,DISCOVERY,OS,ATR_1X_PRICE_BAND_CONTROL_V1,FORECAST_REALIZATION,5443,106721,51.0021457819923
15m,DISCOVERY,OS,CAUSAL_DNO_QUANTILE_80_20_CONTROL_V1,FORECAST_REALIZATION,11075,106721,103.77526447465821
15m,DISCOVERY,OS,PROJECT_DYNAMIC_EXTREMA_V1,FORECAST_REALIZATION,9140,106721,85.6438751510949
15m,VALIDATION,OB,ATR_1X_PRICE_BAND_CONTROL_V1,FORECAST_REALIZATION,1829,35953,50.871971740883936
15m,VALIDATION,OB,CAUSAL_DNO_QUANTILE_80_20_CONTROL_V1,FORECAST_REALIZATION,3495,35953,97.21024671098378
15m,VALIDATION,OB,PROJECT_DYNAMIC_EXTREMA_V1,FORECAST_REALIZATION,2952,35953,82.10719550524296
15m,VALIDATION,OS,ATR_1X_PRICE_BAND_CONTROL_V1,FORECAST_REALIZATION,1842,35953,51.233554918921925
15m,VALIDATION,OS,CAUSAL_DNO_QUANTILE_80_20_CONTROL_V1,FORECAST_REALIZATION,3542,35953,98.51750897004423
15m,VALIDATION,OS,PROJECT_DYNAMIC_EXTREMA_V1,FORECAST_REALIZATION,2823,35953,78.51917781548131
1D,DISCOVERY,OB,ATR_1X_PRICE_BAND_CONTROL_V1,FORECAST_REALIZATION,90,1125,80.0
1D,DISCOVERY,OB,CAUSAL_DNO_QUANTILE_80_20_CONTROL_V1,FORECAST_REALIZATION,117,1125,104.0
1D,DISCOVERY,OB,PROJECT_DYNAMIC_EXTREMA_V1,FORECAST_REALIZATION,122,1125,108.44444444444444
1D,DISCOVERY,OS,ATR_1X_PRICE_BAND_CONTROL_V1,FORECAST_REALIZATION,58,1125,51.55555555555556
1D,DISCOVERY,OS,CAUSAL_DNO_QUANTILE_80_20_CONTROL_V1,FORECAST_REALIZATION,98,1125,87.11111111111111
1D,DISCOVERY,OS,PROJECT_DYNAMIC_EXTREMA_V1,FORECAST_REALIZATION,82,1125,72.88888888888889
1D,VALIDATION,OB,ATR_1X_PRICE_BAND_CONTROL_V1,FORECAST_REALIZATION,25,375,66.66666666666667
1D,VALIDATION,OB,CAUSAL_DNO_QUANTILE_80_20_CONTROL_V1,FORECAST_REALIZATION,28,375,74.66666666666667
1D,VALIDATION,OB,PROJECT_DYNAMIC_EXTREMA_V1,FORECAST_REALIZATION,26,375,69.33333333333333
1D,VALIDATION,OS,ATR_1X_PRICE_BAND_CONTROL_V1,FORECAST_REALIZATION,24,375,64.0
1D,VALIDATION,OS,CAUSAL_DNO_QUANTILE_80_20_CONTROL_V1,FORECAST_REALIZATION,34,375,90.66666666666667
1D,VALIDATION,OS,PROJECT_DYNAMIC_EXTREMA_V1,FORECAST_REALIZATION,29,375,77.33333333333334
1H,DISCOVERY,OB,ATR_1X_PRICE_BAND_CONTROL_V1,FORECAST_REALIZATION,1363,26057,52.30840081360095
1H,DISCOVERY,OB,CAUSAL_DNO_QUANTILE_80_20_CONTROL_V1,FORECAST_REALIZATION,2491,26057,95.59811183175346
1H,DISCOVERY,OB,PROJECT_DYNAMIC_EXTREMA_V1,FORECAST_REALIZATION,2145,26057,82.31953026058257
1H,DISCOVERY,OS,ATR_1X_PRICE_BAND_CONTROL_V1,FORECAST_REALIZATION,1302,26057,49.967379207122846
1H,DISCOVERY,OS,CAUSAL_DNO_QUANTILE_80_20_CONTROL_V1,FORECAST_REALIZATION,2542,26057,97.5553594043827
1H,DISCOVERY,OS,PROJECT_DYNAMIC_EXTREMA_V1,FORECAST_REALIZATION,2047,26057,78.55854472886364
1H,VALIDATION,OB,ATR_1X_PRICE_BAND_CONTROL_V1,FORECAST_REALIZATION,438,8949,48.94401609118337
1H,VALIDATION,OB,CAUSAL_DNO_QUANTILE_80_20_CONTROL_V1,FORECAST_REALIZATION,793,8949,88.61325287741647
1H,VALIDATION,OB,PROJECT_DYNAMIC_EXTREMA_V1,FORECAST_REALIZATION,661,8949,73.86300145267629
1H,VALIDATION,OS,ATR_1X_PRICE_BAND_CONTROL_V1,FORECAST_REALIZATION,458,8949,51.17890267068946
1H,VALIDATION,OS,CAUSAL_DNO_QUANTILE_80_20_CONTROL_V1,FORECAST_REALIZATION,819,8949,91.51860543077439
1H,VALIDATION,OS,PROJECT_DYNAMIC_EXTREMA_V1,FORECAST_REALIZATION,692,8949,77.32707565091073
2H,DISCOVERY,OB,ATR_1X_PRICE_BAND_CONTROL_V1,FORECAST_REALIZATION,723,12921,55.95542140701184
2H,DISCOVERY,OB,CAUSAL_DNO_QUANTILE_80_20_CONTROL_V1,FORECAST_REALIZATION,1226,12921,94.88429688104635
2H,DISCOVERY,OB,PROJECT_DYNAMIC_EXTREMA_V1,FORECAST_REALIZATION,1082,12921,83.73964863400666
2H,DISCOVERY,OS,ATR_1X_PRICE_BAND_CONTROL_V1,FORECAST_REALIZATION,691,12921,53.478832907669684
2H,DISCOVERY,OS,CAUSAL_DNO_QUANTILE_80_20_CONTROL_V1,FORECAST_REALIZATION,1284,12921,99.37311353610401
2H,DISCOVERY,OS,PROJECT_DYNAMIC_EXTREMA_V1,FORECAST_REALIZATION,1047,12921,81.03087996285117
2H,VALIDATION,OB,ATR_1X_PRICE_BAND_CONTROL_V1,FORECAST_REALIZATION,240,4501,53.32148411464119
2H,VALIDATION,OB,CAUSAL_DNO_QUANTILE_80_20_CONTROL_V1,FORECAST_REALIZATION,390,4501,86.64741168629193
2H,VALIDATION,OB,PROJECT_DYNAMIC_EXTREMA_V1,FORECAST_REALIZATION,343,4501,76.20528771384137
2H,VALIDATION,OS,ATR_1X_PRICE_BAND_CONTROL_V1,FORECAST_REALIZATION,241,4501,53.54365696511886
2H,VALIDATION,OS,CAUSAL_DNO_QUANTILE_80_20_CONTROL_V1,FORECAST_REALIZATION,385,4501,85.53654743390356
2H,VALIDATION,OS,PROJECT_DYNAMIC_EXTREMA_V1,FORECAST_REALIZATION,356,4501,79.0935347700511
30m,DISCOVERY,OB,ATR_1X_PRICE_BAND_CONTROL_V1,FORECAST_REALIZATION,2734,52904,51.67851202177529
30m,DISCOVERY,OB,CAUSAL_DNO_QUANTILE_80_20_CONTROL_V1,FORECAST_REALIZATION,5227,52904,98.80160290337214
30m,DISCOVERY,OB,PROJECT_DYNAMIC_EXTREMA_V1,FORECAST_REALIZATION,4504,52904,85.13533948283683
30m,DISCOVERY,OS,ATR_1X_PRICE_BAND_CONTROL_V1,FORECAST_REALIZATION,2667,52904,50.412067140480865
30m,DISCOVERY,OS,CAUSAL_DNO_QUANTILE_80_20_CONTROL_V1,FORECAST_REALIZATION,5287,52904,99.93573264781492
30m,DISCOVERY,OS,PROJECT_DYNAMIC_EXTREMA_V1,FORECAST_REALIZATION,4306,52904,81.39271132617571
30m,VALIDATION,OB,ATR_1X_PRICE_BAND_CONTROL_V1,FORECAST_REALIZATION,876,17955,48.78863826232247
30m,VALIDATION,OB,CAUSAL_DNO_QUANTILE_80_20_CONTROL_V1,FORECAST_REALIZATION,1654,17955,92.11918685602896
30m,VALIDATION,OB,PROJECT_DYNAMIC_EXTREMA_V1,FORECAST_REALIZATION,1400,17955,77.97270955165692
30m,VALIDATION,OS,ATR_1X_PRICE_BAND_CONTROL_V1,FORECAST_REALIZATION,897,17955,49.95822890559732
30m,VALIDATION,OS,CAUSAL_DNO_QUANTILE_80_20_CONTROL_V1,FORECAST_REALIZATION,1727,17955,96.1849067112225
30m,VALIDATION,OS,PROJECT_DYNAMIC_EXTREMA_V1,FORECAST_REALIZATION,1351,17955,75.24366471734893
4H,DISCOVERY,OB,ATR_1X_PRICE_BAND_CONTROL_V1,FORECAST_REALIZATION,402,6584,61.057108140947754
4H,DISCOVERY,OB,CAUSAL_DNO_QUANTILE_80_20_CONTROL_V1,FORECAST_REALIZATION,645,6584,97.96476306196841
4H,DISCOVERY,OB,PROJECT_DYNAMIC_EXTREMA_V1,FORECAST_REALIZATION,605,6584,91.88942891859053
4H,DISCOVERY,OS,ATR_1X_PRICE_BAND_CONTROL_V1,FORECAST_REALIZATION,367,6584,55.74119076549211
4H,DISCOVERY,OS,CAUSAL_DNO_QUANTILE_80_20_CONTROL_V1,FORECAST_REALIZATION,586,6584,89.00364520048602
4H,DISCOVERY,OS,PROJECT_DYNAMIC_EXTREMA_V1,FORECAST_REALIZATION,494,6584,75.03037667071689
4H,VALIDATION,OB,ATR_1X_PRICE_BAND_CONTROL_V1,FORECAST_REALIZATION,126,2250,56.0
4H,VALIDATION,OB,CAUSAL_DNO_QUANTILE_80_20_CONTROL_V1,FORECAST_REALIZATION,197,2250,87.55555555555556
4H,VALIDATION,OB,PROJECT_DYNAMIC_EXTREMA_V1,FORECAST_REALIZATION,166,2250,73.77777777777777
4H,VALIDATION,OS,ATR_1X_PRICE_BAND_CONTROL_V1,FORECAST_REALIZATION,128,2250,56.88888888888889
4H,VALIDATION,OS,CAUSAL_DNO_QUANTILE_80_20_CONTROL_V1,FORECAST_REALIZATION,200,2250,88.88888888888889
4H,VALIDATION,OS,PROJECT_DYNAMIC_EXTREMA_V1,FORECAST_REALIZATION,168,2250,74.66666666666667
5m,DISCOVERY,OB,ATR_1X_PRICE_BAND_CONTROL_V1,FORECAST_REALIZATION,19095,322288,59.24825001241126
5m,DISCOVERY,OB,CAUSAL_DNO_QUANTILE_80_20_CONTROL_V1,FORECAST_REALIZATION,32696,322288,101.44963510897085
5m,DISCOVERY,OB,PROJECT_DYNAMIC_EXTREMA_V1,FORECAST_REALIZATION,28829,322288,89.45104999255324
5m,DISCOVERY,OS,ATR_1X_PRICE_BAND_CONTROL_V1,FORECAST_REALIZATION,18799,322288,58.329816809809856
5m,DISCOVERY,OS,CAUSAL_DNO_QUANTILE_80_20_CONTROL_V1,FORECAST_REALIZATION,33426,322288,103.71468996673782
5m,DISCOVERY,OS,PROJECT_DYNAMIC_EXTREMA_V1,FORECAST_REALIZATION,28807,322288,89.38278806533287
5m,VALIDATION,OB,ATR_1X_PRICE_BAND_CONTROL_V1,FORECAST_REALIZATION,6991,107942,64.76626336365825
5m,VALIDATION,OB,CAUSAL_DNO_QUANTILE_80_20_CONTROL_V1,FORECAST_REALIZATION,10764,107942,99.72022011821163
5m,VALIDATION,OB,PROJECT_DYNAMIC_EXTREMA_V1,FORECAST_REALIZATION,9214,107942,85.3606566489411
5m,VALIDATION,OS,ATR_1X_PRICE_BAND_CONTROL_V1,FORECAST_REALIZATION,6918,107942,64.0899742454281
5m,VALIDATION,OS,CAUSAL_DNO_QUANTILE_80_20_CONTROL_V1,FORECAST_REALIZATION,10848,107942,100.49841581590113
5m,VALIDATION,OS,PROJECT_DYNAMIC_EXTREMA_V1,FORECAST_REALIZATION,9251,107942,85.70343332530433
6H,DISCOVERY,OB,ATR_1X_PRICE_BAND_CONTROL_V1,FORECAST_REALIZATION,254,4443,57.16857978843124
6H,DISCOVERY,OB,CAUSAL_DNO_QUANTILE_80_20_CONTROL_V1,FORECAST_REALIZATION,450,4443,101.28291694800811
6H,DISCOVERY,OB,PROJECT_DYNAMIC_EXTREMA_V1,FORECAST_REALIZATION,419,4443,94.30564933603421
6H,DISCOVERY,OS,ATR_1X_PRICE_BAND_CONTROL_V1,FORECAST_REALIZATION,233,4443,52.44204366419086
6H,DISCOVERY,OS,CAUSAL_DNO_QUANTILE_80_20_CONTROL_V1,FORECAST_REALIZATION,380,4443,85.5277965338735
6H,DISCOVERY,OS,PROJECT_DYNAMIC_EXTREMA_V1,FORECAST_REALIZATION,323,4443,72.69862705379249
6H,VALIDATION,OB,ATR_1X_PRICE_BAND_CONTROL_V1,FORECAST_REALIZATION,82,1501,54.63024650233178
6H,VALIDATION,OB,CAUSAL_DNO_QUANTILE_80_20_CONTROL_V1,FORECAST_REALIZATION,124,1501,82.6115922718188
6H,VALIDATION,OB,PROJECT_DYNAMIC_EXTREMA_V1,FORECAST_REALIZATION,128,1501,85.27648234510326
6H,VALIDATION,OS,ATR_1X_PRICE_BAND_CONTROL_V1,FORECAST_REALIZATION,83,1501,55.2964690206529
6H,VALIDATION,OS,CAUSAL_DNO_QUANTILE_80_20_CONTROL_V1,FORECAST_REALIZATION,123,1501,81.94536975349767
6H,VALIDATION,OS,PROJECT_DYNAMIC_EXTREMA_V1,FORECAST_REALIZATION,114,1501,75.9493670886076
8H,DISCOVERY,OB,ATR_1X_PRICE_BAND_CONTROL_V1,FORECAST_REALIZATION,215,3375,63.70370370370371
8H,DISCOVERY,OB,CAUSAL_DNO_QUANTILE_80_20_CONTROL_V1,FORECAST_REALIZATION,335,3375,99.25925925925925
8H,DISCOVERY,OB,PROJECT_DYNAMIC_EXTREMA_V1,FORECAST_REALIZATION,288,3375,85.33333333333333
8H,DISCOVERY,OS,ATR_1X_PRICE_BAND_CONTROL_V1,FORECAST_REALIZATION,165,3375,48.88888888888889
8H,DISCOVERY,OS,CAUSAL_DNO_QUANTILE_80_20_CONTROL_V1,FORECAST_REALIZATION,298,3375,88.29629629629629
8H,DISCOVERY,OS,PROJECT_DYNAMIC_EXTREMA_V1,FORECAST_REALIZATION,226,3375,66.96296296296296
8H,VALIDATION,OB,ATR_1X_PRICE_BAND_CONTROL_V1,FORECAST_REALIZATION,73,1125,64.88888888888889
8H,VALIDATION,OB,CAUSAL_DNO_QUANTILE_80_20_CONTROL_V1,FORECAST_REALIZATION,96,1125,85.33333333333333
8H,VALIDATION,OB,PROJECT_DYNAMIC_EXTREMA_V1,FORECAST_REALIZATION,79,1125,70.22222222222223
8H,VALIDATION,OS,ATR_1X_PRICE_BAND_CONTROL_V1,FORECAST_REALIZATION,59,1125,52.44444444444444
8H,VALIDATION,OS,CAUSAL_DNO_QUANTILE_80_20_CONTROL_V1,FORECAST_REALIZATION,92,1125,81.77777777777779
8H,VALIDATION,OS,PROJECT_DYNAMIC_EXTREMA_V1,FORECAST_REALIZATION,85,1125,75.55555555555556
