timeframe,split,direction,horizon,sample_count_event,sample_count_base,sample_flag_event,sample_flag_base,reversal_rate_event,reversal_rate_base,absolute_lift,relative_lift,event_wilson_lo,event_wilson_hi
12H,DISCOVERY,OB,1,141,2250,N_GE_100,N_GE_100,0.475177304964539,0.47555555555555556,-0.0003782505910165379,-0.0007953867568104567,0.3945043568293785,0.5571669862101902
12H,DISCOVERY,OB,3,141,2250,N_GE_100,N_GE_100,0.44680851063829785,0.472,-0.025191489361702124,-0.0533717994951316,0.3672400378434736,0.5291985543841736
12H,DISCOVERY,OB,5,141,2250,N_GE_100,N_GE_100,0.49645390070921985,0.45644444444444443,0.04000945626477542,0.08765460233276023,0.41512088716989126,0.5779750189786187
12H,DISCOVERY,OB,10,141,2250,N_GE_100,N_GE_100,0.4326241134751773,0.44622222222222224,-0.013598108747044924,-0.030473849283716214,0.3537049455862771,0.5151172712354095
12H,DISCOVERY,OS,1,115,2250,N_GE_100,N_GE_100,0.5217391304347826,0.5244444444444445,-0.0027053140096618966,-0.005158437730287568,0.4312223611420244,0.6108504483792206
12H,DISCOVERY,OS,3,115,2250,N_GE_100,N_GE_100,0.5565217391304348,0.5275555555555556,0.028966183574879234,0.05490641368448035,0.46535589607313604,0.6440334086821011
12H,DISCOVERY,OS,5,115,2250,N_GE_100,N_GE_100,0.5478260869565217,0.5431111111111111,0.004714975845410585,0.008681420337294465,0.4567826246113187,0.6357775563354204
12H,DISCOVERY,OS,10,115,2250,N_GE_100,N_GE_100,0.5826086956521739,0.5533333333333333,0.029275362318840537,0.05290728129910938,0.4912372597020915,0.6686394164786398
12H,VALIDATION,OB,1,43,749,N_30_99,N_GE_100,0.37209302325581395,0.520694259012016,-0.1486012357562021,-0.2853905784138343,0.2437613889377433,0.5214046173472684
12H,VALIDATION,OB,3,43,747,N_30_99,N_GE_100,0.46511627906976744,0.5033467202141901,-0.0382304411444227,-0.07595249876298871,0.32510826263918563,0.6108461027112722
12H,VALIDATION,OB,5,43,745,N_30_99,N_GE_100,0.3953488372093023,0.4912751677852349,-0.09592633057593258,-0.19525988054390653,0.263651061984564,0.5442120340668091
12H,VALIDATION,OB,10,42,740,N_30_99,N_GE_100,0.5714285714285714,0.4635135135135135,0.1079150579150579,0.23281965847563502,0.42205977911874476,0.7088257048085178
12H,VALIDATION,OS,1,31,749,N_30_99,N_GE_100,0.5483870967741935,0.47930574098798395,0.06908135578620955,0.1441279539940694,0.37771879603669134,0.7083851716341388
12H,VALIDATION,OS,3,31,747,N_30_99,N_GE_100,0.5161290322580645,0.4966532797858099,0.01947575247225458,0.039213981392922204,0.34840118286973176,0.6803001396872117
12H,VALIDATION,OS,5,31,745,N_30_99,N_GE_100,0.4838709677419355,0.508724832214765,-0.024853864472829557,-0.04885522172099743,0.3196998603127883,0.6515988171302683
12H,VALIDATION,OS,10,31,740,N_30_99,N_GE_100,0.5483870967741935,0.5364864864864864,0.011900610287707059,0.02218249776549941,0.37771879603669134,0.7083851716341388
15m,DISCOVERY,OB,1,6271,106721,N_GE_100,N_GE_100,0.5294211449529581,0.4947760984248648,0.034645046528093304,0.07002166563499501,0.5170529893981379,0.5417532759265518
15m,DISCOVERY,OB,3,6271,106721,N_GE_100,N_GE_100,0.5273481103492266,0.49188069826931907,0.0354674120799075,0.07210572036003748,0.5149783091453148,0.5396844252892883
15m,DISCOVERY,OB,5,6271,106721,N_GE_100,N_GE_100,0.5267102535480784,0.49097178624638077,0.03573846730169766,0.07279128516717503,0.5143399889486436,0.5390478129043944
15m,DISCOVERY,OB,10,6271,106721,N_GE_100,N_GE_100,0.5121990113219582,0.48706440157045006,0.025134609751508163,0.05160428409562723,0.49982365682579244,0.5245594287966399
15m,DISCOVERY,OS,1,6329,106721,N_GE_100,N_GE_100,0.5648601674830147,0.5013446275803263,0.06351553990268843,0.12669037705507646,0.5526100281888713,0.5770316164087135
15m,DISCOVERY,OS,3,6329,106721,N_GE_100,N_GE_100,0.5642281561068099,0.5055424892945156,0.05868566681229426,0.11608453899530802,0.5519763750751417,0.5764020135458526
15m,DISCOVERY,OS,5,6329,106721,N_GE_100,N_GE_100,0.5582240480328646,0.5073509431133516,0.050873104919513024,0.10027202198015228,0.5459576746352343,0.5704197822081519
15m,DISCOVERY,OS,10,6329,106721,N_GE_100,N_GE_100,0.5623321219781956,0.5113239193785666,0.051008202599629016,0.09975712198565123,0.5500755366585834,0.57451308403264
15m,VALIDATION,OB,1,2053,35952,N_GE_100,N_GE_100,0.5547978567949342,0.496272808188696,0.058525048606238195,0.11792918660976781,0.5332168792593989,0.5761741404477093
15m,VALIDATION,OB,3,2053,35950,N_GE_100,N_GE_100,0.5528494885533366,0.4973018080667594,0.05554768048657721,0.1116981269433075,0.5312630499406324,0.5742385112880007
15m,VALIDATION,OB,5,2053,35948,N_GE_100,N_GE_100,0.5470043838285436,0.49685657060198063,0.05014781322656292,0.10093016011804967,0.5254035587329371,0.5684296270602711
15m,VALIDATION,OB,10,2053,35943,N_GE_100,N_GE_100,0.5163175840233805,0.49995826725648945,0.016359316766891008,0.03272136463841746,0.4946900447553064,0.5378841700019215
15m,VALIDATION,OS,1,1997,35952,N_GE_100,N_GE_100,0.5473209814722083,0.5020026702269693,0.045318311245238996,0.09027504021990418,0.525419419915657,0.569040831210669
15m,VALIDATION,OS,3,1997,35950,N_GE_100,N_GE_100,0.5533299949924887,0.5014464534075105,0.05188354158497821,0.10346776058023899,0.5314434820565247,0.5750117215937792
15m,VALIDATION,OS,5,1997,35948,N_GE_100,N_GE_100,0.5363044566850276,0.5025314342939802,0.0337730223910474,0.06720579069545374,0.5143836128598446,0.5580858919725221
15m,VALIDATION,OS,10,1997,35943,N_GE_100,N_GE_100,0.5257886830245369,0.4997078707954261,0.02608081222911074,0.0521921181421372,0.5038594165390283,0.547618921376377
1D,DISCOVERY,OB,1,77,1125,N_30_99,N_GE_100,0.5584415584415584,0.4648888888888889,0.0935526695526695,0.20123662188671743,0.4473803679096196,0.6639484528955104
1D,DISCOVERY,OB,3,77,1125,N_30_99,N_GE_100,0.5194805194805194,0.45422222222222225,0.06525829725829718,0.1436704195999694,0.40963811196379796,0.6274714949712452
1D,DISCOVERY,OB,5,77,1125,N_30_99,N_GE_100,0.5324675324675324,0.448,0.08446753246753241,0.18854359925788478,0.4221482516277276,0.6397010932640111
1D,DISCOVERY,OB,10,77,1125,N_30_99,N_GE_100,0.5324675324675324,0.4311111111111111,0.10135642135642131,0.23510510108448246,0.4221482516277276,0.6397010932640111
1D,DISCOVERY,OS,1,66,1125,N_30_99,N_GE_100,0.6212121212121212,0.5351111111111111,0.08610101010101012,0.1609030504379343,0.5005825419249831,0.728507284195839
1D,DISCOVERY,OS,3,66,1125,N_30_99,N_GE_100,0.6060606060606061,0.5457777777777778,0.06028282828282827,0.11045306485045892,0.48548180775863853,0.7149717900970809
1D,DISCOVERY,OS,5,66,1125,N_30_99,N_GE_100,0.6212121212121212,0.5511111111111111,0.07010101010101011,0.12719941348973607,0.5005825419249831,0.728507284195839
1D,DISCOVERY,OS,10,66,1125,N_30_99,N_GE_100,0.6060606060606061,0.5688888888888889,0.03717171717171719,0.06534090909090917,0.48548180775863853,0.7149717900970809
1D,VALIDATION,OB,1,19,374,N_LT_30,N_GE_100,0.5263157894736842,0.516042780748663,0.010273008725021127,0.019907281156258616,0.31707482511825114,0.7267049451255145
1D,VALIDATION,OB,3,19,372,N_LT_30,N_GE_100,0.47368421052631576,0.47043010752688175,0.0032541029994340165,0.006917293233082544,0.27329505487448547,0.6829251748817489
1D,VALIDATION,OB,5,19,370,N_LT_30,N_GE_100,0.5789473684210527,0.4702702702702703,0.10867709815078236,0.2310949788263763,0.36275551465160105,0.7685837960796962
1D,VALIDATION,OB,10,19,365,N_LT_30,N_GE_100,0.631578947368421,0.4438356164383562,0.18774333093006484,0.4230019493177386,0.4103915749815672,0.8085072762372616
1D,VALIDATION,OS,1,19,374,N_LT_30,N_GE_100,0.47368421052631576,0.4839572192513369,-0.010273008725021127,-0.021227100901424878,0.27329505487448547,0.6829251748817489
1D,VALIDATION,OS,3,19,372,N_LT_30,N_GE_100,0.42105263157894735,0.5295698924731183,-0.10851726089417091,-0.20491584290675924,0.2314162039203038,0.6372444853483988
1D,VALIDATION,OS,5,19,370,N_LT_30,N_GE_100,0.42105263157894735,0.5297297297297298,-0.10867709815078241,-0.20515574650913004,0.2314162039203038,0.6372444853483988
1D,VALIDATION,OS,10,18,365,N_LT_30,N_GE_100,0.3888888888888889,0.5561643835616439,-0.167275494672755,-0.3007662835249043,0.20304991926931162,0.6138133141934384
1H,DISCOVERY,OB,1,1497,26057,N_GE_100,N_GE_100,0.5230460921843687,0.4912307633265533,0.031815328857815406,0.06476656437875761,0.49771752339193265,0.5482566820138877
1H,DISCOVERY,OB,3,1497,26057,N_GE_100,N_GE_100,0.5090180360721442,0.48351690524619106,0.025501130825953178,0.05274092911595063,0.4837026617823775,0.5342872446807696
1H,DISCOVERY,OB,5,1497,26057,N_GE_100,N_GE_100,0.5130260521042084,0.48102237402617337,0.032003678078035,0.06653261845215885,0.48770487847713484,0.5382805419696332
1H,DISCOVERY,OB,10,1497,26057,N_GE_100,N_GE_100,0.48964595858383436,0.4796024101009326,0.010043548482901787,0.020941405362804755,0.46438147595148377,0.5149634462574956
1H,DISCOVERY,OS,1,1438,26057,N_GE_100,N_GE_100,0.545201668984701,0.5064282150669686,0.03877345391773246,0.07656258629390389,0.5193778641455474,0.5707846058511569
1H,DISCOVERY,OS,3,1438,26057,N_GE_100,N_GE_100,0.5556328233657858,0.5153317726522624,0.04030105071352341,0.07820408686641933,0.5298356534438231,0.5811335403982743
1H,DISCOVERY,OS,5,1438,26057,N_GE_100,N_GE_100,0.5674547983310153,0.5181333230993591,0.0493214752316562,0.09519070291913678,0.5417016187260464,0.5928485288074969
1H,DISCOVERY,OS,10,1438,26057,N_GE_100,N_GE_100,0.5493741307371349,0.5194381548144452,0.029935975922689706,0.057631453610456296,0.5235596150453031,0.5749255444895583
1H,VALIDATION,OB,1,472,8948,N_GE_100,N_GE_100,0.5402542372881356,0.503687974966473,0.0365662623216626,0.07259705241940018,0.49514820474563825,0.5847103027913237
1H,VALIDATION,OB,3,472,8946,N_GE_100,N_GE_100,0.5254237288135594,0.49586407332886207,0.0295596554846973,0.059612416133025814,0.48035041905858006,0.5700865330700275
1H,VALIDATION,OB,5,472,8944,N_GE_100,N_GE_100,0.5021186440677966,0.4991055456171735,0.0030130984506230862,0.006036996537269967,0.45717623772037635,0.5470268416236742
1H,VALIDATION,OB,10,471,8939,N_GE_100,N_GE_100,0.5116772823779193,0.5120259536860946,-0.0003486713081752857,-0.0006809641301679381,0.46662199416800815,0.5565436256934361
1H,VALIDATION,OS,1,485,8948,N_GE_100,N_GE_100,0.554639175257732,0.49564148413053194,0.05899769112720005,0.11903299666430356,0.5101488352987615,0.5982707427404235
1H,VALIDATION,OS,3,485,8946,N_GE_100,N_GE_100,0.5649484536082474,0.5036887994634474,0.06125965414480006,0.12162202973355107,0.5204863135087697,0.6083897886887518
1H,VALIDATION,OS,5,485,8944,N_GE_100,N_GE_100,0.5567010309278351,0.5001118067978533,0.0565892241299818,0.1131531456781929,0.5122148039903095,0.6002960788805428
1H,VALIDATION,OS,10,485,8939,N_GE_100,N_GE_100,0.5298969072164949,0.4877503076406757,0.04214659957581918,0.08641019578170828,0.4854163321540617,0.573907587905115
2H,DISCOVERY,OB,1,746,12921,N_GE_100,N_GE_100,0.5415549597855228,0.4871913938549648,0.05436356593055802,0.11158564501806834,0.5056769232539583,0.5770072063008703
2H,DISCOVERY,OB,3,746,12921,N_GE_100,N_GE_100,0.4959785522788204,0.4779815803730361,0.017996971905784254,0.03765201975301791,0.46021198678033437,0.5317863232627468
2H,DISCOVERY,OB,5,746,12921,N_GE_100,N_GE_100,0.47989276139410186,0.4779815803730361,0.0019111810210657443,0.003998440734001019,0.44423625707948694,0.5157552931359185
2H,DISCOVERY,OB,10,746,12921,N_GE_100,N_GE_100,0.4544235924932976,0.4739571240616051,-0.019533531568307505,-0.041213710221113864,0.4190169952434093,0.4902971852448432
2H,DISCOVERY,OS,1,737,12921,N_GE_100,N_GE_100,0.5508819538670285,0.5114929185047596,0.0393890353622689,0.07700797789618341,0.5147990053870968,0.5864372102897768
2H,DISCOVERY,OS,3,737,12921,N_GE_100,N_GE_100,0.5644504748982361,0.521167092330315,0.04328338256792108,0.08305087409565015,0.528410030822496,0.5998225090348769
2H,DISCOVERY,OS,5,737,12921,N_GE_100,N_GE_100,0.5468113975576662,0.5210896989397106,0.02572169861795559,0.04936136459863416,0.5107209328145453,0.5824163856081782
2H,DISCOVERY,OS,10,737,12921,N_GE_100,N_GE_100,0.5644504748982361,0.5255785155947682,0.03887195930346787,0.07396032781035311,0.528410030822496,0.5998225090348769
2H,VALIDATION,OB,1,244,4500,N_GE_100,N_GE_100,0.48360655737704916,0.49133333333333334,-0.007726775956284182,-0.01572613830994063,0.42164366298272593,0.5460776557950742
2H,VALIDATION,OB,3,244,4498,N_GE_100,N_GE_100,0.4959016393442623,0.5024455313472654,-0.006543892003003149,-0.013024082402437243,0.4337172784108756,0.5582130512835745
2H,VALIDATION,OB,5,244,4496,N_GE_100,N_GE_100,0.48770491803278687,0.5115658362989324,-0.023860918266145503,-0.046642908054169596,0.42566408087997964,0.5501269082033704
2H,VALIDATION,OB,10,244,4491,N_GE_100,N_GE_100,0.430327868852459,0.5021153417947005,-0.07178747294224153,-0.14297008469339545,0.369755708640759,0.4930598961648911
2H,VALIDATION,OS,1,244,4500,N_GE_100,N_GE_100,0.5409836065573771,0.5077777777777778,0.03320582877959932,0.06539441116332467,0.47830462350081776,0.6023920795546823
2H,VALIDATION,OS,3,244,4498,N_GE_100,N_GE_100,0.5409836065573771,0.49733214762116495,0.04365145893621214,0.08777123929149844,0.47830462350081776,0.6023920795546823
2H,VALIDATION,OS,5,244,4496,N_GE_100,N_GE_100,0.5286885245901639,0.48821174377224197,0.04047678081792194,0.08290824900108285,0.4660948617733403,0.5903928303655096
2H,VALIDATION,OS,10,244,4491,N_GE_100,N_GE_100,0.48360655737704916,0.4972166555332888,-0.013610098156239647,-0.02737257089998757,0.42164366298272593,0.5460776557950742
30m,DISCOVERY,OB,1,3054,52904,N_GE_100,N_GE_100,0.5412573673870335,0.49380009073037956,0.04745727665665389,0.09610625341615431,0.5235436560684005,0.5588674145377422
30m,DISCOVERY,OB,3,3054,52904,N_GE_100,N_GE_100,0.5232481990831697,0.49087025555723574,0.03237794352593393,0.06596028820116318,0.5055158966088666,0.5409220876215788
30m,DISCOVERY,OB,5,3054,52904,N_GE_100,N_GE_100,0.5248853962017027,0.48710872523816723,0.037776670963535486,0.07755285217907959,0.5071538297996033,0.5425544350104511
30m,DISCOVERY,OB,10,3054,52904,N_GE_100,N_GE_100,0.5111329404060249,0.48003931649780734,0.031093623908217516,0.06477307762011097,0.49340110330150844,0.5288368046398315
30m,DISCOVERY,OS,1,3032,52904,N_GE_100,N_GE_100,0.5686015831134564,0.5034969000453652,0.06510468306809125,0.12930503258753978,0.5508964292354811,0.586133118024165
30m,DISCOVERY,OS,3,3032,52904,N_GE_100,N_GE_100,0.5587071240105541,0.5073340390140632,0.05137308499649096,0.10126086768458853,0.5409693693452753,0.5762963009057682
30m,DISCOVERY,OS,5,3032,52904,N_GE_100,N_GE_100,0.5692612137203166,0.5113034931196129,0.0579577206007037,0.11335287433122465,0.5515584870769242,0.5867886519832953
30m,DISCOVERY,OS,10,3032,52904,N_GE_100,N_GE_100,0.5616754617414248,0.5191667926810827,0.04250866906034212,0.08187863642206139,0.5439467391557313,0.5792480941978928
30m,VALIDATION,OB,1,972,17954,N_GE_100,N_GE_100,0.5627572016460906,0.49415172106494376,0.0686054805811468,0.13883485103177517,0.5313856759504294,0.5936346142278126
30m,VALIDATION,OB,3,972,17952,N_GE_100,N_GE_100,0.551440329218107,0.49721479500891264,0.054225534209194404,0.10905856936180358,0.5200320521710226,0.5824435955160613
30m,VALIDATION,OB,5,972,17950,N_GE_100,N_GE_100,0.5349794238683128,0.5006685236768802,0.03431090019143257,0.06853017229734215,0.5035467000318422,0.5661367403953746
30m,VALIDATION,OB,10,972,17945,N_GE_100,N_GE_100,0.5216049382716049,0.5000278629144609,0.021577075357144038,0.043151746047470185,0.49017748971942804,0.5528622823091471
30m,VALIDATION,OS,1,982,17954,N_GE_100,N_GE_100,0.6018329938900203,0.5044001336749471,0.09743286021507325,0.19316580966225994,0.5708757237420929,0.6319966241077035
30m,VALIDATION,OS,3,982,17952,N_GE_100,N_GE_100,0.5743380855397149,0.5022281639928698,0.07210992154684503,0.1435800035058743,0.5431818752941545,0.604914938636197
30m,VALIDATION,OS,5,982,17950,N_GE_100,N_GE_100,0.5743380855397149,0.49899721448467965,0.07534087105503523,0.1509845523543465,0.5431818752941545,0.604914938636197
30m,VALIDATION,OS,10,982,17945,N_GE_100,N_GE_100,0.554989816700611,0.49941487879632207,0.05557493790428891,0.11128010050127934,0.5237520660180865,0.5857990018208035
4H,DISCOVERY,OB,1,411,6584,N_GE_100,N_GE_100,0.5182481751824818,0.48253341433778857,0.035714760844693216,0.07401510399794153,0.4699954566228479,0.5661629228646481
4H,DISCOVERY,OB,3,411,6584,N_GE_100,N_GE_100,0.4720194647201946,0.4746354799513973,-0.002616015231202695,-0.005511630170316306,0.4242377848863867,0.5203193665661197
4H,DISCOVERY,OB,5,411,6584,N_GE_100,N_GE_100,0.45498783454987834,0.4681044957472661,-0.013116661197387747,-0.028020797314601165,0.40748273082305997,0.5033265997744502
4H,DISCOVERY,OB,10,411,6584,N_GE_100,N_GE_100,0.4720194647201946,0.46339611178614826,0.008623352934046369,0.018609031700347778,0.4242377848863867,0.5203193665661197
4H,DISCOVERY,OS,1,336,6584,N_GE_100,N_GE_100,0.5535714285714286,0.5162515188335358,0.03731990973789279,0.07229016937754817,0.5001080467118834,0.6058236579411079
4H,DISCOVERY,OS,3,336,6584,N_GE_100,N_GE_100,0.5714285714285714,0.5250607533414338,0.046367818087137636,0.0883094342741435,0.5179998432211432,0.6232424296495118
4H,DISCOVERY,OS,5,336,6584,N_GE_100,N_GE_100,0.5773809523809523,0.5317436208991495,0.04563733148180282,0.08582581847363313,0.523979087195548,0.6290333750809948
4H,DISCOVERY,OS,10,336,6584,N_GE_100,N_GE_100,0.5863095238095238,0.5364520048602673,0.049857518949256496,0.09293938413417457,0.5329624455786134,0.6377053008067616
4H,VALIDATION,OB,1,107,2249,N_GE_100,N_GE_100,0.4953271028037383,0.5006669630947087,-0.0053398602909703885,-0.01066549360070368,0.402409058672728,0.5885690578467014
4H,VALIDATION,OB,3,107,2247,N_GE_100,N_GE_100,0.42990654205607476,0.5122385402759234,-0.08233199821984866,-0.16072980017376193,0.34013913708365806,0.5245326107077849
4H,VALIDATION,OB,5,107,2245,N_GE_100,N_GE_100,0.38317757009345793,0.5086859688195992,-0.12550839872614122,-0.24673060870419183,0.29662839013259595,0.4778245228531422
4H,VALIDATION,OB,10,107,2240,N_GE_100,N_GE_100,0.411214953271028,0.5008928571428571,-0.08967790387182911,-0.179036100421477,0.3226357894349217,0.5059484244342394
4H,VALIDATION,OS,1,114,2249,N_GE_100,N_GE_100,0.5614035087719298,0.49933303690529124,0.062070471866638555,0.12430675977566352,0.4697858335407131,0.6490177129148679
4H,VALIDATION,OS,3,114,2247,N_GE_100,N_GE_100,0.43859649122807015,0.48776145972407653,-0.04916496849600638,-0.10079715712639259,0.35098228708513207,0.5302141664592868
4H,VALIDATION,OS,5,114,2245,N_GE_100,N_GE_100,0.5175438596491229,0.4908685968819599,0.026675262767162977,0.05434298086413869,0.4267487861701612,0.6071950842457191
4H,VALIDATION,OS,10,114,2240,N_GE_100,N_GE_100,0.5614035087719298,0.49910714285714286,0.06229636591478693,0.12481561685968035,0.4697858335407131,0.6490177129148679
5m,DISCOVERY,OB,1,19542,322288,N_GE_100,N_GE_100,0.5361784873605567,0.4952651045028049,0.04091338285775181,0.08260905621207582,0.5291800556929572,0.5431626977651492
5m,DISCOVERY,OB,3,19542,322288,N_GE_100,N_GE_100,0.52630232320131,0.4940177729235963,0.03228455027771371,0.06535098947281548,0.5192971660201658,0.5332971413029836
5m,DISCOVERY,OB,5,19542,322288,N_GE_100,N_GE_100,0.5315218503735544,0.4941915305565209,0.0373303198170335,0.07553816184383999,0.5245199049035515,0.538511405040145
5m,DISCOVERY,OB,10,19542,322288,N_GE_100,N_GE_100,0.5168355337222392,0.49195750384749043,0.024878029874748797,0.05056946927363293,0.5098265075149135,0.5238379421141062
5m,DISCOVERY,OS,1,19368,322288,N_GE_100,N_GE_100,0.546416769929781,0.49712679342699695,0.049289976502784105,0.09914970819214619,0.5393968632786079,0.5534182669049881
5m,DISCOVERY,OS,3,19368,322288,N_GE_100,N_GE_100,0.5438868236266006,0.5016910341061411,0.04219578952045944,0.08410712301374756,0.5368641888532866,0.5508920521434393
5m,DISCOVERY,OS,5,19368,322288,N_GE_100,N_GE_100,0.5499277158199092,0.5026373926426053,0.04729032317730386,0.09408437149627091,0.5429118977079781,0.5569237317553561
5m,DISCOVERY,OS,10,19368,322288,N_GE_100,N_GE_100,0.5384138785625775,0.505702973737775,0.032710904824802545,0.06468402703473974,0.5313859656909765,0.5454265558402753
5m,VALIDATION,OB,1,6275,107941,N_GE_100,N_GE_100,0.5555378486055776,0.49880953483847656,0.05672831376710108,0.11372740456028119,0.5432127281613045,0.5677950093168952
5m,VALIDATION,OB,3,6275,107939,N_GE_100,N_GE_100,0.538804780876494,0.4977440962024847,0.04106068467400925,0.08249356443859379,0.5264506937514509,0.5511113839413514
5m,VALIDATION,OB,5,6275,107937,N_GE_100,N_GE_100,0.5376892430278885,0.4973456738653103,0.04034356916257814,0.08111776432884765,0.5253337228126331,0.5499986442278095
5m,VALIDATION,OB,10,6275,107932,N_GE_100,N_GE_100,0.5300398406374502,0.49646073453656003,0.03357910610089021,0.06763698267544949,0.5176761635678041,0.5423667589993141
5m,VALIDATION,OS,1,6383,107941,N_GE_100,N_GE_100,0.5602381325395582,0.4980220676110097,0.06221606492854853,0.12492632149213057,0.5480285520530613,0.572375248160177
5m,VALIDATION,OS,3,6383,107939,N_GE_100,N_GE_100,0.5564781450728498,0.5004771213370515,0.056001023735798294,0.11189527222780637,0.5442599956479607,0.568628352796441
5m,VALIDATION,OS,5,6383,107937,N_GE_100,N_GE_100,0.545668181106063,0.5011441859603287,0.04452399514573424,0.08884468061904016,0.5334293254679466,0.5578520991410495
5m,VALIDATION,OS,10,6382,107932,N_GE_100,N_GE_100,0.5394860545283611,0.5025942259941445,0.036891828534216575,0.0734028101123596,0.5272370061143533,0.551687594834095
6H,DISCOVERY,OB,1,263,4443,N_GE_100,N_GE_100,0.45627376425855515,0.47400405131667794,-0.017730287058122796,-0.037405349192421444,0.3971369827610321,0.5166695601468202
6H,DISCOVERY,OB,3,263,4443,N_GE_100,N_GE_100,0.41064638783269963,0.4699527346387576,-0.05930634680605795,-0.1261964074996722,0.35289167905374813,0.4709738651492546
6H,DISCOVERY,OB,5,263,4443,N_GE_100,N_GE_100,0.5019011406844106,0.4710781003826244,0.03082304030178623,0.06543084952739431,0.44188137395507837,0.5618661676576235
6H,DISCOVERY,OB,10,263,4443,N_GE_100,N_GE_100,0.4866920152091255,0.4571235651586766,0.02956845005044889,0.06468371421671315,0.426911727564888,0.5468554811461974
6H,DISCOVERY,OS,1,247,4443,N_GE_100,N_GE_100,0.582995951417004,0.5259959486833221,0.05700000273368189,0.10836585885569039,0.5206934715973667,0.6427562911214167
6H,DISCOVERY,OS,3,247,4443,N_GE_100,N_GE_100,0.5668016194331984,0.5298221922124691,0.03697942722072933,0.0697959197713256,0.5044481802967467,0.6271089457939816
6H,DISCOVERY,OS,5,247,4443,N_GE_100,N_GE_100,0.5506072874493927,0.5289218996173757,0.02168538783201701,0.04099922473942619,0.48826854675278236,0.6113959427098905
6H,DISCOVERY,OS,10,247,4443,N_GE_100,N_GE_100,0.582995951417004,0.5424262885437767,0.040569662873227275,0.07479295109782114,0.5206934715973667,0.6427562911214167
6H,VALIDATION,OB,1,87,1500,N_30_99,N_GE_100,0.5057471264367817,0.49666666666666665,0.009080459770115012,0.018282804906271766,0.4026891499485618,0.6083190225186779
6H,VALIDATION,OB,3,87,1498,N_30_99,N_GE_100,0.42528735632183906,0.5033377837116155,-0.07805042738977647,-0.15506570322265933,0.3267307291558499,0.5301630287700343
6H,VALIDATION,OB,5,87,1496,N_30_99,N_GE_100,0.45977011494252873,0.4979946524064171,-0.038224537463888375,-0.07675692355164698,0.3589691971689781,0.5639735955603442
6H,VALIDATION,OB,10,87,1491,N_30_99,N_GE_100,0.39080459770114945,0.4922870556673374,-0.10148245796618793,-0.20614488396128905,0.2949766847095907,0.49586803841285554
6H,VALIDATION,OS,1,89,1500,N_30_99,N_GE_100,0.5842696629213483,0.5033333333333333,0.080936329588015,0.16080065481062578,0.4804691516664702,0.6810963534519249
6H,VALIDATION,OS,3,89,1498,N_30_99,N_GE_100,0.48314606741573035,0.49666221628838453,-0.013516148872654177,-0.027213966412951596,0.3821909362267175,0.5854959627496036
6H,VALIDATION,OS,5,89,1496,N_30_99,N_GE_100,0.6067415730337079,0.5020053475935828,0.10473622544012506,0.20863567677553552,0.5028634843406101,0.7017861554760239
6H,VALIDATION,OS,10,89,1491,N_30_99,N_GE_100,0.5280898876404494,0.5077129443326627,0.02037694330778672,0.04013477208970939,0.4253736442483641,0.6284815241244343
8H,DISCOVERY,OB,1,206,3375,N_GE_100,N_GE_100,0.44660194174757284,0.48059259259259257,-0.03399065084501973,-0.07072653921204786,0.3803073658493984,0.5148516493315761
8H,DISCOVERY,OB,3,206,3375,N_GE_100,N_GE_100,0.4174757281553398,0.4622222222222222,-0.044746494066882414,-0.09680731889469751,0.3522452824206981,0.48572774104080796
8H,DISCOVERY,OB,5,206,3375,N_GE_100,N_GE_100,0.3737864077669903,0.4583703703703704,-0.08458396260338008,-0.18453191582831785,0.31059515501858037,0.4415988808637231
8H,DISCOVERY,OB,10,206,3375,N_GE_100,N_GE_100,0.4320388349514563,0.45214814814814813,-0.020109313196691847,-0.044475053760704486,0.36624736283574294,0.5003186564854973
8H,DISCOVERY,OS,1,174,3375,N_GE_100,N_GE_100,0.5057471264367817,0.5188148148148148,-0.013067688378033182,-0.025187577541897155,0.4321409207992579,0.5791050419001331
8H,DISCOVERY,OS,3,174,3375,N_GE_100,N_GE_100,0.5862068965517241,0.5374814814814814,0.04872541507024264,0.09065505835836207,0.5119344547532682,0.6567549857375955
8H,DISCOVERY,OS,5,174,3375,N_GE_100,N_GE_100,0.5344827586206896,0.5413333333333333,-0.00685057471264372,-0.012655002547987126,0.46042226268372766,0.6070535135126177
8H,DISCOVERY,OS,10,174,3375,N_GE_100,N_GE_100,0.5747126436781609,0.5478518518518518,0.02686079182630907,0.04902929822271118,0.5004190615012116,0.6457784535908702
8H,VALIDATION,OB,1,65,1124,N_30_99,N_GE_100,0.4153846153846154,0.48576512455516013,-0.07038050917054472,-0.1448858833474217,0.3036005547380231,0.5366123397908664
8H,VALIDATION,OB,3,65,1122,N_30_99,N_GE_100,0.47692307692307695,0.5089126559714795,-0.03198957904840255,-0.06285868247339343,0.36021590253064156,0.5962057959772373
8H,VALIDATION,OB,5,65,1120,N_30_99,N_GE_100,0.4,0.5017857142857143,-0.10178571428571426,-0.20284697508896787,0.28971847853161004,0.5214422150025321
8H,VALIDATION,OB,10,65,1115,N_30_99,N_GE_100,0.36923076923076925,0.47533632286995514,-0.10610555363918589,-0.22322206095790997,0.26229222189067253,0.49076406965397484
8H,VALIDATION,OS,1,63,1124,N_30_99,N_GE_100,0.5555555555555556,0.5142348754448398,0.04132068011071577,0.08035371011149572,0.4331942064087128,0.6715309946636732
8H,VALIDATION,OS,3,63,1122,N_30_99,N_GE_100,0.5873015873015873,0.49019607843137253,0.0971055088702148,0.1980952380952381,0.4641509535181111,0.7004172195956385
8H,VALIDATION,OS,5,63,1120,N_30_99,N_GE_100,0.5396825396825397,0.4982142857142857,0.04146825396825393,0.08323377140581445,0.41789036921596123,0.656913345835743
8H,VALIDATION,OS,10,63,1115,N_30_99,N_GE_100,0.5079365079365079,0.5246636771300448,-0.016727169193536895,-0.0318816985483652,0.38762677115387556,0.6273339718564653
