candidate_id,family,role,decision_tf,partition,source_wave_tf,pivot_type,n_events,TOTAL_SIGNALS,MATCHED_POST_C_SIGNALS,PRE_C_WARNING_SIGNALS,UNMATCHED_SIGNALS,FALSE_POSITIVE_RATE,PRECISION,EVENT_RECALL,SIGNALS_PER_YEAR,FALSE_SIGNALS_PER_YEAR,MEDIAN_DELAY_SECONDS,P75_DELAY_SECONDS,P90_DELAY_SECONDS,MEDIAN_PRICE_DISTANCE_FROM_C_PCT,MEDIAN_PRICE_DISTANCE_FROM_C_ATR,MEDIAN_REMAINING_WAVE_FRACTION,MEDIAN_MAE_AFTER_SIGNAL,P90_MAE_AFTER_SIGNAL,MEDIAN_MFE_AFTER_SIGNAL,MFE_MAE_RATIO,PRE_C_SIGNAL_RATE,MEDIAN_PRE_C_LEAD,MEDIAN_ADVERSE_EXTENSION_AFTER_PRE_C,SCANNED_TIME_FROM,SCANNED_TIME_TO,VALID_DECISION_BARS,YEARS_COVERED,score
PRICE_SHORT_TERM_SLOPE_SIGN_CHANGE_4H,PRICE_ONLY,PRICE_BASELINE,4H,VALIDATION,5m,ALL,65,48,41,1,4,0.08333333333333333,0.8541666666666666,0.6307692307692307,46.744036201239794,3.895336350103316,23999.999999,30599.999999,35699.999999,1.0599007094635213,6.84543366896308,0.5581761006289316,0.41469588940383917,1.2008250771970843,0.9676631992918159,2.2170062639498886,0.020833333333333332,36000.000001,17.679999999999836,2022-06-10T04:36:00+00:00,2023-06-20T06:08:00+00:00,2250,1.0268689634192714,0.5387820512820513
PRICE_ONE_BAR_DIRECTION_CHANGE_4H,PRICE_ONLY,PRICE_BASELINE,4H,VALIDATION,5m,ALL,65,62,46,4,6,0.0967741935483871,0.7419354838709677,0.7076923076923077,60.377713426601396,5.843004525154974,14549.999999,20699.999999,31349.999999,0.7403161584013322,5.112795703132554,0.6673087798402058,0.35955314321817244,0.7495380995811178,1.1289128595600628,3.1572327044024937,0.06451612903225806,13950.000001,10.479999999999905,2022-06-10T04:36:00+00:00,2023-06-20T06:08:00+00:00,2250,1.0268689634192714,0.5250620347394541
IND_STOCH_14_3_3_V1_K_CROSS_UP_D_4H,STOCHASTIC,DIRECTIONAL_TRIGGER,4H,VALIDATION,15m,ALL,144,77,72,0,2,0.025974025974025976,0.935064935064935,0.5,74.98522473948883,1.947668175051658,22049.999999,26999.999999,35729.99999899999,2.401009189071071,4.956262201642357,0.664005744875309,0.9553209799540607,2.6137838832806977,4.712212620251107,4.892105263157916,0.0,,,2022-06-10T04:36:00+00:00,2023-06-20T06:08:00+00:00,2250,1.0268689634192714,0.4675324675324675
PRICE_SHORT_TERM_SLOPE_SIGN_CHANGE_4H,PRICE_ONLY,PRICE_BASELINE,4H,VALIDATION,15m,ALL,144,103,83,0,4,0.038834951456310676,0.8058252427184466,0.5763888888888888,100.30491101516039,3.895336350103316,23399.999999,30149.999999,38699.999999,2.3561745360219852,4.722939994257821,0.6951840018932671,0.8168514019187584,2.4007334903422732,4.503633688893077,6.026890756302458,0.0,,,2022-06-10T04:36:00+00:00,2023-06-20T06:08:00+00:00,2250,1.0268689634192714,0.4644687162891046
IND_DMA_3X3_V1_PRICE_CROSS_UP_DMA_4H,DMA,DIRECTIONAL_TRIGGER,4H,VALIDATION,5m,ALL,65,49,38,2,4,0.08163265306122448,0.7755102040816326,0.5846153846153846,47.71787028876562,3.895336350103316,23549.999999,28049.999999,34589.999999,0.9737882232038343,7.0787050696895175,0.6025651183204519,0.3736501454690603,1.194673386584046,0.9801614856218204,2.7247706422017957,0.04081632653061224,21000.000001,9.639999999999873,2022-06-10T04:36:00+00:00,2023-06-20T06:08:00+00:00,2250,1.0268689634192714,0.4533751962323391
IND_DMA_3X3_V1_PRICE_CROSS_UP_DMA_4H,DMA,DIRECTIONAL_TRIGGER,4H,VALIDATION,15m,ALL,144,111,85,0,4,0.036036036036036036,0.7657657657657657,0.5902777777777778,108.09558371536701,3.895336350103316,17999.999999,26999.999999,37079.999999000014,2.3921311475409848,4.674519230769249,0.6916637901277185,0.8654981234864214,2.379097017691784,4.596595078897175,5.983152827918214,0.0,,,2022-06-10T04:36:00+00:00,2023-06-20T06:08:00+00:00,2250,1.0268689634192714,0.4520145145145145
IND_DMA_7X5_V1_PRICE_CROSS_UP_DMA_4H,DMA,DIRECTIONAL_TRIGGER,4H,VALIDATION,15m,ALL,144,77,67,0,2,0.025974025974025976,0.8701298701298701,0.4652777777777778,74.98522473948883,1.947668175051658,26999.999999,37799.999999,56159.999999,2.962522145383154,6.110026415527725,0.5850301444659313,1.1792170807295115,3.5533751751059386,4.045236018576105,3.9794050343249787,0.0,,,2022-06-10T04:36:00+00:00,2023-06-20T06:08:00+00:00,2250,1.0268689634192714,0.40485209235209235
IND_MACD_12_26_9_V1_HISTOGRAM_CROSS_UP_ZERO_1H,MACD,DIRECTIONAL_TRIGGER,1H,VALIDATION,15m,ALL,144,103,73,0,25,0.24271844660194175,0.7087378640776699,0.5069444444444444,100.30491101516039,24.345852188145724,14399.999999,20699.999999,27719.999998999996,2.25886604924328,4.1331960178510085,0.7321948880610774,0.9550422161799694,2.2448658803515453,4.9492934330839535,6.671410090556326,0.0,,,2022-06-10T04:36:00+00:00,2023-06-20T06:08:00+00:00,9001,1.0268689634192714,0.3592907227615965
IND_MACD_12_26_9_V1_MACD_CROSS_UP_SIGNAL_1H,MACD,DIRECTIONAL_TRIGGER,1H,VALIDATION,15m,ALL,144,103,73,0,25,0.24271844660194175,0.7087378640776699,0.5069444444444444,100.30491101516039,24.345852188145724,14399.999999,20699.999999,27719.999998999996,2.25886604924328,4.1331960178510085,0.7321948880610774,0.9550422161799694,2.2448658803515453,4.9492934330839535,6.671410090556326,0.0,,,2022-06-10T04:36:00+00:00,2023-06-20T06:08:00+00:00,9001,1.0268689634192714,0.3592907227615965
PRICE_ONE_BAR_DIRECTION_CHANGE_4H,PRICE_ONLY,PRICE_BASELINE,4H,VALIDATION,15m,ALL,144,144,86,0,6,0.041666666666666664,0.5972222222222222,0.5972222222222222,140.23210860371938,5.843004525154974,17099.999999,24299.999999,39599.999999,2.108458594431667,4.623784207931308,0.710681633744412,0.8413725414229057,2.8164537641135174,4.694120650046803,5.983152827918214,0.0,,,2022-06-10T04:36:00+00:00,2023-06-20T06:08:00+00:00,2250,1.0268689634192714,0.35667438271604934
PRICE_ONE_BAR_DIRECTION_CHANGE_4H,PRICE_ONLY,PRICE_BASELINE,4H,VALIDATION,1H,ALL,631,504,321,104,6,0.011904761904761904,0.6369047619047619,0.508716323296355,490.8123801130178,5.843004525154974,17999.999999,21599.999999,28799.999999,1.5453474676089523,1.6591853699085644,0.5507246376811605,0.4760794518693397,1.534970657674058,1.514838741014186,3.6057692307691993,0.20634920634920634,28800.000001,37.680000000000064,2022-06-10T04:36:00+00:00,2023-06-20T06:08:00+00:00,2250,1.0268689634192714,0.3240038487661308
IND_DMA_7X5_V1_PRICE_CROSS_UP_DMA_4H,DMA,DIRECTIONAL_TRIGGER,4H,VALIDATION,5m,ALL,65,24,22,0,2,0.08333333333333333,0.9166666666666666,0.3384615384615385,23.372018100619897,1.947668175051658,30599.999999,38549.999999,52619.99999900001,1.1591407850476003,8.404305569846471,0.5151728460389882,0.42807764281249455,0.9538317772666411,0.9276363642882142,2.3875669602999894,0.0,,,2022-06-10T04:36:00+00:00,2023-06-20T06:08:00+00:00,2250,1.0268689634192714,0.31025641025641026
IND_MACD_12_26_9_V1_HISTOGRAM_CROSS_UP_ZERO_1H,MACD,DIRECTIONAL_TRIGGER,1H,VALIDATION,5m,ALL,65,62,35,1,25,0.4032258064516129,0.5645161290322581,0.5384615384615384,60.377713426601396,24.345852188145724,18599.999999,33599.999999,42719.99999900001,1.0206883925302042,6.619034328774889,0.5499615680245947,0.3389897691608549,1.1780920911593415,0.9040641308705653,3.9761526232113247,0.016129032258064516,13200.000001,17.289999999999964,2022-06-10T04:36:00+00:00,2023-06-20T06:08:00+00:00,9001,1.0268689634192714,0.30397022332506207
IND_MACD_12_26_9_V1_MACD_CROSS_UP_SIGNAL_1H,MACD,DIRECTIONAL_TRIGGER,1H,VALIDATION,5m,ALL,65,62,35,1,25,0.4032258064516129,0.5645161290322581,0.5384615384615384,60.377713426601396,24.345852188145724,18599.999999,33599.999999,42719.99999900001,1.0206883925302042,6.619034328774889,0.5499615680245947,0.3389897691608549,1.1780920911593415,0.9040641308705653,3.9761526232113247,0.016129032258064516,13200.000001,17.289999999999964,2022-06-10T04:36:00+00:00,2023-06-20T06:08:00+00:00,9001,1.0268689634192714,0.30397022332506207
IND_STOCH_14_3_3_V1_K_CROSS_UP_D_4H,STOCHASTIC,DIRECTIONAL_TRIGGER,4H,VALIDATION,5m,ALL,65,27,23,2,2,0.07407407407407407,0.8518518518518519,0.35384615384615387,26.293520363197384,1.947668175051658,30599.999999,37799.999999,51359.99999900001,1.0599007094635213,7.5384615384614815,0.54863813229572,0.2805399769178578,1.2046841142505822,0.910054198031089,3.04990972759558,0.07407407407407407,22800.000001,7.809999999999945,2022-06-10T04:36:00+00:00,2023-06-20T06:08:00+00:00,2250,1.0268689634192714,0.30142450142450145
IND_DMA_3X3_V1_PRICE_CROSS_UP_DMA_4H,DMA,DIRECTIONAL_TRIGGER,4H,VALIDATION,1H,ALL,631,359,261,66,4,0.011142061281337047,0.7270194986072424,0.41362916006339145,349.6064374217726,3.895336350103316,21599.999999,28799.999999,39599.999999,1.748691596548902,1.9006734006733925,0.49348610893109457,0.5261734910664535,1.6113342711635392,1.6725165963858641,3.1852760736196304,0.18384401114206128,30600.000001,41.450000000000045,2022-06-10T04:36:00+00:00,2023-06-20T06:08:00+00:00,2250,1.0268689634192714,0.30071646455862167
IND_STOCH_14_3_3_V1_K_CROSS_UP_LEVEL_1H,STOCHASTIC,DIRECTIONAL_TRIGGER,1H,VALIDATION,15m,ALL,144,49,45,0,4,0.08163265306122448,0.9183673469387755,0.3125,47.71787028876562,3.895336350103316,8999.999999,12599.999999,17639.999999,1.9474987617632458,3.2022852306390335,0.7699234579018455,0.675100193856174,2.3991076457836877,7.226885831904956,11.02307159422914,0.0,,,2022-06-10T04:36:00+00:00,2023-06-20T06:08:00+00:00,9001,1.0268689634192714,0.2869897959183674
IND_DMA_25X5_V1_PRICE_CROSS_UP_DMA_1H,DMA,DIRECTIONAL_TRIGGER,1H,VALIDATION,15m,ALL,144,126,72,0,20,0.15873015873015872,0.5714285714285714,0.5,122.70309502825445,19.47668175051658,17999.999999,26999.999999,37799.999999,2.6807343182342156,5.477582019809069,0.6373946826310997,1.1717937364187814,2.7954556255278304,4.472638833640158,4.188277087033758,0.0,,,2022-06-10T04:36:00+00:00,2023-06-20T06:08:00+00:00,9001,1.0268689634192714,0.2857142857142857
PRICE_CLOSE_ABOVE_PREVIOUS_HIGH_4H,PRICE_ONLY,PRICE_BASELINE,4H,VALIDATION,5m,ALL,65,56,32,1,10,0.17857142857142858,0.5714285714285714,0.49230769230769234,54.53470890144642,9.73834087525829,24899.999999,35249.999999,38279.999999,1.2469583185054687,8.129757699920003,0.39819837340877007,0.3480672825653941,1.2021897949634854,0.828375949397927,2.3463596800753073,0.017857142857142856,39600.000001,14.019999999999982,2022-06-10T04:36:00+00:00,2023-06-20T06:08:00+00:00,2250,1.0268689634192714,0.2813186813186813
IND_DMA_7X5_V1_PRICE_CROSS_UP_DMA_4H,DMA,DIRECTIONAL_TRIGGER,4H,VALIDATION,30m,ALL,80,28,25,0,2,0.07142857142857142,0.8928571428571429,0.3125,27.26735445072321,1.947668175051658,23399.999999,37799.999999,52559.99999900001,2.203355704697982,4.51626943005184,0.7871336124857248,0.9563390728776859,2.949193134515593,8.89733104265976,9.934036079147972,0.0,,,2022-06-10T04:36:00+00:00,2023-06-20T06:08:00+00:00,2250,1.0268689634192714,0.27901785714285715
IND_STOCH_14_3_3_V1_K_CROSS_UP_LEVEL_4H,STOCHASTIC,DIRECTIONAL_TRIGGER,4H,VALIDATION,15m,ALL,144,40,40,0,0,0.0,1.0,0.2777777777777778,38.95336350103316,0.0,36449.999999,44324.999999,64979.999999,3.739554677971548,5.8517761971506275,0.5419029713611025,1.1958327042126036,4.363425745363014,3.7573326806622447,3.799862258953123,0.0,,,2022-06-10T04:36:00+00:00,2023-06-20T06:08:00+00:00,2250,1.0268689634192714,0.2777777777777778
PRICE_SHORT_TERM_SLOPE_SIGN_CHANGE_4H,PRICE_ONLY,PRICE_BASELINE,4H,VALIDATION,1H,ALL,631,324,238,63,4,0.012345679012345678,0.7345679012345679,0.37717908082408874,315.5222443583686,3.895336350103316,25199.999999,32399.999999,39599.999999,1.8200947268284837,2.0367011637728556,0.46402292050168215,0.4946872076111349,1.6033755274261545,1.7375563303524335,3.63673349397088,0.19444444444444445,32400.000001,41.26999999999998,2022-06-10T04:36:00+00:00,2023-06-20T06:08:00+00:00,2250,1.0268689634192714,0.27706364579053433
IND_ADX_14_V1_DI_CROSS_UP_1H,MA/DMI,DIRECTIONAL_TRIGGER,1H,VALIDATION,15m,ALL,144,97,62,0,17,0.17525773195876287,0.6391752577319587,0.4305555555555556,94.46190649000542,16.555179487939093,23849.999999,38474.999999,51839.99999899999,3.637007336758886,6.585896486817324,0.5827745215010601,1.2578565670934556,3.6683516647470062,4.5129449612045756,3.775914890045339,0.0,,,2022-06-10T04:36:00+00:00,2023-06-20T06:08:00+00:00,9001,1.0268689634192714,0.27520045819014893
IND_DMA_7X5_V1_PRICE_CROSS_UP_DMA_1H,DMA,DIRECTIONAL_TRIGGER,1H,VALIDATION,1H,ALL,631,887,377,176,94,0.10597519729425028,0.4250281848928974,0.5974643423137876,863.7908356354103,91.54040422742793,10799.999999,17999.999999,21599.999999,1.4359452736318357,1.5812101910827931,0.5750081353726021,0.46219019443070597,1.463779803047576,1.3731414216851165,2.881502764355094,0.1984216459977452,21600.000001,36.16500000000008,2022-06-10T04:36:00+00:00,2023-06-20T06:08:00+00:00,9001,1.0268689634192714,0.25393918495185785
PRICE_CLOSE_ABOVE_PREVIOUS_HIGH_4H,PRICE_ONLY,PRICE_BASELINE,4H,VALIDATION,15m,ALL,144,142,72,0,10,0.07042253521126761,0.5070422535211268,0.5,138.28444042866772,9.73834087525829,24299.999999,32624.999999,55079.99999899999,2.9688722847838056,5.971698965352215,0.6205389493328293,1.038682769209622,3.336646580108097,3.7573326806622447,4.332741792369122,0.0,,,2022-06-10T04:36:00+00:00,2023-06-20T06:08:00+00:00,2250,1.0268689634192714,0.2535211267605634
IND_STOCH_14_3_3_V1_K_CROSS_UP_D_4H,STOCHASTIC,DIRECTIONAL_TRIGGER,4H,VALIDATION,30m,ALL,80,27,23,0,2,0.07407407407407407,0.8518518518518519,0.2875,26.293520363197384,1.947668175051658,25199.999999,34199.999999,42479.999999,2.0844812611485133,3.3012278404868796,0.7837557192458711,0.8374504795264425,3.483671996049156,8.261382341996885,10.506761565836333,0.0,,,2022-06-10T04:36:00+00:00,2023-06-20T06:08:00+00:00,2250,1.0268689634192714,0.24490740740740738
IND_SMA_CROSS_10_50_V1_MA_CROSS_UP_1H,MA/DMI,DIRECTIONAL_TRIGGER,1H,VALIDATION,15m,ALL,144,58,45,0,12,0.20689655172413793,0.7758620689655172,0.3125,56.48237707649808,11.686009050309949,47699.999999,56699.999999,67679.999999,4.593786875994056,9.169248162803838,0.42748630983925084,1.4853500517604343,3.4469563653658657,3.051304773367552,2.2884012539184844,0.0,,,2022-06-10T04:36:00+00:00,2023-06-20T06:08:00+00:00,9001,1.0268689634192714,0.24245689655172414
IND_STOCH_14_3_3_V1_K_CROSS_UP_LEVEL_1H,STOCHASTIC,DIRECTIONAL_TRIGGER,1H,VALIDATION,5m,ALL,65,28,21,2,4,0.14285714285714285,0.75,0.3230769230769231,27.26735445072321,3.895336350103316,7199.999999,13199.999999,15899.999999,0.8199981475124882,4.125243924073039,0.6682808716707007,0.3614578801164708,0.7519717009466379,1.0295581104829563,3.0613496932513344,0.07142857142857142,7800.000001,17.584999999999923,2022-06-10T04:36:00+00:00,2023-06-20T06:08:00+00:00,9001,1.0268689634192714,0.24230769230769234
IND_RSI_14_V1_RSI_CROSS_UP_50_1H,RSI,DIRECTIONAL_TRIGGER,1H,VALIDATION,15m,ALL,144,126,66,0,26,0.20634920634920634,0.5238095238095238,0.4583333333333333,122.70309502825445,25.319686275671554,18899.999999,26999.999999,37799.999999,2.9351542160655253,6.072499291036047,0.6276233197495058,1.044653136759126,3.2011410361912747,4.5129449612045756,4.812329600996188,0.0,,,2022-06-10T04:36:00+00:00,2023-06-20T06:08:00+00:00,9001,1.0268689634192714,0.2400793650793651
IND_DMA_3X3_V1_PRICE_CROSS_UP_DMA_4H,DMA,DIRECTIONAL_TRIGGER,4H,VALIDATION,30m,ALL,80,36,26,0,4,0.1111111111111111,0.7222222222222222,0.325,35.058027150929846,3.895336350103316,19799.999999,28799.999999,43199.999999,2.0357863422606943,3.9916546662852035,0.7874613483335189,0.8392456285035037,3.280149421884846,7.621936036814815,10.09038238702188,0.0,,,2022-06-10T04:36:00+00:00,2023-06-20T06:08:00+00:00,2250,1.0268689634192714,0.23472222222222222
IND_MACD_12_26_9_V1_HISTOGRAM_CROSS_UP_ZERO_1H,MACD,DIRECTIONAL_TRIGGER,1H,VALIDATION,1H,ALL,631,267,198,32,25,0.09363295880149813,0.7415730337078652,0.31378763866877973,260.01370136939636,24.345852188145724,21599.999999,28799.999999,39599.999999,2.1006538563885844,2.148135384106806,0.4446557341789446,0.4993360543884713,1.5020445226736192,1.3061165582746288,2.6548821548821273,0.1198501872659176,34200.000001,42.16500000000008,2022-06-10T04:36:00+00:00,2023-06-20T06:08:00+00:00,9001,1.0268689634192714,0.23269645114763443
IND_MACD_12_26_9_V1_MACD_CROSS_UP_SIGNAL_1H,MACD,DIRECTIONAL_TRIGGER,1H,VALIDATION,1H,ALL,631,267,198,32,25,0.09363295880149813,0.7415730337078652,0.31378763866877973,260.01370136939636,24.345852188145724,21599.999999,28799.999999,39599.999999,2.1006538563885844,2.148135384106806,0.4446557341789446,0.4993360543884713,1.5020445226736192,1.3061165582746288,2.6548821548821273,0.1198501872659176,34200.000001,42.16500000000008,2022-06-10T04:36:00+00:00,2023-06-20T06:08:00+00:00,9001,1.0268689634192714,0.23269645114763443
PRICE_SHORT_TERM_SLOPE_SIGN_CHANGE_4H,PRICE_ONLY,PRICE_BASELINE,4H,VALIDATION,30m,ALL,80,31,24,0,4,0.12903225806451613,0.7741935483870968,0.3,30.188856713300698,3.895336350103316,21599.999999,29249.999999,35999.999999,2.0357863422606943,3.4539704181678554,0.7931696279357545,0.918280573526016,3.3720011802158005,8.53025597448001,6.722189395969843,0.0,,,2022-06-10T04:36:00+00:00,2023-06-20T06:08:00+00:00,2250,1.0268689634192714,0.23225806451612901
IND_DMA_25X5_V1_PRICE_CROSS_UP_DMA_1H,DMA,DIRECTIONAL_TRIGGER,1H,VALIDATION,5m,ALL,65,60,30,0,20,0.3333333333333333,0.5,0.46153846153846156,58.43004525154974,19.47668175051658,19049.999999,35324.999999,51719.99999900001,1.020276169054218,7.097386194127802,0.540690944630943,0.4164039948239807,0.9277110512530499,1.014415376401499,2.9823504105643526,0.0,,,2022-06-10T04:36:00+00:00,2023-06-20T06:08:00+00:00,9001,1.0268689634192714,0.23076923076923078
IND_STOCH_14_3_3_V1_K_CROSS_UP_D_1H,STOCHASTIC,DIRECTIONAL_TRIGGER,1H,VALIDATION,1H,ALL,631,998,379,226,128,0.1282565130260521,0.37975951903807614,0.6006339144215531,971.8864193507774,124.65076320330611,10799.999999,10799.999999,17999.999999,1.2140025202077636,1.412754598734983,0.6270810210876785,0.41894288332678514,1.3793841636376671,1.550387596899225,3.6531680905276445,0.22645290581162325,21600.000001,34.565000000000055,2022-06-10T04:36:00+00:00,2023-06-20T06:08:00+00:00,9001,1.0268689634192714,0.228096446458686
IND_ADX_14_V1_DI_CROSS_UP_1H,MA/DMI,DIRECTIONAL_TRIGGER,1H,VALIDATION,5m,ALL,65,57,29,3,17,0.2982456140350877,0.5087719298245614,0.4461538461538462,55.50854298897225,16.555179487939093,16199.999999,35699.999999,47519.99999899999,1.0536054421768652,6.607090103397289,0.5630284396617937,0.35733950005506054,0.9544470952481116,0.9874971058115405,2.198952879581129,0.05263157894736842,11700.000001,39.710000000000036,2022-06-10T04:36:00+00:00,2023-06-20T06:08:00+00:00,9001,1.0268689634192714,0.2269905533063428
IND_DMA_25X5_V1_PRICE_CROSS_UP_DMA_4H,DMA,DIRECTIONAL_TRIGGER,4H,VALIDATION,15m,ALL,144,40,36,0,0,0.0,0.9,0.25,38.95336350103316,0.0,32849.999999,56024.999999,67499.999999,4.405796297540579,8.835736056142833,0.49722841493958597,1.262785116842575,3.8911878347692452,3.2492459555799345,2.823117338003479,0.0,,,2022-06-10T04:36:00+00:00,2023-06-20T06:08:00+00:00,2250,1.0268689634192714,0.225
PRICE_ONE_BAR_DIRECTION_CHANGE_4H,PRICE_ONLY,PRICE_BASELINE,4H,VALIDATION,1D,ALL,68,68,32,22,6,0.08823529411764706,0.47058823529411764,0.47058823529411764,66.22071795175637,5.843004525154974,14399.999999,28799.999999,43199.999999,2.8907244237523777,0.527600380345606,0.7961452492004129,2.671128322845834,6.333537901164712,8.201485630587653,3.047791070929352,0.3235294117647059,14400.000001,106.05999999999995,2022-06-10T04:36:00+00:00,2023-06-20T06:08:00+00:00,2250,1.0268689634192714,0.22145328719723184
IND_RSI_14_V1_RSI_CROSS_UP_30_1H,RSI,DIRECTIONAL_TRIGGER,1H,VALIDATION,15m,ALL,144,48,39,0,4,0.08333333333333333,0.8125,0.2708333333333333,46.744036201239794,3.895336350103316,6299.999999,8999.999999,14579.999999000001,1.5481373971939973,2.594451168420073,0.8234668085672479,0.5657135568677149,2.120923104135907,6.409982935153585,11.793846153846156,0.0,,,2022-06-10T04:36:00+00:00,2023-06-20T06:08:00+00:00,9001,1.0268689634192714,0.22005208333333331
PRICE_N3_BAR_EXTREME_BREAK_4H,PRICE_ONLY,PRICE_BASELINE,4H,VALIDATION,15m,ALL,144,92,53,0,7,0.07608695652173914,0.5760869565217391,0.3680555555555556,89.59273605237627,6.816838612680803,28799.999999,47699.999999,62819.99999900001,4.318975917772598,8.326896551724161,0.49032105760151157,1.2293089105275894,4.009521883679144,3.5701239173542882,3.1806436887882814,0.0,,,2022-06-10T04:36:00+00:00,2023-06-20T06:08:00+00:00,2250,1.0268689634192714,0.2120320048309179
IND_DMA_7X5_V1_PRICE_CROSS_UP_DMA_1H,DMA,DIRECTIONAL_TRIGGER,1H,VALIDATION,5m,ALL,65,183,50,7,94,0.5136612021857924,0.273224043715847,0.7692307692307693,178.2116380172267,91.54040422742793,10049.999999,14399.999999,23729.999999,0.8105731487997511,4.991409308680708,0.6320849393055916,0.350434695266898,0.7768078753718723,1.014415376401499,3.257861635220093,0.03825136612021858,13200.000001,17.87999999999988,2022-06-10T04:36:00+00:00,2023-06-20T06:08:00+00:00,9001,1.0268689634192714,0.21017234131988233
IND_DMA_25X5_V1_PRICE_CROSS_UP_DMA_1H,DMA,DIRECTIONAL_TRIGGER,1H,VALIDATION,1H,ALL,631,383,225,63,20,0.05221932114882506,0.587467362924282,0.35657686212361334,372.9784555223925,19.47668175051658,14399.999999,25199.999999,39599.999999,1.6719538810353107,1.9233894001904133,0.51761028969828,0.42320320950850077,1.464604601038271,1.252957283336323,2.5874160367638757,0.16449086161879894,21600.000001,29.919999999999845,2022-06-10T04:36:00+00:00,2023-06-20T06:08:00+00:00,9001,1.0268689634192714,0.20947726887157442
IND_MACD_12_26_9_V1_MACD_CROSS_UP_SIGNAL_4H,MACD,DIRECTIONAL_TRIGGER,4H,VALIDATION,15m,ALL,144,30,30,0,0,0.0,1.0,0.20833333333333334,29.21502262577487,0.0,55349.999999,72449.999999,96479.999999,4.920342073579266,9.663158789888097,0.33357101339533,1.616839790418919,3.2709364266014203,2.4548534311392416,2.612244897959193,0.0,,,2022-06-10T04:36:00+00:00,2023-06-20T06:08:00+00:00,2250,1.0268689634192714,0.20833333333333334
IND_MACD_12_26_9_V1_HISTOGRAM_CROSS_UP_ZERO_4H,MACD,DIRECTIONAL_TRIGGER,4H,VALIDATION,15m,ALL,144,30,30,0,0,0.0,1.0,0.20833333333333334,29.21502262577487,0.0,55349.999999,72449.999999,96479.999999,4.920342073579266,9.663158789888097,0.33357101339533,1.616839790418919,3.2709364266014203,2.4548534311392416,2.612244897959193,0.0,,,2022-06-10T04:36:00+00:00,2023-06-20T06:08:00+00:00,2250,1.0268689634192714,0.20833333333333334
IND_RSI_14_V1_RSI_CROSS_UP_50_1H,RSI,DIRECTIONAL_TRIGGER,1H,VALIDATION,1H,ALL,631,385,224,67,26,0.06753246753246753,0.5818181818181818,0.3549920760697306,374.92612369744415,25.319686275671554,14399.999999,21599.999999,28799.999999,1.7554467260263387,1.939959919751042,0.48331753110087605,0.4381134816205382,1.4173520537766642,1.2022183861860656,2.6712170523947103,0.17402597402597403,28800.000001,26.569999999999936,2022-06-10T04:36:00+00:00,2023-06-20T06:08:00+00:00,9001,1.0268689634192714,0.20654084425875233
IND_RSI_14_V1_RSI_CROSS_UP_50_4H,RSI,DIRECTIONAL_TRIGGER,4H,VALIDATION,15m,ALL,144,39,34,0,0,0.0,0.8717948717948718,0.2361111111111111,37.97952941350733,0.0,31049.999999,45224.999999,61379.99999899999,4.1560773592592355,8.71788672637482,0.4763705326279598,1.262785116842575,3.1953290820419684,2.4548534311392416,2.4134948096886006,0.0,,,2022-06-10T04:36:00+00:00,2023-06-20T06:08:00+00:00,2250,1.0268689634192714,0.20584045584045585
IND_DMA_7X5_V1_PRICE_CROSS_UP_DMA_1H,DMA,DIRECTIONAL_TRIGGER,1H,VALIDATION,15m,ALL,144,285,91,0,94,0.3298245614035088,0.3192982456140351,0.6319444444444444,277.54271494486125,91.54040422742793,8999.999999,13499.999999,18899.999999,1.6414655334762975,3.261494930440926,0.7888534063260342,0.6656120347431491,1.6431573875625092,5.55208909713801,10.234187619586532,0.0,,,2022-06-10T04:36:00+00:00,2023-06-20T06:08:00+00:00,9001,1.0268689634192714,0.20177875243664717
IND_RSI_14_V1_RSI_CROSS_UP_50_1H,RSI,DIRECTIONAL_TRIGGER,1H,VALIDATION,5m,ALL,65,69,30,3,26,0.37681159420289856,0.43478260869565216,0.46153846153846156,67.1945520392822,25.319686275671554,15899.999999,24149.999999,47159.99999900001,1.020276169054218,7.016935223876871,0.5610828188643815,0.3736501454690603,1.0763577949819996,0.9326656686111535,2.437499999999976,0.043478260869565216,17100.000001,27.25,2022-06-10T04:36:00+00:00,2023-06-20T06:08:00+00:00,9001,1.0268689634192714,0.20066889632107024
PRICE_SHORT_TERM_SLOPE_SIGN_CHANGE_1H,PRICE_ONLY,PRICE_BASELINE,1H,VALIDATION,1H,ALL,631,1397,410,339,170,0.12168933428775948,0.2934860415175376,0.6497622820919176,1360.446220273583,165.55179487939094,7199.999999,10799.999999,10799.999999,1.1573971286644507,1.2686541110702532,0.6566040489838344,0.40141396339544055,1.3039614362671101,1.6002568207524814,3.6792237442922433,0.24266284896206156,21600.000001,34.07999999999993,2022-06-10T04:36:00+00:00,2023-06-20T06:08:00+00:00,9001,1.0268689634192714,0.1906961600985585
IND_DMA_25X5_V1_PRICE_CROSS_UP_DMA_4H,DMA,DIRECTIONAL_TRIGGER,4H,VALIDATION,30m,ALL,80,17,16,0,0,0.0,0.9411764705882353,0.2,16.555179487939093,0.0,39599.999999,63449.999999,77399.999999,3.8308686023656984,7.220714603338366,0.5355485140314378,0.9423318892602384,2.5664318825888763,4.447274928234302,3.718210906542447,0.0,,,2022-06-10T04:36:00+00:00,2023-06-20T06:08:00+00:00,2250,1.0268689634192714,0.18823529411764706
IND_ADX_14_V1_DI_CROSS_UP_4H,MA/DMI,DIRECTIONAL_TRIGGER,4H,VALIDATION,30m,ALL,80,17,16,0,1,0.058823529411764705,0.9411764705882353,0.2,16.555179487939093,0.973834087525829,42299.999999,66599.999999,98099.999999,2.9191736747835293,5.649888473411449,0.6009536161465957,0.8579067592833425,2.5067183457695643,5.4752360351668745,8.365383812415295,0.0,,,2022-06-10T04:36:00+00:00,2023-06-20T06:08:00+00:00,2250,1.0268689634192714,0.18823529411764706
IND_RSI_14_V1_RSI_CROSS_UP_50_4H,RSI,DIRECTIONAL_TRIGGER,4H,VALIDATION,30m,ALL,80,17,16,0,0,0.0,0.9411764705882353,0.2,16.555179487939093,0.0,34199.999999,54449.999999,66599.999999,3.5609190052705104,5.649888473411449,0.6018534089065208,0.9776154323057957,2.4481281982917737,4.160703116881558,4.470150784750365,0.0,,,2022-06-10T04:36:00+00:00,2023-06-20T06:08:00+00:00,2250,1.0268689634192714,0.18823529411764706
PRICE_N5_BAR_EXTREME_BREAK_4H,PRICE_ONLY,PRICE_BASELINE,4H,VALIDATION,15m,ALL,144,66,42,0,6,0.09090909090909091,0.6363636363636364,0.2916666666666667,64.27304977670471,5.843004525154974,43199.999999,57374.999999,78299.99999899999,5.1988226942740745,9.522805048520347,0.3890386082253968,1.472439703002836,4.038763872944386,2.7694448120060846,2.7940829408464003,0.0,,,2022-06-10T04:36:00+00:00,2023-06-20T06:08:00+00:00,2250,1.0268689634192714,0.1856060606060606
IND_DMA_3X3_V1_PRICE_CROSS_UP_DMA_1H,DMA,DIRECTIONAL_TRIGGER,1H,VALIDATION,1H,ALL,631,1488,410,375,184,0.12365591397849462,0.27553763440860213,0.6497622820919176,1449.0651222384336,179.18547210475253,7199.999999,10799.999999,10799.999999,1.1120811538541122,1.222599209483319,0.676498182352163,0.4027817593985269,1.2889950296792352,1.6536909782665938,3.9331154402342046,0.25201612903225806,21600.000001,34.07999999999993,2022-06-10T04:36:00+00:00,2023-06-20T06:08:00+00:00,9001,1.0268689634192714,0.1790339621355418
IND_ADX_14_V1_DI_CROSS_UP_1H,MA/DMI,DIRECTIONAL_TRIGGER,1H,VALIDATION,1H,ALL,631,289,180,50,17,0.058823529411764705,0.6228373702422145,0.28526148969889065,281.43805129496457,16.555179487939093,16199.999999,25199.999999,39599.999999,2.0855314348727476,2.0938219577412225,0.47897229151467324,0.44979394914060794,1.5197802179169446,1.2489228780698005,2.8327477160927543,0.17301038062283736,23400.000001,26.985000000000014,2022-06-10T04:36:00+00:00,2023-06-20T06:08:00+00:00,9001,1.0268689634192714,0.17767151607543363
IND_STOCH_14_3_3_V1_K_CROSS_UP_LEVEL_1H,STOCHASTIC,DIRECTIONAL_TRIGGER,1H,VALIDATION,1H,ALL,631,205,151,42,4,0.01951219512195122,0.7365853658536585,0.2393026941362916,199.63598794279494,3.895336350103316,10799.999999,14399.999999,21599.999999,1.4730930634411328,1.4570915619389524,0.5531094527363182,0.5328767342497386,1.5197208973451064,1.186525971473047,2.815632965165679,0.2048780487804878,21600.000001,43.82000000000005,2022-06-10T04:36:00+00:00,2023-06-20T06:08:00+00:00,9001,1.0268689634192714,0.1762668625101465
IND_STOCH_14_3_3_V1_K_CROSS_UP_D_1H,STOCHASTIC,DIRECTIONAL_TRIGGER,1H,VALIDATION,15m,ALL,144,314,89,0,128,0.40764331210191085,0.28343949044585987,0.6180555555555556,305.7839034831103,124.65076320330611,8099.999999,10799.999999,22679.99999900003,1.4086368700315264,2.751784964300709,0.8081818181818181,0.6059872863647352,1.7781747370858334,5.163319300464245,11.793846153846156,0.0,,,2022-06-10T04:36:00+00:00,2023-06-20T06:08:00+00:00,9001,1.0268689634192714,0.1751813517338995
IND_MACD_12_26_9_V1_MACD_CROSS_UP_SIGNAL_4H,MACD,DIRECTIONAL_TRIGGER,4H,VALIDATION,30m,ALL,80,14,14,0,0,0.0,1.0,0.175,13.633677225361605,0.0,44999.999999,75599.999999,92879.99999900002,4.15074482052405,7.478057257342261,0.5355485140314378,1.453239039299362,3.1484867226894995,4.706854141399735,3.310947426409667,0.0,,,2022-06-10T04:36:00+00:00,2023-06-20T06:08:00+00:00,2250,1.0268689634192714,0.175
IND_MACD_12_26_9_V1_HISTOGRAM_CROSS_UP_ZERO_4H,MACD,DIRECTIONAL_TRIGGER,4H,VALIDATION,30m,ALL,80,14,14,0,0,0.0,1.0,0.175,13.633677225361605,0.0,44999.999999,75599.999999,92879.99999900002,4.15074482052405,7.478057257342261,0.5355485140314378,1.453239039299362,3.1484867226894995,4.706854141399735,3.310947426409667,0.0,,,2022-06-10T04:36:00+00:00,2023-06-20T06:08:00+00:00,2250,1.0268689634192714,0.175
PRICE_ONE_BAR_DIRECTION_CHANGE_4H,PRICE_ONLY,PRICE_BASELINE,4H,VALIDATION,30m,ALL,80,49,26,0,6,0.12244897959183673,0.5306122448979592,0.325,47.71787028876562,5.843004525154974,16199.999999,21599.999999,51299.999999,2.0617037178225823,3.9916546662852035,0.7818512629957429,0.7110715531171514,2.3954976976918756,6.8765579376597925,10.594594594594431,0.0,,,2022-06-10T04:36:00+00:00,2023-06-20T06:08:00+00:00,2250,1.0268689634192714,0.17244897959183675
IND_DMA_3X3_V1_PRICE_CROSS_UP_DMA_4H,DMA,DIRECTIONAL_TRIGGER,4H,VALIDATION,1D,ALL,68,38,21,12,4,0.10526315789473684,0.5526315789473685,0.3088235294117647,37.0056953259815,3.895336350103316,28799.999999,43199.999999,43199.999999,2.8483020573484783,0.5776655430231067,0.704816088912412,2.7098187240784655,6.768064014039629,7.733497840838986,2.7880869636757213,0.3157894736842105,14400.000001,106.05999999999995,2022-06-10T04:36:00+00:00,2023-06-20T06:08:00+00:00,2250,1.0268689634192714,0.17066563467492263
IND_ADX_14_V1_DI_CROSS_UP_4H,MA/DMI,DIRECTIONAL_TRIGGER,4H,VALIDATION,15m,ALL,144,28,26,0,1,0.03571428571428571,0.9285714285714286,0.18055555555555555,27.26735445072321,0.973834087525829,34199.999999,54449.999999,71549.999999,4.171065976780702,9.733940924521846,0.46177599504068867,1.262785116842575,3.5708300041318446,4.196720770923846,2.202214930270706,0.0,,,2022-06-10T04:36:00+00:00,2023-06-20T06:08:00+00:00,2250,1.0268689634192714,0.16765873015873017
PRICE_N3_BAR_EXTREME_BREAK_1H,PRICE_ONLY,PRICE_BASELINE,1H,VALIDATION,1H,ALL,631,958,316,137,124,0.12943632567849686,0.3298538622129436,0.5007923930269413,932.9330558497442,120.75542685320279,14399.999999,21599.999999,28799.999999,1.7867571147865604,1.9175302743608453,0.492855494656935,0.5370908293345725,1.6069349292822726,1.253197531153926,2.3495934959349136,0.1430062630480167,28800.000001,43.01999999999998,2022-06-10T04:36:00+00:00,2023-06-20T06:08:00+00:00,9001,1.0268689634192714,0.165188305006799
IND_DMA_7X5_V1_PRICE_CROSS_UP_DMA_4H,DMA,DIRECTIONAL_TRIGGER,4H,VALIDATION,1H,ALL,631,173,134,34,2,0.011560693641618497,0.7745664739884393,0.21236133122028525,168.4732971419684,1.947668175051658,21599.999999,32399.999999,56519.99999900001,2.0671791866692786,2.3978230295869967,0.44401528036334736,0.5130463259279943,1.5328803657874857,2.132271005570981,3.7465753424659707,0.19653179190751446,28800.000001,33.99000000000001,2022-06-10T04:36:00+00:00,2023-06-20T06:08:00+00:00,2250,1.0268689634192714,0.1644879675347874
IND_STOCH_14_3_3_V1_K_CROSS_UP_D_4H,STOCHASTIC,DIRECTIONAL_TRIGGER,4H,VALIDATION,1H,ALL,631,187,137,35,2,0.0106951871657754,0.732620320855615,0.21711568938193343,182.10697436733003,1.947668175051658,28799.999999,43199.999999,51839.99999900002,2.252475247524755,2.3840749414519924,0.4468547879342907,0.5356592816305761,1.521128638990745,1.6832415277120225,2.9093539905931687,0.18716577540106952,21600.000001,35.789999999999964,2022-06-10T04:36:00+00:00,2023-06-20T06:08:00+00:00,2250,1.0268689634192714,0.15906336601778012
PRICE_SHORT_TERM_SLOPE_SIGN_CHANGE_4H,PRICE_ONLY,PRICE_BASELINE,4H,VALIDATION,1D,ALL,68,37,20,12,4,0.10810810810810811,0.5405405405405406,0.29411764705882354,36.031861238455676,3.895336350103316,28799.999999,32399.999999,43199.999999,2.86493463272134,0.5705736466807935,0.7448432849913611,2.7396196588413417,6.844340585884198,6.72180917656719,2.606847502480976,0.32432432432432434,21600.000001,60.38499999999999,2022-06-10T04:36:00+00:00,2023-06-20T06:08:00+00:00,2250,1.0268689634192714,0.1589825119236884
PRICE_N5_BAR_EXTREME_BREAK_1H,PRICE_ONLY,PRICE_BASELINE,1H,VALIDATION,1H,ALL,631,713,265,95,100,0.1402524544179523,0.37166900420757365,0.41996830427892234,694.3437044059161,97.3834087525829,17999.999999,25199.999999,35999.999999,2.133331260880382,2.300513930213688,0.44379301554932316,0.5062788109998323,1.4031383455509352,1.2549831916727934,2.4693203954481158,0.1332398316970547,28800.000001,47.89000000000033,2022-06-10T04:36:00+00:00,2023-06-20T06:08:00+00:00,9001,1.0268689634192714,0.15608920145009036
IND_STOCH_14_3_3_V1_K_CROSS_UP_D_1H,STOCHASTIC,DIRECTIONAL_TRIGGER,1H,VALIDATION,5m,ALL,65,211,46,9,128,0.6066350710900474,0.21800947867298578,0.7076923076923077,205.47899246794992,124.65076320330611,6749.999999,9524.999999,11849.999999,0.6337584225845427,4.196077361133856,0.7262900949661135,0.2930357194290759,0.6462172424207734,1.1173100051399838,3.8537379855981473,0.04265402843601896,14400.000001,18.949999999999818,2022-06-10T04:36:00+00:00,2023-06-20T06:08:00+00:00,9001,1.0268689634192714,0.15428363106088225
IND_ADX_14_V1_DI_CROSS_UP_1H,MA/DMI,DIRECTIONAL_TRIGGER,1H,VALIDATION,30m,ALL,80,43,23,0,17,0.3953488372093023,0.5348837209302325,0.2875,41.87486576361065,16.555179487939093,21599.999999,35099.999999,46799.999999,2.6699919313430684,4.5599008227206035,0.7622865194470764,0.8958326963646946,3.4751784844360563,9.189463216799586,8.055787111253592,0.0,,,2022-06-10T04:36:00+00:00,2023-06-20T06:08:00+00:00,9001,1.0268689634192714,0.15377906976744182
IND_DMA_25X5_V1_PRICE_CROSS_UP_DMA_1H,DMA,DIRECTIONAL_TRIGGER,1H,VALIDATION,30m,ALL,80,56,26,0,20,0.35714285714285715,0.4642857142857143,0.325,54.53470890144642,19.47668175051658,16199.999999,30599.999999,42299.999999,2.440821221742245,4.0679291239327835,0.7909355777615916,1.0072633674964622,3.034784393045502,8.579701292922687,13.29359823399567,0.0,,,2022-06-10T04:36:00+00:00,2023-06-20T06:08:00+00:00,9001,1.0268689634192714,0.15089285714285716
PRICE_CLOSE_ABOVE_PREVIOUS_HIGH_4H,PRICE_ONLY,PRICE_BASELINE,4H,VALIDATION,1H,ALL,631,343,180,66,10,0.029154518950437316,0.5247813411078717,0.28526148969889065,334.02509202135934,9.73834087525829,25199.999999,32399.999999,50399.999999,2.491600665128268,2.8508900950275375,0.4264020151306646,0.5811022991848884,1.5778464093973368,2.1472724475581746,3.1852760736196304,0.1924198250728863,32400.000001,38.450000000000045,2022-06-10T04:36:00+00:00,2023-06-20T06:08:00+00:00,2250,1.0268689634192714,0.14969990713061315
IND_SMA_CROSS_10_50_V1_MA_CROSS_UP_15m,MA/DMI,DIRECTIONAL_TRIGGER,15m,VALIDATION,1H,ALL,631,620,241,55,312,0.5032258064516129,0.38870967741935486,0.38193343898573695,603.777134266014,303.83623530805863,15299.999999,21599.999999,26099.999999,1.8832527599393905,2.055144734310137,0.48062125961812463,0.49780514769242573,1.5160140302455174,1.2273237637300833,3.0320205479452316,0.08870967741935484,15300.000001,29.289999999999964,2022-06-10T04:36:00+00:00,2023-06-20T06:08:00+00:00,36001,1.0268689634192714,0.14846122386381067
IND_MACD_12_26_9_V1_HISTOGRAM_CROSS_UP_ZERO_15m,MACD,DIRECTIONAL_TRIGGER,15m,VALIDATION,1H,ALL,631,1780,400,243,1019,0.5724719101123595,0.2247191011235955,0.6339144215530903,1733.4246757959756,992.3369351888198,7199.999999,9899.999999,11699.999999,1.1338486413508493,1.2341590891219332,0.6748754871907838,0.39511571245864663,1.367383286077479,1.6379185389186923,4.076190476190406,0.13651685393258428,12600.000001,28.920000000000073,2022-06-10T04:36:00+00:00,2023-06-20T06:08:00+00:00,36001,1.0268689634192714,0.14245267900069444
IND_MACD_12_26_9_V1_MACD_CROSS_UP_SIGNAL_15m,MACD,DIRECTIONAL_TRIGGER,15m,VALIDATION,1H,ALL,631,1780,400,243,1019,0.5724719101123595,0.2247191011235955,0.6339144215530903,1733.4246757959756,992.3369351888198,7199.999999,9899.999999,11699.999999,1.1338486413508493,1.2341590891219332,0.6748754871907838,0.39511571245864663,1.367383286077479,1.6379185389186923,4.076190476190406,0.13651685393258428,12600.000001,28.920000000000073,2022-06-10T04:36:00+00:00,2023-06-20T06:08:00+00:00,36001,1.0268689634192714,0.14245267900069444
PRICE_SHORT_TERM_SLOPE_SIGN_CHANGE_1H,PRICE_ONLY,PRICE_BASELINE,1H,VALIDATION,15m,ALL,144,479,99,0,170,0.35490605427974947,0.20668058455114824,0.6875,466.4665279248721,165.55179487939094,7199.999999,8999.999999,9899.999999,1.3392539964475956,2.730894512653469,0.8329792256846094,0.5117677839304837,1.5545719389660357,5.941367489363898,11.913432835820805,0.0,,,2022-06-10T04:36:00+00:00,2023-06-20T06:08:00+00:00,9001,1.0268689634192714,0.1420929018789144
PRICE_SHORT_TERM_SLOPE_SIGN_CHANGE_1H,PRICE_ONLY,PRICE_BASELINE,1H,VALIDATION,5m,ALL,65,305,53,15,170,0.5573770491803278,0.1737704918032787,0.8153846153846154,297.01939669537785,165.55179487939094,6899.999999,8999.999999,10439.999999000001,0.6390186915887882,4.03987042113131,0.6733370390957949,0.31188350267410325,0.6871730069558181,1.1051724137931045,3.2145615002758055,0.04918032786885246,21600.000001,15.579999999999927,2022-06-10T04:36:00+00:00,2023-06-20T06:08:00+00:00,9001,1.0268689634192714,0.14168978562421186
PRICE_N5_BAR_EXTREME_BREAK_1H,PRICE_ONLY,PRICE_BASELINE,1H,VALIDATION,15m,ALL,144,296,77,0,100,0.33783783783783783,0.26013513513513514,0.5347222222222222,288.2548899076454,97.3834087525829,17999.999999,24299.999999,42659.99999900003,2.4871428571428527,5.061818883209588,0.649982250621229,1.1087584531547494,3.0104574122659216,4.63935907189045,4.396477239988473,0.0,,,2022-06-10T04:36:00+00:00,2023-06-20T06:08:00+00:00,9001,1.0268689634192714,0.13910003753753755
PRICE_ONE_BAR_DIRECTION_CHANGE_1H,PRICE_ONLY,PRICE_BASELINE,1H,VALIDATION,1H,ALL,631,1988,416,540,249,0.12525150905432594,0.20925553319919518,0.659270998415214,1935.982166001348,242.4846877939314,7199.999999,7199.999999,10799.999999,0.9456720567454231,1.0913095490903908,0.7119933961787803,0.3316837516201313,1.1141203810370162,1.724137931034488,4.95512820512839,0.2716297786720322,18000.000001,33.91000000000008,2022-06-10T04:36:00+00:00,2023-06-20T06:08:00+00:00,9001,1.0268689634192714,0.13795610429614136
PRICE_N3_BAR_EXTREME_BREAK_1H,PRICE_ONLY,PRICE_BASELINE,1H,VALIDATION,5m,ALL,65,227,45,4,124,0.5462555066079295,0.19823788546255505,0.6923076923076923,221.06033786836318,120.75542685320279,11699.999999,20699.999999,33959.999999,0.9504826541033805,6.529958677685965,0.581287553648067,0.35388642460728165,0.9200387457167692,0.9635021311076881,3.10570273911092,0.01762114537444934,15150.000001,17.63499999999999,2022-06-10T04:36:00+00:00,2023-06-20T06:08:00+00:00,9001,1.0268689634192714,0.13724161301253812
PRICE_CLOSE_ABOVE_PREVIOUS_HIGH_1H,PRICE_ONLY,PRICE_BASELINE,1H,VALIDATION,1H,ALL,631,1687,381,295,209,0.12388855957320688,0.22584469472436278,0.6038034865293186,1642.8581056560736,203.53132429289826,10799.999999,14399.999999,17999.999999,1.3519138539498736,1.49827463956512,0.6057781919850893,0.4496558190027364,1.398524533986804,1.4961443382651323,3.1593794076164103,0.17486662714878481,21600.000001,37.559999999999945,2022-06-10T04:36:00+00:00,2023-06-20T06:08:00+00:00,9001,1.0268689634192714,0.13636581408871984
PRICE_N5_BAR_EXTREME_BREAK_1H,PRICE_ONLY,PRICE_BASELINE,1H,VALIDATION,5m,ALL,65,173,39,3,100,0.5780346820809249,0.2254335260115607,0.6,168.4732971419684,97.3834087525829,20699.999999,28049.999999,40799.999999000036,1.0946261682242995,7.18127490039836,0.5337148544414038,0.3438907094058751,1.2949605462870761,0.9046414149945904,3.354612812867093,0.017341040462427744,17100.000001,17.3900000000001,2022-06-10T04:36:00+00:00,2023-06-20T06:08:00+00:00,9001,1.0268689634192714,0.1352601156069364
PRICE_N3_BAR_EXTREME_BREAK_1H,PRICE_ONLY,PRICE_BASELINE,1H,VALIDATION,15m,ALL,144,371,85,0,124,0.33423180592991913,0.22911051212938005,0.5902777777777778,361.29244647208253,120.75542685320279,14399.999999,19799.999999,27899.999999,2.1740890688259036,4.251900108577615,0.6877292628091352,0.9855140631736863,2.6076800931026702,4.901018401593254,5.0278649921507075,0.0,,,2022-06-10T04:36:00+00:00,2023-06-20T06:08:00+00:00,9001,1.0268689634192714,0.13523884396525906
IND_DMA_3X3_V1_PRICE_CROSS_UP_DMA_1H,DMA,DIRECTIONAL_TRIGGER,1H,VALIDATION,15m,ALL,144,515,100,0,184,0.3572815533980582,0.1941747572815534,0.6944444444444444,501.5245550758019,179.18547210475253,6299.999999,8099.999999,9899.999999,1.2612482340858078,2.5946125129012882,0.8412778322297229,0.5073401099364014,1.5980211983066412,6.070630297327593,12.470110006027813,0.0,,,2022-06-10T04:36:00+00:00,2023-06-20T06:08:00+00:00,9001,1.0268689634192714,0.1348435814455232
IND_STOCH_14_3_3_V1_K_CROSS_UP_LEVEL_1H,STOCHASTIC,DIRECTIONAL_TRIGGER,1H,VALIDATION,1D,ALL,68,40,19,11,4,0.1,0.475,0.27941176470588236,38.95336350103316,3.895336350103316,14399.999999,21599.999999,44639.99999899999,4.363636363636364,0.6265301777667379,0.6900411605260517,4.77398109333156,9.389511861648254,7.0516814624693405,2.0381376518218626,0.275,28800.000001,82.80999999999995,2022-06-10T04:36:00+00:00,2023-06-20T06:08:00+00:00,9001,1.0268689634192714,0.13272058823529412
IND_DMA_3X3_V1_PRICE_CROSS_UP_DMA_1H,DMA,DIRECTIONAL_TRIGGER,1H,VALIDATION,5m,ALL,65,332,53,16,184,0.5542168674698795,0.15963855421686746,0.8153846153846154,323.31291705857524,179.18547210475253,6899.999999,8999.999999,13439.999999000001,0.6361204854862729,4.0545239035954115,0.693491124260354,0.29932334113455616,0.7989121950319379,1.136750277494247,3.781136638452243,0.04819277108433735,21600.000001,14.799999999999955,2022-06-10T04:36:00+00:00,2023-06-20T06:08:00+00:00,9001,1.0268689634192714,0.13016682113067654
IND_STOCH_14_3_3_V1_K_CROSS_UP_LEVEL_4H,STOCHASTIC,DIRECTIONAL_TRIGGER,4H,VALIDATION,30m,ALL,80,10,10,0,0,0.0,1.0,0.125,9.73834087525829,0.0,34199.999999,45449.999999,54179.99999899999,2.013798486715791,3.5277564234915126,0.8002137458282977,0.986674841339158,1.1492518215618952,8.857111311338338,12.407262875729426,0.0,,,2022-06-10T04:36:00+00:00,2023-06-20T06:08:00+00:00,2250,1.0268689634192714,0.125
IND_STOCH_14_3_3_V1_K_CROSS_UP_LEVEL_4H,STOCHASTIC,DIRECTIONAL_TRIGGER,4H,VALIDATION,5m,ALL,65,10,9,1,0,0.0,0.9,0.13846153846153847,9.73834087525829,0.0,24899.999999,41999.999999,46679.999999,1.0599007094635213,6.535783027121562,0.54863813229572,0.339026454083913,0.761589282129564,0.9594064920189564,3.2896551724137897,0.1,18000.000001,33.47000000000003,2022-06-10T04:36:00+00:00,2023-06-20T06:08:00+00:00,2250,1.0268689634192714,0.12461538461538463
IND_RSI_14_V1_RSI_CROSS_UP_50_4H,RSI,DIRECTIONAL_TRIGGER,4H,VALIDATION,5m,ALL,65,10,9,1,0,0.0,0.9,0.13846153846153847,9.73834087525829,0.0,22499.999999,24599.999999,37379.999999,1.6190476190476188,9.344850796499948,0.3685207100591701,0.5287507235508879,0.9494618567933573,0.8225047325100947,1.3357273405051497,0.1,36000.000001,17.679999999999836,2022-06-10T04:36:00+00:00,2023-06-20T06:08:00+00:00,2250,1.0268689634192714,0.12461538461538463
IND_SMA_CROSS_10_50_V1_MA_CROSS_UP_1H,MA/DMI,DIRECTIONAL_TRIGGER,1H,VALIDATION,30m,ALL,80,29,17,0,12,0.41379310344827586,0.5862068965517241,0.2125,28.24118853824904,11.686009050309949,41399.999999,50399.999999,73799.999999,3.636469221835069,6.2849462365591355,0.6707215541165585,1.6871617332347284,3.611290652489446,8.751052755948454,5.000637348629709,0.0,,,2022-06-10T04:36:00+00:00,2023-06-20T06:08:00+00:00,9001,1.0268689634192714,0.12456896551724136
PRICE_N3_BAR_EXTREME_BREAK_4H,PRICE_ONLY,PRICE_BASELINE,4H,VALIDATION,5m,ALL,65,29,15,1,7,0.2413793103448276,0.5172413793103449,0.23076923076923078,28.24118853824904,6.816838612680803,28199.999999,42449.999999,52439.999999,1.5912790697674355,13.371459112774296,0.3430738622233262,0.42156945767203025,1.1834723776255676,1.3429301674215894,2.628801945181304,0.034482758620689655,39600.000001,14.019999999999982,2022-06-10T04:36:00+00:00,2023-06-20T06:08:00+00:00,2250,1.0268689634192714,0.1193633952254642
IND_STOCH_14_3_3_V1_K_CROSS_UP_LEVEL_1H,STOCHASTIC,DIRECTIONAL_TRIGGER,1H,VALIDATION,30m,ALL,80,16,12,0,4,0.25,0.75,0.15,15.581345400413264,3.895336350103316,7199.999999,8999.999999,10619.999999,1.2318250127229975,2.209437721353895,0.8673247279660072,0.7563693156388298,2.387371158712931,11.152830838802984,14.059209170250668,0.0,,,2022-06-10T04:36:00+00:00,2023-06-20T06:08:00+00:00,9001,1.0268689634192714,0.11249999999999999
IND_RSI_14_V1_RSI_CROSS_UP_30_4H,RSI,DIRECTIONAL_TRIGGER,4H,VALIDATION,15m,ALL,144,18,17,0,1,0.05555555555555555,0.9444444444444444,0.11805555555555555,17.529013575464923,0.973834087525829,18899.999999,35999.999999,70919.999999,2.7559464044593835,4.961033024797152,0.6466690332505027,1.0963525195024222,3.4553017422105956,3.6482024326965146,4.641025641025603,0.0,,,2022-06-10T04:36:00+00:00,2023-06-20T06:08:00+00:00,2250,1.0268689634192714,0.11149691358024691
IND_DMA_7X5_V1_PRICE_CROSS_UP_DMA_4H,DMA,DIRECTIONAL_TRIGGER,4H,VALIDATION,6H,ALL,272,53,40,11,2,0.03773584905660377,0.7547169811320755,0.14705882352941177,51.61320663886894,1.947668175051658,21599.999999,35999.999999,58319.99999900001,2.0727675628028006,0.8092664927943887,0.5979426932201974,1.02827995739605,4.181023247525452,2.2825467544162747,2.0679282933691265,0.20754716981132076,36000.000001,43.48000000000002,2022-06-10T04:36:00+00:00,2023-06-20T06:08:00+00:00,2250,1.0268689634192714,0.1109877913429523
IND_RSI_14_V1_RSI_CROSS_UP_50_1H,RSI,DIRECTIONAL_TRIGGER,1H,VALIDATION,30m,ALL,80,65,24,0,26,0.4,0.36923076923076925,0.3,63.29921568917889,25.319686275671554,15299.999999,24299.999999,36719.999999,2.685547971502549,4.228262889896174,0.7909355777615916,1.0072633674964622,2.982447705430686,9.928546907091347,12.124769966875302,0.0,,,2022-06-10T04:36:00+00:00,2023-06-20T06:08:00+00:00,9001,1.0268689634192714,0.11076923076923077
PRICE_CLOSE_ABOVE_PREVIOUS_HIGH_4H,PRICE_ONLY,PRICE_BASELINE,4H,VALIDATION,30m,ALL,80,71,25,0,10,0.14084507042253522,0.352112676056338,0.3125,69.14222021433386,9.73834087525829,19799.999999,32399.999999,46079.999999000014,2.642050171893164,4.494192185850041,0.7871336124857248,0.841040777480565,2.7837319013789616,6.072513764821466,6.6576655052264755,0.0,,,2022-06-10T04:36:00+00:00,2023-06-20T06:08:00+00:00,2250,1.0268689634192714,0.11003521126760563
IND_ADX_14_V1_DI_CROSS_UP_15m,MA/DMI,DIRECTIONAL_TRIGGER,15m,VALIDATION,1H,ALL,631,1663,337,234,908,0.5460012026458209,0.2026458208057727,0.5340729001584786,1619.4860875554537,884.2413514734527,9899.999999,14399.999999,18899.999999,1.4437793433148987,1.601735693418115,0.585067025416807,0.48322494229926705,1.6116554413431738,1.4616725252018004,3.136222929308114,0.1407095610342754,12150.000001,26.985000000000127,2022-06-10T04:36:00+00:00,2023-06-20T06:08:00+00:00,36001,1.0268689634192714,0.1082276412227344
PRICE_N3_BAR_EXTREME_BREAK_4H,PRICE_ONLY,PRICE_BASELINE,4H,VALIDATION,30m,ALL,80,51,21,0,7,0.13725490196078433,0.4117647058823529,0.2625,49.66553846381728,6.816838612680803,30599.999999,55799.999999,70199.999999,2.6699919313430684,5.4505230251293115,0.7152486328373385,0.8769631408114096,2.7972027972027953,5.831438236646651,5.154935715842219,0.0,,,2022-06-10T04:36:00+00:00,2023-06-20T06:08:00+00:00,2250,1.0268689634192714,0.10808823529411765
PRICE_ONE_BAR_DIRECTION_CHANGE_1H,PRICE_ONLY,PRICE_BASELINE,1H,VALIDATION,5m,ALL,65,451,56,22,249,0.5521064301552107,0.12416851441241686,0.8615384615384616,439.1991734741489,242.4846877939314,5249.999999,8249.999999,10349.999999,0.6152280507774237,4.15916679798004,0.7140240527222652,0.2842124678378919,0.714909138918405,1.180736281362864,4.920663390294873,0.04878048780487805,13800.000001,14.844999999999914,2022-06-10T04:36:00+00:00,2023-06-20T06:08:00+00:00,9001,1.0268689634192714,0.10697595087838992
PRICE_CLOSE_ABOVE_PREVIOUS_HIGH_1H,PRICE_ONLY,PRICE_BASELINE,1H,VALIDATION,5m,ALL,65,377,51,10,209,0.5543766578249337,0.13527851458885942,0.7846153846153846,367.1354509972375,203.53132429289826,8999.999999,13199.999999,20699.999999,0.7874015748031451,5.242108536774997,0.6457857142857149,0.3648775894538601,0.8649345169879566,1.0537460091644544,2.8793342579750187,0.026525198938992044,15150.000001,22.56499999999994,2022-06-10T04:36:00+00:00,2023-06-20T06:08:00+00:00,9001,1.0268689634192714,0.10614160375433586
IND_RSI_14_V1_RSI_CROSS_UP_30_1H,RSI,DIRECTIONAL_TRIGGER,1H,VALIDATION,30m,ALL,80,17,12,0,4,0.23529411764705882,0.7058823529411765,0.15,16.555179487939093,3.895336350103316,8099.999999,12599.999999,15839.999999000001,1.4081102214653154,2.268579765512322,0.8569291804280452,0.8350838304010082,2.9431282850563116,8.110482749694484,7.595011334065353,0.0,,,2022-06-10T04:36:00+00:00,2023-06-20T06:08:00+00:00,9001,1.0268689634192714,0.10588235294117647
