candidate_id,family,role,source_engine,source_feature_or_signal,parameter_set_id,decision_tf,direction_semantics,threshold_method,discovery_definition,validation_frozen,version
PRICE_ONE_BAR_DIRECTION_CHANGE_5m,PRICE_ONLY,PRICE_BASELINE,PRICE_ACTION_V1,ONE_BAR_DIRECTION_CHANGE,ONE_BAR_DIRECTION_CHANGE,5m,EXPLICIT_UP_DOWN,NONE,close direction flip vs prior bar,YES,REVERSAL_SIGNAL_EVENT_STUDY_V1
PRICE_CLOSE_ABOVE_PREVIOUS_HIGH_5m,PRICE_ONLY,PRICE_BASELINE,PRICE_ACTION_V1,CLOSE_ABOVE_PREVIOUS_HIGH,CLOSE_ABOVE_PREVIOUS_HIGH,5m,EXPLICIT_UP_DOWN,NONE,close > prior high → UP; close < prior low → DOWN twin,YES,REVERSAL_SIGNAL_EVENT_STUDY_V1
PRICE_N3_BAR_EXTREME_BREAK_5m,PRICE_ONLY,PRICE_BASELINE,PRICE_ACTION_V1,N3_BAR_EXTREME_BREAK,N3_BAR_EXTREME_BREAK,5m,EXPLICIT_UP_DOWN,NONE,close breaks 3-bar high/low,YES,REVERSAL_SIGNAL_EVENT_STUDY_V1
PRICE_N5_BAR_EXTREME_BREAK_5m,PRICE_ONLY,PRICE_BASELINE,PRICE_ACTION_V1,N5_BAR_EXTREME_BREAK,N5_BAR_EXTREME_BREAK,5m,EXPLICIT_UP_DOWN,NONE,close breaks 5-bar high/low,YES,REVERSAL_SIGNAL_EVENT_STUDY_V1
PRICE_SHORT_TERM_SLOPE_SIGN_CHANGE_5m,PRICE_ONLY,PRICE_BASELINE,PRICE_ACTION_V1,SHORT_TERM_SLOPE_SIGN_CHANGE,SHORT_TERM_SLOPE_SIGN_CHANGE,5m,EXPLICIT_UP_DOWN,NONE,3-bar close slope sign change,YES,REVERSAL_SIGNAL_EVENT_STUDY_V1
PRICE_ONE_BAR_DIRECTION_CHANGE_15m,PRICE_ONLY,PRICE_BASELINE,PRICE_ACTION_V1,ONE_BAR_DIRECTION_CHANGE,ONE_BAR_DIRECTION_CHANGE,15m,EXPLICIT_UP_DOWN,NONE,close direction flip vs prior bar,YES,REVERSAL_SIGNAL_EVENT_STUDY_V1
PRICE_CLOSE_ABOVE_PREVIOUS_HIGH_15m,PRICE_ONLY,PRICE_BASELINE,PRICE_ACTION_V1,CLOSE_ABOVE_PREVIOUS_HIGH,CLOSE_ABOVE_PREVIOUS_HIGH,15m,EXPLICIT_UP_DOWN,NONE,close > prior high → UP; close < prior low → DOWN twin,YES,REVERSAL_SIGNAL_EVENT_STUDY_V1
PRICE_N3_BAR_EXTREME_BREAK_15m,PRICE_ONLY,PRICE_BASELINE,PRICE_ACTION_V1,N3_BAR_EXTREME_BREAK,N3_BAR_EXTREME_BREAK,15m,EXPLICIT_UP_DOWN,NONE,close breaks 3-bar high/low,YES,REVERSAL_SIGNAL_EVENT_STUDY_V1
PRICE_N5_BAR_EXTREME_BREAK_15m,PRICE_ONLY,PRICE_BASELINE,PRICE_ACTION_V1,N5_BAR_EXTREME_BREAK,N5_BAR_EXTREME_BREAK,15m,EXPLICIT_UP_DOWN,NONE,close breaks 5-bar high/low,YES,REVERSAL_SIGNAL_EVENT_STUDY_V1
PRICE_SHORT_TERM_SLOPE_SIGN_CHANGE_15m,PRICE_ONLY,PRICE_BASELINE,PRICE_ACTION_V1,SHORT_TERM_SLOPE_SIGN_CHANGE,SHORT_TERM_SLOPE_SIGN_CHANGE,15m,EXPLICIT_UP_DOWN,NONE,3-bar close slope sign change,YES,REVERSAL_SIGNAL_EVENT_STUDY_V1
PRICE_ONE_BAR_DIRECTION_CHANGE_1H,PRICE_ONLY,PRICE_BASELINE,PRICE_ACTION_V1,ONE_BAR_DIRECTION_CHANGE,ONE_BAR_DIRECTION_CHANGE,1H,EXPLICIT_UP_DOWN,NONE,close direction flip vs prior bar,YES,REVERSAL_SIGNAL_EVENT_STUDY_V1
PRICE_CLOSE_ABOVE_PREVIOUS_HIGH_1H,PRICE_ONLY,PRICE_BASELINE,PRICE_ACTION_V1,CLOSE_ABOVE_PREVIOUS_HIGH,CLOSE_ABOVE_PREVIOUS_HIGH,1H,EXPLICIT_UP_DOWN,NONE,close > prior high → UP; close < prior low → DOWN twin,YES,REVERSAL_SIGNAL_EVENT_STUDY_V1
PRICE_N3_BAR_EXTREME_BREAK_1H,PRICE_ONLY,PRICE_BASELINE,PRICE_ACTION_V1,N3_BAR_EXTREME_BREAK,N3_BAR_EXTREME_BREAK,1H,EXPLICIT_UP_DOWN,NONE,close breaks 3-bar high/low,YES,REVERSAL_SIGNAL_EVENT_STUDY_V1
PRICE_N5_BAR_EXTREME_BREAK_1H,PRICE_ONLY,PRICE_BASELINE,PRICE_ACTION_V1,N5_BAR_EXTREME_BREAK,N5_BAR_EXTREME_BREAK,1H,EXPLICIT_UP_DOWN,NONE,close breaks 5-bar high/low,YES,REVERSAL_SIGNAL_EVENT_STUDY_V1
PRICE_SHORT_TERM_SLOPE_SIGN_CHANGE_1H,PRICE_ONLY,PRICE_BASELINE,PRICE_ACTION_V1,SHORT_TERM_SLOPE_SIGN_CHANGE,SHORT_TERM_SLOPE_SIGN_CHANGE,1H,EXPLICIT_UP_DOWN,NONE,3-bar close slope sign change,YES,REVERSAL_SIGNAL_EVENT_STUDY_V1
PRICE_ONE_BAR_DIRECTION_CHANGE_4H,PRICE_ONLY,PRICE_BASELINE,PRICE_ACTION_V1,ONE_BAR_DIRECTION_CHANGE,ONE_BAR_DIRECTION_CHANGE,4H,EXPLICIT_UP_DOWN,NONE,close direction flip vs prior bar,YES,REVERSAL_SIGNAL_EVENT_STUDY_V1
PRICE_CLOSE_ABOVE_PREVIOUS_HIGH_4H,PRICE_ONLY,PRICE_BASELINE,PRICE_ACTION_V1,CLOSE_ABOVE_PREVIOUS_HIGH,CLOSE_ABOVE_PREVIOUS_HIGH,4H,EXPLICIT_UP_DOWN,NONE,close > prior high → UP; close < prior low → DOWN twin,YES,REVERSAL_SIGNAL_EVENT_STUDY_V1
PRICE_N3_BAR_EXTREME_BREAK_4H,PRICE_ONLY,PRICE_BASELINE,PRICE_ACTION_V1,N3_BAR_EXTREME_BREAK,N3_BAR_EXTREME_BREAK,4H,EXPLICIT_UP_DOWN,NONE,close breaks 3-bar high/low,YES,REVERSAL_SIGNAL_EVENT_STUDY_V1
PRICE_N5_BAR_EXTREME_BREAK_4H,PRICE_ONLY,PRICE_BASELINE,PRICE_ACTION_V1,N5_BAR_EXTREME_BREAK,N5_BAR_EXTREME_BREAK,4H,EXPLICIT_UP_DOWN,NONE,close breaks 5-bar high/low,YES,REVERSAL_SIGNAL_EVENT_STUDY_V1
PRICE_SHORT_TERM_SLOPE_SIGN_CHANGE_4H,PRICE_ONLY,PRICE_BASELINE,PRICE_ACTION_V1,SHORT_TERM_SLOPE_SIGN_CHANGE,SHORT_TERM_SLOPE_SIGN_CHANGE,4H,EXPLICIT_UP_DOWN,NONE,3-bar close slope sign change,YES,REVERSAL_SIGNAL_EVENT_STUDY_V1
IND_DMA_3X3_V1_PRICE_CROSS_UP_DMA_5m,DMA,DIRECTIONAL_TRIGGER,INDICATOR_ENGINE_V1,PRICE_CROSS_UP_DMA|PRICE_CROSS_DOWN_DMA,DMA_3X3_V1,5m,UP=PRICE_CROSS_UP_DMA;DOWN=PRICE_CROSS_DOWN_DMA,NONE,IND_DMA_3X3_V1_PRICE_CROSS_UP_DMA_5m,YES,REVERSAL_SIGNAL_EVENT_STUDY_V1
IND_DMA_7X5_V1_PRICE_CROSS_UP_DMA_5m,DMA,DIRECTIONAL_TRIGGER,INDICATOR_ENGINE_V1,PRICE_CROSS_UP_DMA|PRICE_CROSS_DOWN_DMA,DMA_7X5_V1,5m,UP=PRICE_CROSS_UP_DMA;DOWN=PRICE_CROSS_DOWN_DMA,NONE,IND_DMA_7X5_V1_PRICE_CROSS_UP_DMA_5m,YES,REVERSAL_SIGNAL_EVENT_STUDY_V1
IND_DMA_25X5_V1_PRICE_CROSS_UP_DMA_5m,DMA,DIRECTIONAL_TRIGGER,INDICATOR_ENGINE_V1,PRICE_CROSS_UP_DMA|PRICE_CROSS_DOWN_DMA,DMA_25X5_V1,5m,UP=PRICE_CROSS_UP_DMA;DOWN=PRICE_CROSS_DOWN_DMA,NONE,IND_DMA_25X5_V1_PRICE_CROSS_UP_DMA_5m,YES,REVERSAL_SIGNAL_EVENT_STUDY_V1
IND_STOCH_14_3_3_V1_K_CROSS_UP_D_5m,STOCHASTIC,DIRECTIONAL_TRIGGER,INDICATOR_ENGINE_V1,K_CROSS_UP_D|K_CROSS_DOWN_D,STOCH_14_3_3_V1,5m,UP=K_CROSS_UP_D;DOWN=K_CROSS_DOWN_D,NONE,IND_STOCH_14_3_3_V1_K_CROSS_UP_D_5m,YES,REVERSAL_SIGNAL_EVENT_STUDY_V1
IND_STOCH_14_3_3_V1_K_CROSS_UP_LEVEL_5m,STOCHASTIC,DIRECTIONAL_TRIGGER,INDICATOR_ENGINE_V1,K_CROSS_UP_LEVEL|K_CROSS_DOWN_LEVEL,STOCH_14_3_3_V1,5m,UP=K_CROSS_UP_LEVEL;DOWN=K_CROSS_DOWN_LEVEL,NONE,IND_STOCH_14_3_3_V1_K_CROSS_UP_LEVEL_5m,YES,REVERSAL_SIGNAL_EVENT_STUDY_V1
IND_MACD_12_26_9_V1_MACD_CROSS_UP_SIGNAL_5m,MACD,DIRECTIONAL_TRIGGER,INDICATOR_ENGINE_V1,MACD_CROSS_UP_SIGNAL|MACD_CROSS_DOWN_SIGNAL,MACD_12_26_9_V1,5m,UP=MACD_CROSS_UP_SIGNAL;DOWN=MACD_CROSS_DOWN_SIGNAL,NONE,IND_MACD_12_26_9_V1_MACD_CROSS_UP_SIGNAL_5m,YES,REVERSAL_SIGNAL_EVENT_STUDY_V1
IND_MACD_12_26_9_V1_HISTOGRAM_CROSS_UP_ZERO_5m,MACD,DIRECTIONAL_TRIGGER,INDICATOR_ENGINE_V1,HISTOGRAM_CROSS_UP_ZERO|HISTOGRAM_CROSS_DOWN_ZERO,MACD_12_26_9_V1,5m,UP=HISTOGRAM_CROSS_UP_ZERO;DOWN=HISTOGRAM_CROSS_DOWN_ZERO,NONE,IND_MACD_12_26_9_V1_HISTOGRAM_CROSS_UP_ZERO_5m,YES,REVERSAL_SIGNAL_EVENT_STUDY_V1
IND_RSI_14_V1_RSI_CROSS_UP_30_5m,RSI,DIRECTIONAL_TRIGGER,INDICATOR_ENGINE_V1,RSI_CROSS_UP_30|RSI_CROSS_DOWN_70,RSI_14_V1,5m,UP=RSI_CROSS_UP_30;DOWN=RSI_CROSS_DOWN_70,NONE,IND_RSI_14_V1_RSI_CROSS_UP_30_5m,YES,REVERSAL_SIGNAL_EVENT_STUDY_V1
IND_RSI_14_V1_RSI_CROSS_UP_50_5m,RSI,DIRECTIONAL_TRIGGER,INDICATOR_ENGINE_V1,RSI_CROSS_UP_50|RSI_CROSS_DOWN_50,RSI_14_V1,5m,UP=RSI_CROSS_UP_50;DOWN=RSI_CROSS_DOWN_50,NONE,IND_RSI_14_V1_RSI_CROSS_UP_50_5m,YES,REVERSAL_SIGNAL_EVENT_STUDY_V1
IND_SMA_CROSS_10_50_V1_MA_CROSS_UP_5m,MA/DMI,DIRECTIONAL_TRIGGER,INDICATOR_ENGINE_V1,MA_CROSS_UP|MA_CROSS_DOWN,SMA_CROSS_10_50_V1,5m,UP=MA_CROSS_UP;DOWN=MA_CROSS_DOWN,NONE,IND_SMA_CROSS_10_50_V1_MA_CROSS_UP_5m,YES,REVERSAL_SIGNAL_EVENT_STUDY_V1
IND_ADX_14_V1_DI_CROSS_UP_5m,MA/DMI,DIRECTIONAL_TRIGGER,INDICATOR_ENGINE_V1,DI_CROSS_UP|DI_CROSS_DOWN,ADX_14_V1,5m,UP=DI_CROSS_UP;DOWN=DI_CROSS_DOWN,NONE,IND_ADX_14_V1_DI_CROSS_UP_5m,YES,REVERSAL_SIGNAL_EVENT_STUDY_V1
IND_DMA_3X3_V1_PRICE_CROSS_UP_DMA_15m,DMA,DIRECTIONAL_TRIGGER,INDICATOR_ENGINE_V1,PRICE_CROSS_UP_DMA|PRICE_CROSS_DOWN_DMA,DMA_3X3_V1,15m,UP=PRICE_CROSS_UP_DMA;DOWN=PRICE_CROSS_DOWN_DMA,NONE,IND_DMA_3X3_V1_PRICE_CROSS_UP_DMA_15m,YES,REVERSAL_SIGNAL_EVENT_STUDY_V1
IND_DMA_7X5_V1_PRICE_CROSS_UP_DMA_15m,DMA,DIRECTIONAL_TRIGGER,INDICATOR_ENGINE_V1,PRICE_CROSS_UP_DMA|PRICE_CROSS_DOWN_DMA,DMA_7X5_V1,15m,UP=PRICE_CROSS_UP_DMA;DOWN=PRICE_CROSS_DOWN_DMA,NONE,IND_DMA_7X5_V1_PRICE_CROSS_UP_DMA_15m,YES,REVERSAL_SIGNAL_EVENT_STUDY_V1
IND_DMA_25X5_V1_PRICE_CROSS_UP_DMA_15m,DMA,DIRECTIONAL_TRIGGER,INDICATOR_ENGINE_V1,PRICE_CROSS_UP_DMA|PRICE_CROSS_DOWN_DMA,DMA_25X5_V1,15m,UP=PRICE_CROSS_UP_DMA;DOWN=PRICE_CROSS_DOWN_DMA,NONE,IND_DMA_25X5_V1_PRICE_CROSS_UP_DMA_15m,YES,REVERSAL_SIGNAL_EVENT_STUDY_V1
IND_STOCH_14_3_3_V1_K_CROSS_UP_D_15m,STOCHASTIC,DIRECTIONAL_TRIGGER,INDICATOR_ENGINE_V1,K_CROSS_UP_D|K_CROSS_DOWN_D,STOCH_14_3_3_V1,15m,UP=K_CROSS_UP_D;DOWN=K_CROSS_DOWN_D,NONE,IND_STOCH_14_3_3_V1_K_CROSS_UP_D_15m,YES,REVERSAL_SIGNAL_EVENT_STUDY_V1
IND_STOCH_14_3_3_V1_K_CROSS_UP_LEVEL_15m,STOCHASTIC,DIRECTIONAL_TRIGGER,INDICATOR_ENGINE_V1,K_CROSS_UP_LEVEL|K_CROSS_DOWN_LEVEL,STOCH_14_3_3_V1,15m,UP=K_CROSS_UP_LEVEL;DOWN=K_CROSS_DOWN_LEVEL,NONE,IND_STOCH_14_3_3_V1_K_CROSS_UP_LEVEL_15m,YES,REVERSAL_SIGNAL_EVENT_STUDY_V1
IND_MACD_12_26_9_V1_MACD_CROSS_UP_SIGNAL_15m,MACD,DIRECTIONAL_TRIGGER,INDICATOR_ENGINE_V1,MACD_CROSS_UP_SIGNAL|MACD_CROSS_DOWN_SIGNAL,MACD_12_26_9_V1,15m,UP=MACD_CROSS_UP_SIGNAL;DOWN=MACD_CROSS_DOWN_SIGNAL,NONE,IND_MACD_12_26_9_V1_MACD_CROSS_UP_SIGNAL_15m,YES,REVERSAL_SIGNAL_EVENT_STUDY_V1
IND_MACD_12_26_9_V1_HISTOGRAM_CROSS_UP_ZERO_15m,MACD,DIRECTIONAL_TRIGGER,INDICATOR_ENGINE_V1,HISTOGRAM_CROSS_UP_ZERO|HISTOGRAM_CROSS_DOWN_ZERO,MACD_12_26_9_V1,15m,UP=HISTOGRAM_CROSS_UP_ZERO;DOWN=HISTOGRAM_CROSS_DOWN_ZERO,NONE,IND_MACD_12_26_9_V1_HISTOGRAM_CROSS_UP_ZERO_15m,YES,REVERSAL_SIGNAL_EVENT_STUDY_V1
IND_RSI_14_V1_RSI_CROSS_UP_30_15m,RSI,DIRECTIONAL_TRIGGER,INDICATOR_ENGINE_V1,RSI_CROSS_UP_30|RSI_CROSS_DOWN_70,RSI_14_V1,15m,UP=RSI_CROSS_UP_30;DOWN=RSI_CROSS_DOWN_70,NONE,IND_RSI_14_V1_RSI_CROSS_UP_30_15m,YES,REVERSAL_SIGNAL_EVENT_STUDY_V1
IND_RSI_14_V1_RSI_CROSS_UP_50_15m,RSI,DIRECTIONAL_TRIGGER,INDICATOR_ENGINE_V1,RSI_CROSS_UP_50|RSI_CROSS_DOWN_50,RSI_14_V1,15m,UP=RSI_CROSS_UP_50;DOWN=RSI_CROSS_DOWN_50,NONE,IND_RSI_14_V1_RSI_CROSS_UP_50_15m,YES,REVERSAL_SIGNAL_EVENT_STUDY_V1
IND_SMA_CROSS_10_50_V1_MA_CROSS_UP_15m,MA/DMI,DIRECTIONAL_TRIGGER,INDICATOR_ENGINE_V1,MA_CROSS_UP|MA_CROSS_DOWN,SMA_CROSS_10_50_V1,15m,UP=MA_CROSS_UP;DOWN=MA_CROSS_DOWN,NONE,IND_SMA_CROSS_10_50_V1_MA_CROSS_UP_15m,YES,REVERSAL_SIGNAL_EVENT_STUDY_V1
IND_ADX_14_V1_DI_CROSS_UP_15m,MA/DMI,DIRECTIONAL_TRIGGER,INDICATOR_ENGINE_V1,DI_CROSS_UP|DI_CROSS_DOWN,ADX_14_V1,15m,UP=DI_CROSS_UP;DOWN=DI_CROSS_DOWN,NONE,IND_ADX_14_V1_DI_CROSS_UP_15m,YES,REVERSAL_SIGNAL_EVENT_STUDY_V1
IND_DMA_3X3_V1_PRICE_CROSS_UP_DMA_1H,DMA,DIRECTIONAL_TRIGGER,INDICATOR_ENGINE_V1,PRICE_CROSS_UP_DMA|PRICE_CROSS_DOWN_DMA,DMA_3X3_V1,1H,UP=PRICE_CROSS_UP_DMA;DOWN=PRICE_CROSS_DOWN_DMA,NONE,IND_DMA_3X3_V1_PRICE_CROSS_UP_DMA_1H,YES,REVERSAL_SIGNAL_EVENT_STUDY_V1
IND_DMA_7X5_V1_PRICE_CROSS_UP_DMA_1H,DMA,DIRECTIONAL_TRIGGER,INDICATOR_ENGINE_V1,PRICE_CROSS_UP_DMA|PRICE_CROSS_DOWN_DMA,DMA_7X5_V1,1H,UP=PRICE_CROSS_UP_DMA;DOWN=PRICE_CROSS_DOWN_DMA,NONE,IND_DMA_7X5_V1_PRICE_CROSS_UP_DMA_1H,YES,REVERSAL_SIGNAL_EVENT_STUDY_V1
IND_DMA_25X5_V1_PRICE_CROSS_UP_DMA_1H,DMA,DIRECTIONAL_TRIGGER,INDICATOR_ENGINE_V1,PRICE_CROSS_UP_DMA|PRICE_CROSS_DOWN_DMA,DMA_25X5_V1,1H,UP=PRICE_CROSS_UP_DMA;DOWN=PRICE_CROSS_DOWN_DMA,NONE,IND_DMA_25X5_V1_PRICE_CROSS_UP_DMA_1H,YES,REVERSAL_SIGNAL_EVENT_STUDY_V1
IND_STOCH_14_3_3_V1_K_CROSS_UP_D_1H,STOCHASTIC,DIRECTIONAL_TRIGGER,INDICATOR_ENGINE_V1,K_CROSS_UP_D|K_CROSS_DOWN_D,STOCH_14_3_3_V1,1H,UP=K_CROSS_UP_D;DOWN=K_CROSS_DOWN_D,NONE,IND_STOCH_14_3_3_V1_K_CROSS_UP_D_1H,YES,REVERSAL_SIGNAL_EVENT_STUDY_V1
IND_STOCH_14_3_3_V1_K_CROSS_UP_LEVEL_1H,STOCHASTIC,DIRECTIONAL_TRIGGER,INDICATOR_ENGINE_V1,K_CROSS_UP_LEVEL|K_CROSS_DOWN_LEVEL,STOCH_14_3_3_V1,1H,UP=K_CROSS_UP_LEVEL;DOWN=K_CROSS_DOWN_LEVEL,NONE,IND_STOCH_14_3_3_V1_K_CROSS_UP_LEVEL_1H,YES,REVERSAL_SIGNAL_EVENT_STUDY_V1
IND_MACD_12_26_9_V1_MACD_CROSS_UP_SIGNAL_1H,MACD,DIRECTIONAL_TRIGGER,INDICATOR_ENGINE_V1,MACD_CROSS_UP_SIGNAL|MACD_CROSS_DOWN_SIGNAL,MACD_12_26_9_V1,1H,UP=MACD_CROSS_UP_SIGNAL;DOWN=MACD_CROSS_DOWN_SIGNAL,NONE,IND_MACD_12_26_9_V1_MACD_CROSS_UP_SIGNAL_1H,YES,REVERSAL_SIGNAL_EVENT_STUDY_V1
IND_MACD_12_26_9_V1_HISTOGRAM_CROSS_UP_ZERO_1H,MACD,DIRECTIONAL_TRIGGER,INDICATOR_ENGINE_V1,HISTOGRAM_CROSS_UP_ZERO|HISTOGRAM_CROSS_DOWN_ZERO,MACD_12_26_9_V1,1H,UP=HISTOGRAM_CROSS_UP_ZERO;DOWN=HISTOGRAM_CROSS_DOWN_ZERO,NONE,IND_MACD_12_26_9_V1_HISTOGRAM_CROSS_UP_ZERO_1H,YES,REVERSAL_SIGNAL_EVENT_STUDY_V1
IND_RSI_14_V1_RSI_CROSS_UP_30_1H,RSI,DIRECTIONAL_TRIGGER,INDICATOR_ENGINE_V1,RSI_CROSS_UP_30|RSI_CROSS_DOWN_70,RSI_14_V1,1H,UP=RSI_CROSS_UP_30;DOWN=RSI_CROSS_DOWN_70,NONE,IND_RSI_14_V1_RSI_CROSS_UP_30_1H,YES,REVERSAL_SIGNAL_EVENT_STUDY_V1
IND_RSI_14_V1_RSI_CROSS_UP_50_1H,RSI,DIRECTIONAL_TRIGGER,INDICATOR_ENGINE_V1,RSI_CROSS_UP_50|RSI_CROSS_DOWN_50,RSI_14_V1,1H,UP=RSI_CROSS_UP_50;DOWN=RSI_CROSS_DOWN_50,NONE,IND_RSI_14_V1_RSI_CROSS_UP_50_1H,YES,REVERSAL_SIGNAL_EVENT_STUDY_V1
IND_SMA_CROSS_10_50_V1_MA_CROSS_UP_1H,MA/DMI,DIRECTIONAL_TRIGGER,INDICATOR_ENGINE_V1,MA_CROSS_UP|MA_CROSS_DOWN,SMA_CROSS_10_50_V1,1H,UP=MA_CROSS_UP;DOWN=MA_CROSS_DOWN,NONE,IND_SMA_CROSS_10_50_V1_MA_CROSS_UP_1H,YES,REVERSAL_SIGNAL_EVENT_STUDY_V1
IND_ADX_14_V1_DI_CROSS_UP_1H,MA/DMI,DIRECTIONAL_TRIGGER,INDICATOR_ENGINE_V1,DI_CROSS_UP|DI_CROSS_DOWN,ADX_14_V1,1H,UP=DI_CROSS_UP;DOWN=DI_CROSS_DOWN,NONE,IND_ADX_14_V1_DI_CROSS_UP_1H,YES,REVERSAL_SIGNAL_EVENT_STUDY_V1
IND_DMA_3X3_V1_PRICE_CROSS_UP_DMA_4H,DMA,DIRECTIONAL_TRIGGER,INDICATOR_ENGINE_V1,PRICE_CROSS_UP_DMA|PRICE_CROSS_DOWN_DMA,DMA_3X3_V1,4H,UP=PRICE_CROSS_UP_DMA;DOWN=PRICE_CROSS_DOWN_DMA,NONE,IND_DMA_3X3_V1_PRICE_CROSS_UP_DMA_4H,YES,REVERSAL_SIGNAL_EVENT_STUDY_V1
IND_DMA_7X5_V1_PRICE_CROSS_UP_DMA_4H,DMA,DIRECTIONAL_TRIGGER,INDICATOR_ENGINE_V1,PRICE_CROSS_UP_DMA|PRICE_CROSS_DOWN_DMA,DMA_7X5_V1,4H,UP=PRICE_CROSS_UP_DMA;DOWN=PRICE_CROSS_DOWN_DMA,NONE,IND_DMA_7X5_V1_PRICE_CROSS_UP_DMA_4H,YES,REVERSAL_SIGNAL_EVENT_STUDY_V1
IND_DMA_25X5_V1_PRICE_CROSS_UP_DMA_4H,DMA,DIRECTIONAL_TRIGGER,INDICATOR_ENGINE_V1,PRICE_CROSS_UP_DMA|PRICE_CROSS_DOWN_DMA,DMA_25X5_V1,4H,UP=PRICE_CROSS_UP_DMA;DOWN=PRICE_CROSS_DOWN_DMA,NONE,IND_DMA_25X5_V1_PRICE_CROSS_UP_DMA_4H,YES,REVERSAL_SIGNAL_EVENT_STUDY_V1
IND_STOCH_14_3_3_V1_K_CROSS_UP_D_4H,STOCHASTIC,DIRECTIONAL_TRIGGER,INDICATOR_ENGINE_V1,K_CROSS_UP_D|K_CROSS_DOWN_D,STOCH_14_3_3_V1,4H,UP=K_CROSS_UP_D;DOWN=K_CROSS_DOWN_D,NONE,IND_STOCH_14_3_3_V1_K_CROSS_UP_D_4H,YES,REVERSAL_SIGNAL_EVENT_STUDY_V1
IND_STOCH_14_3_3_V1_K_CROSS_UP_LEVEL_4H,STOCHASTIC,DIRECTIONAL_TRIGGER,INDICATOR_ENGINE_V1,K_CROSS_UP_LEVEL|K_CROSS_DOWN_LEVEL,STOCH_14_3_3_V1,4H,UP=K_CROSS_UP_LEVEL;DOWN=K_CROSS_DOWN_LEVEL,NONE,IND_STOCH_14_3_3_V1_K_CROSS_UP_LEVEL_4H,YES,REVERSAL_SIGNAL_EVENT_STUDY_V1
IND_MACD_12_26_9_V1_MACD_CROSS_UP_SIGNAL_4H,MACD,DIRECTIONAL_TRIGGER,INDICATOR_ENGINE_V1,MACD_CROSS_UP_SIGNAL|MACD_CROSS_DOWN_SIGNAL,MACD_12_26_9_V1,4H,UP=MACD_CROSS_UP_SIGNAL;DOWN=MACD_CROSS_DOWN_SIGNAL,NONE,IND_MACD_12_26_9_V1_MACD_CROSS_UP_SIGNAL_4H,YES,REVERSAL_SIGNAL_EVENT_STUDY_V1
IND_MACD_12_26_9_V1_HISTOGRAM_CROSS_UP_ZERO_4H,MACD,DIRECTIONAL_TRIGGER,INDICATOR_ENGINE_V1,HISTOGRAM_CROSS_UP_ZERO|HISTOGRAM_CROSS_DOWN_ZERO,MACD_12_26_9_V1,4H,UP=HISTOGRAM_CROSS_UP_ZERO;DOWN=HISTOGRAM_CROSS_DOWN_ZERO,NONE,IND_MACD_12_26_9_V1_HISTOGRAM_CROSS_UP_ZERO_4H,YES,REVERSAL_SIGNAL_EVENT_STUDY_V1
IND_RSI_14_V1_RSI_CROSS_UP_30_4H,RSI,DIRECTIONAL_TRIGGER,INDICATOR_ENGINE_V1,RSI_CROSS_UP_30|RSI_CROSS_DOWN_70,RSI_14_V1,4H,UP=RSI_CROSS_UP_30;DOWN=RSI_CROSS_DOWN_70,NONE,IND_RSI_14_V1_RSI_CROSS_UP_30_4H,YES,REVERSAL_SIGNAL_EVENT_STUDY_V1
IND_RSI_14_V1_RSI_CROSS_UP_50_4H,RSI,DIRECTIONAL_TRIGGER,INDICATOR_ENGINE_V1,RSI_CROSS_UP_50|RSI_CROSS_DOWN_50,RSI_14_V1,4H,UP=RSI_CROSS_UP_50;DOWN=RSI_CROSS_DOWN_50,NONE,IND_RSI_14_V1_RSI_CROSS_UP_50_4H,YES,REVERSAL_SIGNAL_EVENT_STUDY_V1
IND_SMA_CROSS_10_50_V1_MA_CROSS_UP_4H,MA/DMI,DIRECTIONAL_TRIGGER,INDICATOR_ENGINE_V1,MA_CROSS_UP|MA_CROSS_DOWN,SMA_CROSS_10_50_V1,4H,UP=MA_CROSS_UP;DOWN=MA_CROSS_DOWN,NONE,IND_SMA_CROSS_10_50_V1_MA_CROSS_UP_4H,YES,REVERSAL_SIGNAL_EVENT_STUDY_V1
IND_ADX_14_V1_DI_CROSS_UP_4H,MA/DMI,DIRECTIONAL_TRIGGER,INDICATOR_ENGINE_V1,DI_CROSS_UP|DI_CROSS_DOWN,ADX_14_V1,4H,UP=DI_CROSS_UP;DOWN=DI_CROSS_DOWN,NONE,IND_ADX_14_V1_DI_CROSS_UP_4H,YES,REVERSAL_SIGNAL_EVENT_STUDY_V1
PREDTRIG_PRED_DMA_3X3_CROSS_UP_V1__PRED_DMA_3X3_CROSS_DOWN_V1__5m,INVERSE_PREDICTOR,PREDICTOR_THRESHOLD,INVERSE_PREDICTOR_ENGINE_V1,PRED_DMA_3X3_CROSS_UP_V1|PRED_DMA_3X3_CROSS_DOWN_V1,PRED_DMA_3X3_CROSS_UP_V1|PRED_DMA_3X3_CROSS_DOWN_V1,5m,UP=close crosses prior UP/level trigger from below; DOWN=from above,NONE,PREDTRIG_PRED_DMA_3X3_CROSS_UP_V1__PRED_DMA_3X3_CROSS_DOWN_V1__5m,YES,REVERSAL_SIGNAL_EVENT_STUDY_V1
PREDTRIG_PRED_DMA_7X5_CROSS_UP_V1__PRED_DMA_7X5_CROSS_DOWN_V1__5m,INVERSE_PREDICTOR,PREDICTOR_THRESHOLD,INVERSE_PREDICTOR_ENGINE_V1,PRED_DMA_7X5_CROSS_UP_V1|PRED_DMA_7X5_CROSS_DOWN_V1,PRED_DMA_7X5_CROSS_UP_V1|PRED_DMA_7X5_CROSS_DOWN_V1,5m,UP=close crosses prior UP/level trigger from below; DOWN=from above,NONE,PREDTRIG_PRED_DMA_7X5_CROSS_UP_V1__PRED_DMA_7X5_CROSS_DOWN_V1__5m,YES,REVERSAL_SIGNAL_EVENT_STUDY_V1
PREDTRIG_PRED_DMA_25X5_CROSS_UP_V1__PRED_DMA_25X5_CROSS_DOWN_V1__5m,INVERSE_PREDICTOR,PREDICTOR_THRESHOLD,INVERSE_PREDICTOR_ENGINE_V1,PRED_DMA_25X5_CROSS_UP_V1|PRED_DMA_25X5_CROSS_DOWN_V1,PRED_DMA_25X5_CROSS_UP_V1|PRED_DMA_25X5_CROSS_DOWN_V1,5m,UP=close crosses prior UP/level trigger from below; DOWN=from above,NONE,PREDTRIG_PRED_DMA_25X5_CROSS_UP_V1__PRED_DMA_25X5_CROSS_DOWN_V1__5m,YES,REVERSAL_SIGNAL_EVENT_STUDY_V1
PREDTRIG_PRED_RSI_14_CROSS_UP_30_V1__PRED_RSI_14_CROSS_DOWN_70_V1__5m,INVERSE_PREDICTOR,PREDICTOR_THRESHOLD,INVERSE_PREDICTOR_ENGINE_V1,PRED_RSI_14_CROSS_UP_30_V1|PRED_RSI_14_CROSS_DOWN_70_V1,PRED_RSI_14_CROSS_UP_30_V1|PRED_RSI_14_CROSS_DOWN_70_V1,5m,UP=close crosses prior UP/level trigger from below; DOWN=from above,NONE,PREDTRIG_PRED_RSI_14_CROSS_UP_30_V1__PRED_RSI_14_CROSS_DOWN_70_V1__5m,YES,REVERSAL_SIGNAL_EVENT_STUDY_V1
PREDTRIG_PRED_RSI_14_50_V1__PRED_RSI_14_50_V1__5m,INVERSE_PREDICTOR,PREDICTOR_THRESHOLD,INVERSE_PREDICTOR_ENGINE_V1,PRED_RSI_14_50_V1|PRED_RSI_14_50_V1,PRED_RSI_14_50_V1|PRED_RSI_14_50_V1,5m,UP=close crosses prior UP/level trigger from below; DOWN=from above,NONE,PREDTRIG_PRED_RSI_14_50_V1__PRED_RSI_14_50_V1__5m,YES,REVERSAL_SIGNAL_EVENT_STUDY_V1
PREDTRIG_PRED_MACD_12_26_9_SIGNAL_CROSS_UP_V1__PRED_MACD_12_26_9_SIGNAL_CROSS_DOWN_V1__5m,INVERSE_PREDICTOR,PREDICTOR_THRESHOLD,INVERSE_PREDICTOR_ENGINE_V1,PRED_MACD_12_26_9_SIGNAL_CROSS_UP_V1|PRED_MACD_12_26_9_SIGNAL_CROSS_DOWN_V1,PRED_MACD_12_26_9_SIGNAL_CROSS_UP_V1|PRED_MACD_12_26_9_SIGNAL_CROSS_DOWN_V1,5m,UP=close crosses prior UP/level trigger from below; DOWN=from above,NONE,PREDTRIG_PRED_MACD_12_26_9_SIGNAL_CROSS_UP_V1__PRED_MACD_12_26_9_SIGNAL_CROSS_DOWN_V1__5m,YES,REVERSAL_SIGNAL_EVENT_STUDY_V1
PREDTRIG_PRED_MACD_12_26_9_HIST_ZERO_V1__PRED_MACD_12_26_9_HIST_ZERO_V1__5m,INVERSE_PREDICTOR,PREDICTOR_THRESHOLD,INVERSE_PREDICTOR_ENGINE_V1,PRED_MACD_12_26_9_HIST_ZERO_V1|PRED_MACD_12_26_9_HIST_ZERO_V1,PRED_MACD_12_26_9_HIST_ZERO_V1|PRED_MACD_12_26_9_HIST_ZERO_V1,5m,UP=close crosses prior UP/level trigger from below; DOWN=from above,NONE,PREDTRIG_PRED_MACD_12_26_9_HIST_ZERO_V1__PRED_MACD_12_26_9_HIST_ZERO_V1__5m,YES,REVERSAL_SIGNAL_EVENT_STUDY_V1
PREDTRIG_PRED_STOCH_14_K_20_POINT_V1__PRED_STOCH_14_K_80_POINT_V1__5m,INVERSE_PREDICTOR,PREDICTOR_THRESHOLD,INVERSE_PREDICTOR_ENGINE_V1,PRED_STOCH_14_K_20_POINT_V1|PRED_STOCH_14_K_80_POINT_V1,PRED_STOCH_14_K_20_POINT_V1|PRED_STOCH_14_K_80_POINT_V1,5m,UP=close crosses prior UP/level trigger from below; DOWN=from above,NONE,PREDTRIG_PRED_STOCH_14_K_20_POINT_V1__PRED_STOCH_14_K_80_POINT_V1__5m,YES,REVERSAL_SIGNAL_EVENT_STUDY_V1
PREDTRIG_PRED_PROJECT_OSC_20_50_2_V1__PRED_PROJECT_OSC_20_50_2_V1__5m,INVERSE_PREDICTOR,PREDICTOR_THRESHOLD,INVERSE_PREDICTOR_ENGINE_V1,PRED_PROJECT_OSC_20_50_2_V1|PRED_PROJECT_OSC_20_50_2_V1,PRED_PROJECT_OSC_20_50_2_V1|PRED_PROJECT_OSC_20_50_2_V1,5m,UP=close crosses prior UP/level trigger from below; DOWN=from above,NONE,PREDTRIG_PRED_PROJECT_OSC_20_50_2_V1__PRED_PROJECT_OSC_20_50_2_V1__5m,YES,REVERSAL_SIGNAL_EVENT_STUDY_V1
PREDTRIG_PRED_DMA_3X3_CROSS_UP_V1__PRED_DMA_3X3_CROSS_DOWN_V1__15m,INVERSE_PREDICTOR,PREDICTOR_THRESHOLD,INVERSE_PREDICTOR_ENGINE_V1,PRED_DMA_3X3_CROSS_UP_V1|PRED_DMA_3X3_CROSS_DOWN_V1,PRED_DMA_3X3_CROSS_UP_V1|PRED_DMA_3X3_CROSS_DOWN_V1,15m,UP=close crosses prior UP/level trigger from below; DOWN=from above,NONE,PREDTRIG_PRED_DMA_3X3_CROSS_UP_V1__PRED_DMA_3X3_CROSS_DOWN_V1__15m,YES,REVERSAL_SIGNAL_EVENT_STUDY_V1
PREDTRIG_PRED_DMA_7X5_CROSS_UP_V1__PRED_DMA_7X5_CROSS_DOWN_V1__15m,INVERSE_PREDICTOR,PREDICTOR_THRESHOLD,INVERSE_PREDICTOR_ENGINE_V1,PRED_DMA_7X5_CROSS_UP_V1|PRED_DMA_7X5_CROSS_DOWN_V1,PRED_DMA_7X5_CROSS_UP_V1|PRED_DMA_7X5_CROSS_DOWN_V1,15m,UP=close crosses prior UP/level trigger from below; DOWN=from above,NONE,PREDTRIG_PRED_DMA_7X5_CROSS_UP_V1__PRED_DMA_7X5_CROSS_DOWN_V1__15m,YES,REVERSAL_SIGNAL_EVENT_STUDY_V1
PREDTRIG_PRED_DMA_25X5_CROSS_UP_V1__PRED_DMA_25X5_CROSS_DOWN_V1__15m,INVERSE_PREDICTOR,PREDICTOR_THRESHOLD,INVERSE_PREDICTOR_ENGINE_V1,PRED_DMA_25X5_CROSS_UP_V1|PRED_DMA_25X5_CROSS_DOWN_V1,PRED_DMA_25X5_CROSS_UP_V1|PRED_DMA_25X5_CROSS_DOWN_V1,15m,UP=close crosses prior UP/level trigger from below; DOWN=from above,NONE,PREDTRIG_PRED_DMA_25X5_CROSS_UP_V1__PRED_DMA_25X5_CROSS_DOWN_V1__15m,YES,REVERSAL_SIGNAL_EVENT_STUDY_V1
PREDTRIG_PRED_RSI_14_CROSS_UP_30_V1__PRED_RSI_14_CROSS_DOWN_70_V1__15m,INVERSE_PREDICTOR,PREDICTOR_THRESHOLD,INVERSE_PREDICTOR_ENGINE_V1,PRED_RSI_14_CROSS_UP_30_V1|PRED_RSI_14_CROSS_DOWN_70_V1,PRED_RSI_14_CROSS_UP_30_V1|PRED_RSI_14_CROSS_DOWN_70_V1,15m,UP=close crosses prior UP/level trigger from below; DOWN=from above,NONE,PREDTRIG_PRED_RSI_14_CROSS_UP_30_V1__PRED_RSI_14_CROSS_DOWN_70_V1__15m,YES,REVERSAL_SIGNAL_EVENT_STUDY_V1
PREDTRIG_PRED_RSI_14_50_V1__PRED_RSI_14_50_V1__15m,INVERSE_PREDICTOR,PREDICTOR_THRESHOLD,INVERSE_PREDICTOR_ENGINE_V1,PRED_RSI_14_50_V1|PRED_RSI_14_50_V1,PRED_RSI_14_50_V1|PRED_RSI_14_50_V1,15m,UP=close crosses prior UP/level trigger from below; DOWN=from above,NONE,PREDTRIG_PRED_RSI_14_50_V1__PRED_RSI_14_50_V1__15m,YES,REVERSAL_SIGNAL_EVENT_STUDY_V1
PREDTRIG_PRED_MACD_12_26_9_SIGNAL_CROSS_UP_V1__PRED_MACD_12_26_9_SIGNAL_CROSS_DOWN_V1__15m,INVERSE_PREDICTOR,PREDICTOR_THRESHOLD,INVERSE_PREDICTOR_ENGINE_V1,PRED_MACD_12_26_9_SIGNAL_CROSS_UP_V1|PRED_MACD_12_26_9_SIGNAL_CROSS_DOWN_V1,PRED_MACD_12_26_9_SIGNAL_CROSS_UP_V1|PRED_MACD_12_26_9_SIGNAL_CROSS_DOWN_V1,15m,UP=close crosses prior UP/level trigger from below; DOWN=from above,NONE,PREDTRIG_PRED_MACD_12_26_9_SIGNAL_CROSS_UP_V1__PRED_MACD_12_26_9_SIGNAL_CROSS_DOWN_V1__15m,YES,REVERSAL_SIGNAL_EVENT_STUDY_V1
PREDTRIG_PRED_MACD_12_26_9_HIST_ZERO_V1__PRED_MACD_12_26_9_HIST_ZERO_V1__15m,INVERSE_PREDICTOR,PREDICTOR_THRESHOLD,INVERSE_PREDICTOR_ENGINE_V1,PRED_MACD_12_26_9_HIST_ZERO_V1|PRED_MACD_12_26_9_HIST_ZERO_V1,PRED_MACD_12_26_9_HIST_ZERO_V1|PRED_MACD_12_26_9_HIST_ZERO_V1,15m,UP=close crosses prior UP/level trigger from below; DOWN=from above,NONE,PREDTRIG_PRED_MACD_12_26_9_HIST_ZERO_V1__PRED_MACD_12_26_9_HIST_ZERO_V1__15m,YES,REVERSAL_SIGNAL_EVENT_STUDY_V1
PREDTRIG_PRED_STOCH_14_K_20_POINT_V1__PRED_STOCH_14_K_80_POINT_V1__15m,INVERSE_PREDICTOR,PREDICTOR_THRESHOLD,INVERSE_PREDICTOR_ENGINE_V1,PRED_STOCH_14_K_20_POINT_V1|PRED_STOCH_14_K_80_POINT_V1,PRED_STOCH_14_K_20_POINT_V1|PRED_STOCH_14_K_80_POINT_V1,15m,UP=close crosses prior UP/level trigger from below; DOWN=from above,NONE,PREDTRIG_PRED_STOCH_14_K_20_POINT_V1__PRED_STOCH_14_K_80_POINT_V1__15m,YES,REVERSAL_SIGNAL_EVENT_STUDY_V1
PREDTRIG_PRED_PROJECT_OSC_20_50_2_V1__PRED_PROJECT_OSC_20_50_2_V1__15m,INVERSE_PREDICTOR,PREDICTOR_THRESHOLD,INVERSE_PREDICTOR_ENGINE_V1,PRED_PROJECT_OSC_20_50_2_V1|PRED_PROJECT_OSC_20_50_2_V1,PRED_PROJECT_OSC_20_50_2_V1|PRED_PROJECT_OSC_20_50_2_V1,15m,UP=close crosses prior UP/level trigger from below; DOWN=from above,NONE,PREDTRIG_PRED_PROJECT_OSC_20_50_2_V1__PRED_PROJECT_OSC_20_50_2_V1__15m,YES,REVERSAL_SIGNAL_EVENT_STUDY_V1
PREDTRIG_PRED_DMA_3X3_CROSS_UP_V1__PRED_DMA_3X3_CROSS_DOWN_V1__1H,INVERSE_PREDICTOR,PREDICTOR_THRESHOLD,INVERSE_PREDICTOR_ENGINE_V1,PRED_DMA_3X3_CROSS_UP_V1|PRED_DMA_3X3_CROSS_DOWN_V1,PRED_DMA_3X3_CROSS_UP_V1|PRED_DMA_3X3_CROSS_DOWN_V1,1H,UP=close crosses prior UP/level trigger from below; DOWN=from above,NONE,PREDTRIG_PRED_DMA_3X3_CROSS_UP_V1__PRED_DMA_3X3_CROSS_DOWN_V1__1H,YES,REVERSAL_SIGNAL_EVENT_STUDY_V1
PREDTRIG_PRED_DMA_7X5_CROSS_UP_V1__PRED_DMA_7X5_CROSS_DOWN_V1__1H,INVERSE_PREDICTOR,PREDICTOR_THRESHOLD,INVERSE_PREDICTOR_ENGINE_V1,PRED_DMA_7X5_CROSS_UP_V1|PRED_DMA_7X5_CROSS_DOWN_V1,PRED_DMA_7X5_CROSS_UP_V1|PRED_DMA_7X5_CROSS_DOWN_V1,1H,UP=close crosses prior UP/level trigger from below; DOWN=from above,NONE,PREDTRIG_PRED_DMA_7X5_CROSS_UP_V1__PRED_DMA_7X5_CROSS_DOWN_V1__1H,YES,REVERSAL_SIGNAL_EVENT_STUDY_V1
PREDTRIG_PRED_DMA_25X5_CROSS_UP_V1__PRED_DMA_25X5_CROSS_DOWN_V1__1H,INVERSE_PREDICTOR,PREDICTOR_THRESHOLD,INVERSE_PREDICTOR_ENGINE_V1,PRED_DMA_25X5_CROSS_UP_V1|PRED_DMA_25X5_CROSS_DOWN_V1,PRED_DMA_25X5_CROSS_UP_V1|PRED_DMA_25X5_CROSS_DOWN_V1,1H,UP=close crosses prior UP/level trigger from below; DOWN=from above,NONE,PREDTRIG_PRED_DMA_25X5_CROSS_UP_V1__PRED_DMA_25X5_CROSS_DOWN_V1__1H,YES,REVERSAL_SIGNAL_EVENT_STUDY_V1
PREDTRIG_PRED_RSI_14_CROSS_UP_30_V1__PRED_RSI_14_CROSS_DOWN_70_V1__1H,INVERSE_PREDICTOR,PREDICTOR_THRESHOLD,INVERSE_PREDICTOR_ENGINE_V1,PRED_RSI_14_CROSS_UP_30_V1|PRED_RSI_14_CROSS_DOWN_70_V1,PRED_RSI_14_CROSS_UP_30_V1|PRED_RSI_14_CROSS_DOWN_70_V1,1H,UP=close crosses prior UP/level trigger from below; DOWN=from above,NONE,PREDTRIG_PRED_RSI_14_CROSS_UP_30_V1__PRED_RSI_14_CROSS_DOWN_70_V1__1H,YES,REVERSAL_SIGNAL_EVENT_STUDY_V1
PREDTRIG_PRED_RSI_14_50_V1__PRED_RSI_14_50_V1__1H,INVERSE_PREDICTOR,PREDICTOR_THRESHOLD,INVERSE_PREDICTOR_ENGINE_V1,PRED_RSI_14_50_V1|PRED_RSI_14_50_V1,PRED_RSI_14_50_V1|PRED_RSI_14_50_V1,1H,UP=close crosses prior UP/level trigger from below; DOWN=from above,NONE,PREDTRIG_PRED_RSI_14_50_V1__PRED_RSI_14_50_V1__1H,YES,REVERSAL_SIGNAL_EVENT_STUDY_V1
PREDTRIG_PRED_MACD_12_26_9_SIGNAL_CROSS_UP_V1__PRED_MACD_12_26_9_SIGNAL_CROSS_DOWN_V1__1H,INVERSE_PREDICTOR,PREDICTOR_THRESHOLD,INVERSE_PREDICTOR_ENGINE_V1,PRED_MACD_12_26_9_SIGNAL_CROSS_UP_V1|PRED_MACD_12_26_9_SIGNAL_CROSS_DOWN_V1,PRED_MACD_12_26_9_SIGNAL_CROSS_UP_V1|PRED_MACD_12_26_9_SIGNAL_CROSS_DOWN_V1,1H,UP=close crosses prior UP/level trigger from below; DOWN=from above,NONE,PREDTRIG_PRED_MACD_12_26_9_SIGNAL_CROSS_UP_V1__PRED_MACD_12_26_9_SIGNAL_CROSS_DOWN_V1__1H,YES,REVERSAL_SIGNAL_EVENT_STUDY_V1
PREDTRIG_PRED_MACD_12_26_9_HIST_ZERO_V1__PRED_MACD_12_26_9_HIST_ZERO_V1__1H,INVERSE_PREDICTOR,PREDICTOR_THRESHOLD,INVERSE_PREDICTOR_ENGINE_V1,PRED_MACD_12_26_9_HIST_ZERO_V1|PRED_MACD_12_26_9_HIST_ZERO_V1,PRED_MACD_12_26_9_HIST_ZERO_V1|PRED_MACD_12_26_9_HIST_ZERO_V1,1H,UP=close crosses prior UP/level trigger from below; DOWN=from above,NONE,PREDTRIG_PRED_MACD_12_26_9_HIST_ZERO_V1__PRED_MACD_12_26_9_HIST_ZERO_V1__1H,YES,REVERSAL_SIGNAL_EVENT_STUDY_V1
PREDTRIG_PRED_STOCH_14_K_20_POINT_V1__PRED_STOCH_14_K_80_POINT_V1__1H,INVERSE_PREDICTOR,PREDICTOR_THRESHOLD,INVERSE_PREDICTOR_ENGINE_V1,PRED_STOCH_14_K_20_POINT_V1|PRED_STOCH_14_K_80_POINT_V1,PRED_STOCH_14_K_20_POINT_V1|PRED_STOCH_14_K_80_POINT_V1,1H,UP=close crosses prior UP/level trigger from below; DOWN=from above,NONE,PREDTRIG_PRED_STOCH_14_K_20_POINT_V1__PRED_STOCH_14_K_80_POINT_V1__1H,YES,REVERSAL_SIGNAL_EVENT_STUDY_V1
PREDTRIG_PRED_PROJECT_OSC_20_50_2_V1__PRED_PROJECT_OSC_20_50_2_V1__1H,INVERSE_PREDICTOR,PREDICTOR_THRESHOLD,INVERSE_PREDICTOR_ENGINE_V1,PRED_PROJECT_OSC_20_50_2_V1|PRED_PROJECT_OSC_20_50_2_V1,PRED_PROJECT_OSC_20_50_2_V1|PRED_PROJECT_OSC_20_50_2_V1,1H,UP=close crosses prior UP/level trigger from below; DOWN=from above,NONE,PREDTRIG_PRED_PROJECT_OSC_20_50_2_V1__PRED_PROJECT_OSC_20_50_2_V1__1H,YES,REVERSAL_SIGNAL_EVENT_STUDY_V1
PREDTRIG_PRED_DMA_3X3_CROSS_UP_V1__PRED_DMA_3X3_CROSS_DOWN_V1__4H,INVERSE_PREDICTOR,PREDICTOR_THRESHOLD,INVERSE_PREDICTOR_ENGINE_V1,PRED_DMA_3X3_CROSS_UP_V1|PRED_DMA_3X3_CROSS_DOWN_V1,PRED_DMA_3X3_CROSS_UP_V1|PRED_DMA_3X3_CROSS_DOWN_V1,4H,UP=close crosses prior UP/level trigger from below; DOWN=from above,NONE,PREDTRIG_PRED_DMA_3X3_CROSS_UP_V1__PRED_DMA_3X3_CROSS_DOWN_V1__4H,YES,REVERSAL_SIGNAL_EVENT_STUDY_V1
PREDTRIG_PRED_DMA_7X5_CROSS_UP_V1__PRED_DMA_7X5_CROSS_DOWN_V1__4H,INVERSE_PREDICTOR,PREDICTOR_THRESHOLD,INVERSE_PREDICTOR_ENGINE_V1,PRED_DMA_7X5_CROSS_UP_V1|PRED_DMA_7X5_CROSS_DOWN_V1,PRED_DMA_7X5_CROSS_UP_V1|PRED_DMA_7X5_CROSS_DOWN_V1,4H,UP=close crosses prior UP/level trigger from below; DOWN=from above,NONE,PREDTRIG_PRED_DMA_7X5_CROSS_UP_V1__PRED_DMA_7X5_CROSS_DOWN_V1__4H,YES,REVERSAL_SIGNAL_EVENT_STUDY_V1
PREDTRIG_PRED_DMA_25X5_CROSS_UP_V1__PRED_DMA_25X5_CROSS_DOWN_V1__4H,INVERSE_PREDICTOR,PREDICTOR_THRESHOLD,INVERSE_PREDICTOR_ENGINE_V1,PRED_DMA_25X5_CROSS_UP_V1|PRED_DMA_25X5_CROSS_DOWN_V1,PRED_DMA_25X5_CROSS_UP_V1|PRED_DMA_25X5_CROSS_DOWN_V1,4H,UP=close crosses prior UP/level trigger from below; DOWN=from above,NONE,PREDTRIG_PRED_DMA_25X5_CROSS_UP_V1__PRED_DMA_25X5_CROSS_DOWN_V1__4H,YES,REVERSAL_SIGNAL_EVENT_STUDY_V1
PREDTRIG_PRED_RSI_14_CROSS_UP_30_V1__PRED_RSI_14_CROSS_DOWN_70_V1__4H,INVERSE_PREDICTOR,PREDICTOR_THRESHOLD,INVERSE_PREDICTOR_ENGINE_V1,PRED_RSI_14_CROSS_UP_30_V1|PRED_RSI_14_CROSS_DOWN_70_V1,PRED_RSI_14_CROSS_UP_30_V1|PRED_RSI_14_CROSS_DOWN_70_V1,4H,UP=close crosses prior UP/level trigger from below; DOWN=from above,NONE,PREDTRIG_PRED_RSI_14_CROSS_UP_30_V1__PRED_RSI_14_CROSS_DOWN_70_V1__4H,YES,REVERSAL_SIGNAL_EVENT_STUDY_V1
PREDTRIG_PRED_RSI_14_50_V1__PRED_RSI_14_50_V1__4H,INVERSE_PREDICTOR,PREDICTOR_THRESHOLD,INVERSE_PREDICTOR_ENGINE_V1,PRED_RSI_14_50_V1|PRED_RSI_14_50_V1,PRED_RSI_14_50_V1|PRED_RSI_14_50_V1,4H,UP=close crosses prior UP/level trigger from below; DOWN=from above,NONE,PREDTRIG_PRED_RSI_14_50_V1__PRED_RSI_14_50_V1__4H,YES,REVERSAL_SIGNAL_EVENT_STUDY_V1
PREDTRIG_PRED_MACD_12_26_9_SIGNAL_CROSS_UP_V1__PRED_MACD_12_26_9_SIGNAL_CROSS_DOWN_V1__4H,INVERSE_PREDICTOR,PREDICTOR_THRESHOLD,INVERSE_PREDICTOR_ENGINE_V1,PRED_MACD_12_26_9_SIGNAL_CROSS_UP_V1|PRED_MACD_12_26_9_SIGNAL_CROSS_DOWN_V1,PRED_MACD_12_26_9_SIGNAL_CROSS_UP_V1|PRED_MACD_12_26_9_SIGNAL_CROSS_DOWN_V1,4H,UP=close crosses prior UP/level trigger from below; DOWN=from above,NONE,PREDTRIG_PRED_MACD_12_26_9_SIGNAL_CROSS_UP_V1__PRED_MACD_12_26_9_SIGNAL_CROSS_DOWN_V1__4H,YES,REVERSAL_SIGNAL_EVENT_STUDY_V1
PREDTRIG_PRED_MACD_12_26_9_HIST_ZERO_V1__PRED_MACD_12_26_9_HIST_ZERO_V1__4H,INVERSE_PREDICTOR,PREDICTOR_THRESHOLD,INVERSE_PREDICTOR_ENGINE_V1,PRED_MACD_12_26_9_HIST_ZERO_V1|PRED_MACD_12_26_9_HIST_ZERO_V1,PRED_MACD_12_26_9_HIST_ZERO_V1|PRED_MACD_12_26_9_HIST_ZERO_V1,4H,UP=close crosses prior UP/level trigger from below; DOWN=from above,NONE,PREDTRIG_PRED_MACD_12_26_9_HIST_ZERO_V1__PRED_MACD_12_26_9_HIST_ZERO_V1__4H,YES,REVERSAL_SIGNAL_EVENT_STUDY_V1
PREDTRIG_PRED_STOCH_14_K_20_POINT_V1__PRED_STOCH_14_K_80_POINT_V1__4H,INVERSE_PREDICTOR,PREDICTOR_THRESHOLD,INVERSE_PREDICTOR_ENGINE_V1,PRED_STOCH_14_K_20_POINT_V1|PRED_STOCH_14_K_80_POINT_V1,PRED_STOCH_14_K_20_POINT_V1|PRED_STOCH_14_K_80_POINT_V1,4H,UP=close crosses prior UP/level trigger from below; DOWN=from above,NONE,PREDTRIG_PRED_STOCH_14_K_20_POINT_V1__PRED_STOCH_14_K_80_POINT_V1__4H,YES,REVERSAL_SIGNAL_EVENT_STUDY_V1
PREDTRIG_PRED_PROJECT_OSC_20_50_2_V1__PRED_PROJECT_OSC_20_50_2_V1__4H,INVERSE_PREDICTOR,PREDICTOR_THRESHOLD,INVERSE_PREDICTOR_ENGINE_V1,PRED_PROJECT_OSC_20_50_2_V1|PRED_PROJECT_OSC_20_50_2_V1,PRED_PROJECT_OSC_20_50_2_V1|PRED_PROJECT_OSC_20_50_2_V1,4H,UP=close crosses prior UP/level trigger from below; DOWN=from above,NONE,PREDTRIG_PRED_PROJECT_OSC_20_50_2_V1__PRED_PROJECT_OSC_20_50_2_V1__4H,YES,REVERSAL_SIGNAL_EVENT_STUDY_V1
CTX_VOLUME_ZSCORE_VOL_WINDOW_20_V1_5m,VOLUME_CONTEXT,NON_DIRECTIONAL_CONTEXT,VOLUME_ACCUMULATION_ENGINE_V1,VOLUME_ZSCORE,VOL_WINDOW_20_V1,5m,NONE,DISCOVERY_P90|P10,tail thresholds P90|P10 frozen on DISCOVERY only,YES,REVERSAL_SIGNAL_EVENT_STUDY_V1
CTX_VOLUME_RELATIVE_TO_MEAN_VOL_WINDOW_20_V1_5m,VOLUME_CONTEXT,NON_DIRECTIONAL_CONTEXT,VOLUME_ACCUMULATION_ENGINE_V1,VOLUME_RELATIVE_TO_MEAN,VOL_WINDOW_20_V1,5m,NONE,DISCOVERY_P90|P10,tail thresholds P90|P10 frozen on DISCOVERY only,YES,REVERSAL_SIGNAL_EVENT_STUDY_V1
CTX_COMPRESSION_RATIO_COMPRESSION_10_50_V1_5m,COMPRESSION_CONTEXT,NON_DIRECTIONAL_CONTEXT,VOLUME_ACCUMULATION_ENGINE_V1,COMPRESSION_RATIO,COMPRESSION_10_50_V1,5m,NONE,DISCOVERY_P10|P20,tail thresholds P10|P20 frozen on DISCOVERY only,YES,REVERSAL_SIGNAL_EVENT_STUDY_V1
CTX_COMPRESSION_STATE_COMPRESSION_10_50_V1_5m,COMPRESSION_CONTEXT,NON_DIRECTIONAL_CONTEXT,VOLUME_ACCUMULATION_ENGINE_V1,COMPRESSION_STATE,COMPRESSION_10_50_V1,5m,NONE,DISCOVERY_NATURAL_TRUE,tail thresholds NATURAL_TRUE frozen on DISCOVERY only,YES,REVERSAL_SIGNAL_EVENT_STUDY_V1
CTX_COMPRESSION_DURATION_DURATION_20_V1_5m,COMPRESSION_CONTEXT,NON_DIRECTIONAL_CONTEXT,VOLUME_ACCUMULATION_ENGINE_V1,COMPRESSION_DURATION,DURATION_20_V1,5m,NONE,DISCOVERY_P80|P90,tail thresholds P80|P90 frozen on DISCOVERY only,YES,REVERSAL_SIGNAL_EVENT_STUDY_V1
CTX_PRICE_PROGRESS_PER_VOLUME_EXHAUSTION_20_V1_5m,EXHAUSTION_CONTEXT,NON_DIRECTIONAL_CONTEXT,VOLUME_ACCUMULATION_ENGINE_V1,PRICE_PROGRESS_PER_VOLUME,EXHAUSTION_20_V1,5m,NONE,DISCOVERY_P10|P90,tail thresholds P10|P90 frozen on DISCOVERY only,YES,REVERSAL_SIGNAL_EVENT_STUDY_V1
CTX_UPPER_REJECTION_STRENGTH_REJECTION_20_V1_5m,REJECTION_CONTEXT,NON_DIRECTIONAL_CONTEXT,VOLUME_ACCUMULATION_ENGINE_V1,UPPER_REJECTION_STRENGTH,REJECTION_20_V1,5m,NONE,DISCOVERY_P90|P95,tail thresholds P90|P95 frozen on DISCOVERY only,YES,REVERSAL_SIGNAL_EVENT_STUDY_V1
CTX_LOWER_REJECTION_STRENGTH_REJECTION_20_V1_5m,REJECTION_CONTEXT,NON_DIRECTIONAL_CONTEXT,VOLUME_ACCUMULATION_ENGINE_V1,LOWER_REJECTION_STRENGTH,REJECTION_20_V1,5m,NONE,DISCOVERY_P90|P95,tail thresholds P90|P95 frozen on DISCOVERY only,YES,REVERSAL_SIGNAL_EVENT_STUDY_V1
CTX_EFFICIENCY_RATIO_EFFICIENCY_20_V1_5m,VOLUME_CONTEXT,NON_DIRECTIONAL_CONTEXT,VOLUME_ACCUMULATION_ENGINE_V1,EFFICIENCY_RATIO,EFFICIENCY_20_V1,5m,NONE,DISCOVERY_P10|P90,tail thresholds P10|P90 frozen on DISCOVERY only,YES,REVERSAL_SIGNAL_EVENT_STUDY_V1
CTX_VALID_TRIGGER_COUNT_CONF_PCT_025_ATR_050_V1_5m,PREDICTOR_CONFLUENCE,NON_DIRECTIONAL_CONTEXT,PREDICTOR_CONFLUENCE_ENGINE_V1,VALID_TRIGGER_COUNT,CONF_PCT_025_ATR_050_V1,5m,NONE,DISCOVERY_P80|P90,tail thresholds P80|P90 frozen on DISCOVERY only,YES,REVERSAL_SIGNAL_EVENT_STUDY_V1
CTX_NEAREST_CLUSTER_SIZE_CONF_PCT_025_ATR_050_V1_5m,PREDICTOR_CONFLUENCE,NON_DIRECTIONAL_CONTEXT,PREDICTOR_CONFLUENCE_ENGINE_V1,NEAREST_CLUSTER_SIZE,CONF_PCT_025_ATR_050_V1,5m,NONE,DISCOVERY_P80|P90,tail thresholds P80|P90 frozen on DISCOVERY only,YES,REVERSAL_SIGNAL_EVENT_STUDY_V1
CTX_DISTINCT_FAMILY_COUNT_CONF_PCT_025_ATR_050_V1_5m,PREDICTOR_CONFLUENCE,NON_DIRECTIONAL_CONTEXT,PREDICTOR_CONFLUENCE_ENGINE_V1,DISTINCT_FAMILY_COUNT,CONF_PCT_025_ATR_050_V1,5m,NONE,DISCOVERY_P80|P90,tail thresholds P80|P90 frozen on DISCOVERY only,YES,REVERSAL_SIGNAL_EVENT_STUDY_V1
CTX_TRIGGER_DISPERSION_PCT_CONF_PCT_025_ATR_050_V1_5m,PREDICTOR_CONFLUENCE,NON_DIRECTIONAL_CONTEXT,PREDICTOR_CONFLUENCE_ENGINE_V1,TRIGGER_DISPERSION_PCT,CONF_PCT_025_ATR_050_V1,5m,NONE,DISCOVERY_P10|P20,tail thresholds P10|P20 frozen on DISCOVERY only,YES,REVERSAL_SIGNAL_EVENT_STUDY_V1
CTX_APPROACHING_TRIGGER_COUNT_CONF_PCT_025_ATR_050_V1_5m,PREDICTOR_CONFLUENCE,NON_DIRECTIONAL_CONTEXT,PREDICTOR_CONFLUENCE_ENGINE_V1,APPROACHING_TRIGGER_COUNT,CONF_PCT_025_ATR_050_V1,5m,NONE,DISCOVERY_P80|P90,tail thresholds P80|P90 frozen on DISCOVERY only,YES,REVERSAL_SIGNAL_EVENT_STUDY_V1
CTX_CROSS_TF_NEAREST_CLUSTER_TF_DIVERSITY_CONF_PCT_025_ATR_050_V1_5m,PREDICTOR_CONFLUENCE,NON_DIRECTIONAL_CONTEXT,PREDICTOR_CONFLUENCE_ENGINE_V1,CROSS_TF_NEAREST_CLUSTER_TF_DIVERSITY,CONF_PCT_025_ATR_050_V1,5m,NONE,DISCOVERY_P80|P90,tail thresholds P80|P90 frozen on DISCOVERY only,YES,REVERSAL_SIGNAL_EVENT_STUDY_V1
CTX_VOLUME_ZSCORE_VOL_WINDOW_20_V1_15m,VOLUME_CONTEXT,NON_DIRECTIONAL_CONTEXT,VOLUME_ACCUMULATION_ENGINE_V1,VOLUME_ZSCORE,VOL_WINDOW_20_V1,15m,NONE,DISCOVERY_P90|P10,tail thresholds P90|P10 frozen on DISCOVERY only,YES,REVERSAL_SIGNAL_EVENT_STUDY_V1
CTX_VOLUME_RELATIVE_TO_MEAN_VOL_WINDOW_20_V1_15m,VOLUME_CONTEXT,NON_DIRECTIONAL_CONTEXT,VOLUME_ACCUMULATION_ENGINE_V1,VOLUME_RELATIVE_TO_MEAN,VOL_WINDOW_20_V1,15m,NONE,DISCOVERY_P90|P10,tail thresholds P90|P10 frozen on DISCOVERY only,YES,REVERSAL_SIGNAL_EVENT_STUDY_V1
CTX_COMPRESSION_RATIO_COMPRESSION_10_50_V1_15m,COMPRESSION_CONTEXT,NON_DIRECTIONAL_CONTEXT,VOLUME_ACCUMULATION_ENGINE_V1,COMPRESSION_RATIO,COMPRESSION_10_50_V1,15m,NONE,DISCOVERY_P10|P20,tail thresholds P10|P20 frozen on DISCOVERY only,YES,REVERSAL_SIGNAL_EVENT_STUDY_V1
CTX_COMPRESSION_STATE_COMPRESSION_10_50_V1_15m,COMPRESSION_CONTEXT,NON_DIRECTIONAL_CONTEXT,VOLUME_ACCUMULATION_ENGINE_V1,COMPRESSION_STATE,COMPRESSION_10_50_V1,15m,NONE,DISCOVERY_NATURAL_TRUE,tail thresholds NATURAL_TRUE frozen on DISCOVERY only,YES,REVERSAL_SIGNAL_EVENT_STUDY_V1
CTX_COMPRESSION_DURATION_DURATION_20_V1_15m,COMPRESSION_CONTEXT,NON_DIRECTIONAL_CONTEXT,VOLUME_ACCUMULATION_ENGINE_V1,COMPRESSION_DURATION,DURATION_20_V1,15m,NONE,DISCOVERY_P80|P90,tail thresholds P80|P90 frozen on DISCOVERY only,YES,REVERSAL_SIGNAL_EVENT_STUDY_V1
CTX_PRICE_PROGRESS_PER_VOLUME_EXHAUSTION_20_V1_15m,EXHAUSTION_CONTEXT,NON_DIRECTIONAL_CONTEXT,VOLUME_ACCUMULATION_ENGINE_V1,PRICE_PROGRESS_PER_VOLUME,EXHAUSTION_20_V1,15m,NONE,DISCOVERY_P10|P90,tail thresholds P10|P90 frozen on DISCOVERY only,YES,REVERSAL_SIGNAL_EVENT_STUDY_V1
CTX_UPPER_REJECTION_STRENGTH_REJECTION_20_V1_15m,REJECTION_CONTEXT,NON_DIRECTIONAL_CONTEXT,VOLUME_ACCUMULATION_ENGINE_V1,UPPER_REJECTION_STRENGTH,REJECTION_20_V1,15m,NONE,DISCOVERY_P90|P95,tail thresholds P90|P95 frozen on DISCOVERY only,YES,REVERSAL_SIGNAL_EVENT_STUDY_V1
CTX_LOWER_REJECTION_STRENGTH_REJECTION_20_V1_15m,REJECTION_CONTEXT,NON_DIRECTIONAL_CONTEXT,VOLUME_ACCUMULATION_ENGINE_V1,LOWER_REJECTION_STRENGTH,REJECTION_20_V1,15m,NONE,DISCOVERY_P90|P95,tail thresholds P90|P95 frozen on DISCOVERY only,YES,REVERSAL_SIGNAL_EVENT_STUDY_V1
CTX_EFFICIENCY_RATIO_EFFICIENCY_20_V1_15m,VOLUME_CONTEXT,NON_DIRECTIONAL_CONTEXT,VOLUME_ACCUMULATION_ENGINE_V1,EFFICIENCY_RATIO,EFFICIENCY_20_V1,15m,NONE,DISCOVERY_P10|P90,tail thresholds P10|P90 frozen on DISCOVERY only,YES,REVERSAL_SIGNAL_EVENT_STUDY_V1
CTX_VALID_TRIGGER_COUNT_CONF_PCT_025_ATR_050_V1_15m,PREDICTOR_CONFLUENCE,NON_DIRECTIONAL_CONTEXT,PREDICTOR_CONFLUENCE_ENGINE_V1,VALID_TRIGGER_COUNT,CONF_PCT_025_ATR_050_V1,15m,NONE,DISCOVERY_P80|P90,tail thresholds P80|P90 frozen on DISCOVERY only,YES,REVERSAL_SIGNAL_EVENT_STUDY_V1
CTX_NEAREST_CLUSTER_SIZE_CONF_PCT_025_ATR_050_V1_15m,PREDICTOR_CONFLUENCE,NON_DIRECTIONAL_CONTEXT,PREDICTOR_CONFLUENCE_ENGINE_V1,NEAREST_CLUSTER_SIZE,CONF_PCT_025_ATR_050_V1,15m,NONE,DISCOVERY_P80|P90,tail thresholds P80|P90 frozen on DISCOVERY only,YES,REVERSAL_SIGNAL_EVENT_STUDY_V1
CTX_DISTINCT_FAMILY_COUNT_CONF_PCT_025_ATR_050_V1_15m,PREDICTOR_CONFLUENCE,NON_DIRECTIONAL_CONTEXT,PREDICTOR_CONFLUENCE_ENGINE_V1,DISTINCT_FAMILY_COUNT,CONF_PCT_025_ATR_050_V1,15m,NONE,DISCOVERY_P80|P90,tail thresholds P80|P90 frozen on DISCOVERY only,YES,REVERSAL_SIGNAL_EVENT_STUDY_V1
CTX_TRIGGER_DISPERSION_PCT_CONF_PCT_025_ATR_050_V1_15m,PREDICTOR_CONFLUENCE,NON_DIRECTIONAL_CONTEXT,PREDICTOR_CONFLUENCE_ENGINE_V1,TRIGGER_DISPERSION_PCT,CONF_PCT_025_ATR_050_V1,15m,NONE,DISCOVERY_P10|P20,tail thresholds P10|P20 frozen on DISCOVERY only,YES,REVERSAL_SIGNAL_EVENT_STUDY_V1
CTX_APPROACHING_TRIGGER_COUNT_CONF_PCT_025_ATR_050_V1_15m,PREDICTOR_CONFLUENCE,NON_DIRECTIONAL_CONTEXT,PREDICTOR_CONFLUENCE_ENGINE_V1,APPROACHING_TRIGGER_COUNT,CONF_PCT_025_ATR_050_V1,15m,NONE,DISCOVERY_P80|P90,tail thresholds P80|P90 frozen on DISCOVERY only,YES,REVERSAL_SIGNAL_EVENT_STUDY_V1
CTX_CROSS_TF_NEAREST_CLUSTER_TF_DIVERSITY_CONF_PCT_025_ATR_050_V1_15m,PREDICTOR_CONFLUENCE,NON_DIRECTIONAL_CONTEXT,PREDICTOR_CONFLUENCE_ENGINE_V1,CROSS_TF_NEAREST_CLUSTER_TF_DIVERSITY,CONF_PCT_025_ATR_050_V1,15m,NONE,DISCOVERY_P80|P90,tail thresholds P80|P90 frozen on DISCOVERY only,YES,REVERSAL_SIGNAL_EVENT_STUDY_V1
CTX_VOLUME_ZSCORE_VOL_WINDOW_20_V1_1H,VOLUME_CONTEXT,NON_DIRECTIONAL_CONTEXT,VOLUME_ACCUMULATION_ENGINE_V1,VOLUME_ZSCORE,VOL_WINDOW_20_V1,1H,NONE,DISCOVERY_P90|P10,tail thresholds P90|P10 frozen on DISCOVERY only,YES,REVERSAL_SIGNAL_EVENT_STUDY_V1
CTX_VOLUME_RELATIVE_TO_MEAN_VOL_WINDOW_20_V1_1H,VOLUME_CONTEXT,NON_DIRECTIONAL_CONTEXT,VOLUME_ACCUMULATION_ENGINE_V1,VOLUME_RELATIVE_TO_MEAN,VOL_WINDOW_20_V1,1H,NONE,DISCOVERY_P90|P10,tail thresholds P90|P10 frozen on DISCOVERY only,YES,REVERSAL_SIGNAL_EVENT_STUDY_V1
CTX_COMPRESSION_RATIO_COMPRESSION_10_50_V1_1H,COMPRESSION_CONTEXT,NON_DIRECTIONAL_CONTEXT,VOLUME_ACCUMULATION_ENGINE_V1,COMPRESSION_RATIO,COMPRESSION_10_50_V1,1H,NONE,DISCOVERY_P10|P20,tail thresholds P10|P20 frozen on DISCOVERY only,YES,REVERSAL_SIGNAL_EVENT_STUDY_V1
CTX_COMPRESSION_STATE_COMPRESSION_10_50_V1_1H,COMPRESSION_CONTEXT,NON_DIRECTIONAL_CONTEXT,VOLUME_ACCUMULATION_ENGINE_V1,COMPRESSION_STATE,COMPRESSION_10_50_V1,1H,NONE,DISCOVERY_NATURAL_TRUE,tail thresholds NATURAL_TRUE frozen on DISCOVERY only,YES,REVERSAL_SIGNAL_EVENT_STUDY_V1
CTX_COMPRESSION_DURATION_DURATION_20_V1_1H,COMPRESSION_CONTEXT,NON_DIRECTIONAL_CONTEXT,VOLUME_ACCUMULATION_ENGINE_V1,COMPRESSION_DURATION,DURATION_20_V1,1H,NONE,DISCOVERY_P80|P90,tail thresholds P80|P90 frozen on DISCOVERY only,YES,REVERSAL_SIGNAL_EVENT_STUDY_V1
CTX_PRICE_PROGRESS_PER_VOLUME_EXHAUSTION_20_V1_1H,EXHAUSTION_CONTEXT,NON_DIRECTIONAL_CONTEXT,VOLUME_ACCUMULATION_ENGINE_V1,PRICE_PROGRESS_PER_VOLUME,EXHAUSTION_20_V1,1H,NONE,DISCOVERY_P10|P90,tail thresholds P10|P90 frozen on DISCOVERY only,YES,REVERSAL_SIGNAL_EVENT_STUDY_V1
CTX_UPPER_REJECTION_STRENGTH_REJECTION_20_V1_1H,REJECTION_CONTEXT,NON_DIRECTIONAL_CONTEXT,VOLUME_ACCUMULATION_ENGINE_V1,UPPER_REJECTION_STRENGTH,REJECTION_20_V1,1H,NONE,DISCOVERY_P90|P95,tail thresholds P90|P95 frozen on DISCOVERY only,YES,REVERSAL_SIGNAL_EVENT_STUDY_V1
CTX_LOWER_REJECTION_STRENGTH_REJECTION_20_V1_1H,REJECTION_CONTEXT,NON_DIRECTIONAL_CONTEXT,VOLUME_ACCUMULATION_ENGINE_V1,LOWER_REJECTION_STRENGTH,REJECTION_20_V1,1H,NONE,DISCOVERY_P90|P95,tail thresholds P90|P95 frozen on DISCOVERY only,YES,REVERSAL_SIGNAL_EVENT_STUDY_V1
CTX_EFFICIENCY_RATIO_EFFICIENCY_20_V1_1H,VOLUME_CONTEXT,NON_DIRECTIONAL_CONTEXT,VOLUME_ACCUMULATION_ENGINE_V1,EFFICIENCY_RATIO,EFFICIENCY_20_V1,1H,NONE,DISCOVERY_P10|P90,tail thresholds P10|P90 frozen on DISCOVERY only,YES,REVERSAL_SIGNAL_EVENT_STUDY_V1
CTX_VALID_TRIGGER_COUNT_CONF_PCT_025_ATR_050_V1_1H,PREDICTOR_CONFLUENCE,NON_DIRECTIONAL_CONTEXT,PREDICTOR_CONFLUENCE_ENGINE_V1,VALID_TRIGGER_COUNT,CONF_PCT_025_ATR_050_V1,1H,NONE,DISCOVERY_P80|P90,tail thresholds P80|P90 frozen on DISCOVERY only,YES,REVERSAL_SIGNAL_EVENT_STUDY_V1
CTX_NEAREST_CLUSTER_SIZE_CONF_PCT_025_ATR_050_V1_1H,PREDICTOR_CONFLUENCE,NON_DIRECTIONAL_CONTEXT,PREDICTOR_CONFLUENCE_ENGINE_V1,NEAREST_CLUSTER_SIZE,CONF_PCT_025_ATR_050_V1,1H,NONE,DISCOVERY_P80|P90,tail thresholds P80|P90 frozen on DISCOVERY only,YES,REVERSAL_SIGNAL_EVENT_STUDY_V1
CTX_DISTINCT_FAMILY_COUNT_CONF_PCT_025_ATR_050_V1_1H,PREDICTOR_CONFLUENCE,NON_DIRECTIONAL_CONTEXT,PREDICTOR_CONFLUENCE_ENGINE_V1,DISTINCT_FAMILY_COUNT,CONF_PCT_025_ATR_050_V1,1H,NONE,DISCOVERY_P80|P90,tail thresholds P80|P90 frozen on DISCOVERY only,YES,REVERSAL_SIGNAL_EVENT_STUDY_V1
CTX_TRIGGER_DISPERSION_PCT_CONF_PCT_025_ATR_050_V1_1H,PREDICTOR_CONFLUENCE,NON_DIRECTIONAL_CONTEXT,PREDICTOR_CONFLUENCE_ENGINE_V1,TRIGGER_DISPERSION_PCT,CONF_PCT_025_ATR_050_V1,1H,NONE,DISCOVERY_P10|P20,tail thresholds P10|P20 frozen on DISCOVERY only,YES,REVERSAL_SIGNAL_EVENT_STUDY_V1
CTX_APPROACHING_TRIGGER_COUNT_CONF_PCT_025_ATR_050_V1_1H,PREDICTOR_CONFLUENCE,NON_DIRECTIONAL_CONTEXT,PREDICTOR_CONFLUENCE_ENGINE_V1,APPROACHING_TRIGGER_COUNT,CONF_PCT_025_ATR_050_V1,1H,NONE,DISCOVERY_P80|P90,tail thresholds P80|P90 frozen on DISCOVERY only,YES,REVERSAL_SIGNAL_EVENT_STUDY_V1
CTX_CROSS_TF_NEAREST_CLUSTER_TF_DIVERSITY_CONF_PCT_025_ATR_050_V1_1H,PREDICTOR_CONFLUENCE,NON_DIRECTIONAL_CONTEXT,PREDICTOR_CONFLUENCE_ENGINE_V1,CROSS_TF_NEAREST_CLUSTER_TF_DIVERSITY,CONF_PCT_025_ATR_050_V1,1H,NONE,DISCOVERY_P80|P90,tail thresholds P80|P90 frozen on DISCOVERY only,YES,REVERSAL_SIGNAL_EVENT_STUDY_V1
CTX_VOLUME_ZSCORE_VOL_WINDOW_20_V1_4H,VOLUME_CONTEXT,NON_DIRECTIONAL_CONTEXT,VOLUME_ACCUMULATION_ENGINE_V1,VOLUME_ZSCORE,VOL_WINDOW_20_V1,4H,NONE,DISCOVERY_P90|P10,tail thresholds P90|P10 frozen on DISCOVERY only,YES,REVERSAL_SIGNAL_EVENT_STUDY_V1
CTX_VOLUME_RELATIVE_TO_MEAN_VOL_WINDOW_20_V1_4H,VOLUME_CONTEXT,NON_DIRECTIONAL_CONTEXT,VOLUME_ACCUMULATION_ENGINE_V1,VOLUME_RELATIVE_TO_MEAN,VOL_WINDOW_20_V1,4H,NONE,DISCOVERY_P90|P10,tail thresholds P90|P10 frozen on DISCOVERY only,YES,REVERSAL_SIGNAL_EVENT_STUDY_V1
CTX_COMPRESSION_RATIO_COMPRESSION_10_50_V1_4H,COMPRESSION_CONTEXT,NON_DIRECTIONAL_CONTEXT,VOLUME_ACCUMULATION_ENGINE_V1,COMPRESSION_RATIO,COMPRESSION_10_50_V1,4H,NONE,DISCOVERY_P10|P20,tail thresholds P10|P20 frozen on DISCOVERY only,YES,REVERSAL_SIGNAL_EVENT_STUDY_V1
CTX_COMPRESSION_STATE_COMPRESSION_10_50_V1_4H,COMPRESSION_CONTEXT,NON_DIRECTIONAL_CONTEXT,VOLUME_ACCUMULATION_ENGINE_V1,COMPRESSION_STATE,COMPRESSION_10_50_V1,4H,NONE,DISCOVERY_NATURAL_TRUE,tail thresholds NATURAL_TRUE frozen on DISCOVERY only,YES,REVERSAL_SIGNAL_EVENT_STUDY_V1
CTX_COMPRESSION_DURATION_DURATION_20_V1_4H,COMPRESSION_CONTEXT,NON_DIRECTIONAL_CONTEXT,VOLUME_ACCUMULATION_ENGINE_V1,COMPRESSION_DURATION,DURATION_20_V1,4H,NONE,DISCOVERY_P80|P90,tail thresholds P80|P90 frozen on DISCOVERY only,YES,REVERSAL_SIGNAL_EVENT_STUDY_V1
CTX_PRICE_PROGRESS_PER_VOLUME_EXHAUSTION_20_V1_4H,EXHAUSTION_CONTEXT,NON_DIRECTIONAL_CONTEXT,VOLUME_ACCUMULATION_ENGINE_V1,PRICE_PROGRESS_PER_VOLUME,EXHAUSTION_20_V1,4H,NONE,DISCOVERY_P10|P90,tail thresholds P10|P90 frozen on DISCOVERY only,YES,REVERSAL_SIGNAL_EVENT_STUDY_V1
CTX_UPPER_REJECTION_STRENGTH_REJECTION_20_V1_4H,REJECTION_CONTEXT,NON_DIRECTIONAL_CONTEXT,VOLUME_ACCUMULATION_ENGINE_V1,UPPER_REJECTION_STRENGTH,REJECTION_20_V1,4H,NONE,DISCOVERY_P90|P95,tail thresholds P90|P95 frozen on DISCOVERY only,YES,REVERSAL_SIGNAL_EVENT_STUDY_V1
CTX_LOWER_REJECTION_STRENGTH_REJECTION_20_V1_4H,REJECTION_CONTEXT,NON_DIRECTIONAL_CONTEXT,VOLUME_ACCUMULATION_ENGINE_V1,LOWER_REJECTION_STRENGTH,REJECTION_20_V1,4H,NONE,DISCOVERY_P90|P95,tail thresholds P90|P95 frozen on DISCOVERY only,YES,REVERSAL_SIGNAL_EVENT_STUDY_V1
CTX_EFFICIENCY_RATIO_EFFICIENCY_20_V1_4H,VOLUME_CONTEXT,NON_DIRECTIONAL_CONTEXT,VOLUME_ACCUMULATION_ENGINE_V1,EFFICIENCY_RATIO,EFFICIENCY_20_V1,4H,NONE,DISCOVERY_P10|P90,tail thresholds P10|P90 frozen on DISCOVERY only,YES,REVERSAL_SIGNAL_EVENT_STUDY_V1
CTX_VALID_TRIGGER_COUNT_CONF_PCT_025_ATR_050_V1_4H,PREDICTOR_CONFLUENCE,NON_DIRECTIONAL_CONTEXT,PREDICTOR_CONFLUENCE_ENGINE_V1,VALID_TRIGGER_COUNT,CONF_PCT_025_ATR_050_V1,4H,NONE,DISCOVERY_P80|P90,tail thresholds P80|P90 frozen on DISCOVERY only,YES,REVERSAL_SIGNAL_EVENT_STUDY_V1
CTX_NEAREST_CLUSTER_SIZE_CONF_PCT_025_ATR_050_V1_4H,PREDICTOR_CONFLUENCE,NON_DIRECTIONAL_CONTEXT,PREDICTOR_CONFLUENCE_ENGINE_V1,NEAREST_CLUSTER_SIZE,CONF_PCT_025_ATR_050_V1,4H,NONE,DISCOVERY_P80|P90,tail thresholds P80|P90 frozen on DISCOVERY only,YES,REVERSAL_SIGNAL_EVENT_STUDY_V1
CTX_DISTINCT_FAMILY_COUNT_CONF_PCT_025_ATR_050_V1_4H,PREDICTOR_CONFLUENCE,NON_DIRECTIONAL_CONTEXT,PREDICTOR_CONFLUENCE_ENGINE_V1,DISTINCT_FAMILY_COUNT,CONF_PCT_025_ATR_050_V1,4H,NONE,DISCOVERY_P80|P90,tail thresholds P80|P90 frozen on DISCOVERY only,YES,REVERSAL_SIGNAL_EVENT_STUDY_V1
CTX_TRIGGER_DISPERSION_PCT_CONF_PCT_025_ATR_050_V1_4H,PREDICTOR_CONFLUENCE,NON_DIRECTIONAL_CONTEXT,PREDICTOR_CONFLUENCE_ENGINE_V1,TRIGGER_DISPERSION_PCT,CONF_PCT_025_ATR_050_V1,4H,NONE,DISCOVERY_P10|P20,tail thresholds P10|P20 frozen on DISCOVERY only,YES,REVERSAL_SIGNAL_EVENT_STUDY_V1
CTX_APPROACHING_TRIGGER_COUNT_CONF_PCT_025_ATR_050_V1_4H,PREDICTOR_CONFLUENCE,NON_DIRECTIONAL_CONTEXT,PREDICTOR_CONFLUENCE_ENGINE_V1,APPROACHING_TRIGGER_COUNT,CONF_PCT_025_ATR_050_V1,4H,NONE,DISCOVERY_P80|P90,tail thresholds P80|P90 frozen on DISCOVERY only,YES,REVERSAL_SIGNAL_EVENT_STUDY_V1
CTX_CROSS_TF_NEAREST_CLUSTER_TF_DIVERSITY_CONF_PCT_025_ATR_050_V1_4H,PREDICTOR_CONFLUENCE,NON_DIRECTIONAL_CONTEXT,PREDICTOR_CONFLUENCE_ENGINE_V1,CROSS_TF_NEAREST_CLUSTER_TF_DIVERSITY,CONF_PCT_025_ATR_050_V1,4H,NONE,DISCOVERY_P80|P90,tail thresholds P80|P90 frozen on DISCOVERY only,YES,REVERSAL_SIGNAL_EVENT_STUDY_V1
