timeframe,split,direction,horizon,base_rates,identical
12H,DISCOVERY,OB,1,"{'ATR_1X_PRICE_BAND_CONTROL_V1': 0.4753223654957759, 'CAUSAL_DNO_QUANTILE_80_20_CONTROL_V1': 0.4753223654957759, 'PROJECT_DYNAMIC_EXTREMA_V1': 0.4753223654957759}",True
12H,DISCOVERY,OB,3,"{'ATR_1X_PRICE_BAND_CONTROL_V1': 0.4712950600801068, 'CAUSAL_DNO_QUANTILE_80_20_CONTROL_V1': 0.4712950600801068, 'PROJECT_DYNAMIC_EXTREMA_V1': 0.4712950600801068}",True
12H,DISCOVERY,OB,5,"{'ATR_1X_PRICE_BAND_CONTROL_V1': 0.4552338530066815, 'CAUSAL_DNO_QUANTILE_80_20_CONTROL_V1': 0.4552338530066815, 'PROJECT_DYNAMIC_EXTREMA_V1': 0.4552338530066815}",True
12H,DISCOVERY,OB,10,"{'ATR_1X_PRICE_BAND_CONTROL_V1': 0.44375, 'CAUSAL_DNO_QUANTILE_80_20_CONTROL_V1': 0.44375, 'PROJECT_DYNAMIC_EXTREMA_V1': 0.44375}",True
12H,DISCOVERY,OS,1,"{'ATR_1X_PRICE_BAND_CONTROL_V1': 0.5246776345042241, 'CAUSAL_DNO_QUANTILE_80_20_CONTROL_V1': 0.5246776345042241, 'PROJECT_DYNAMIC_EXTREMA_V1': 0.5246776345042241}",True
12H,DISCOVERY,OS,3,"{'ATR_1X_PRICE_BAND_CONTROL_V1': 0.5282599020916778, 'CAUSAL_DNO_QUANTILE_80_20_CONTROL_V1': 0.5282599020916778, 'PROJECT_DYNAMIC_EXTREMA_V1': 0.5282599020916778}",True
12H,DISCOVERY,OS,5,"{'ATR_1X_PRICE_BAND_CONTROL_V1': 0.5443207126948775, 'CAUSAL_DNO_QUANTILE_80_20_CONTROL_V1': 0.5443207126948775, 'PROJECT_DYNAMIC_EXTREMA_V1': 0.5443207126948775}",True
12H,DISCOVERY,OS,10,"{'ATR_1X_PRICE_BAND_CONTROL_V1': 0.5558035714285714, 'CAUSAL_DNO_QUANTILE_80_20_CONTROL_V1': 0.5558035714285714, 'PROJECT_DYNAMIC_EXTREMA_V1': 0.5558035714285714}",True
12H,VALIDATION,OB,1,"{'ATR_1X_PRICE_BAND_CONTROL_V1': 0.520694259012016, 'CAUSAL_DNO_QUANTILE_80_20_CONTROL_V1': 0.520694259012016, 'PROJECT_DYNAMIC_EXTREMA_V1': 0.520694259012016}",True
12H,VALIDATION,OB,3,"{'ATR_1X_PRICE_BAND_CONTROL_V1': 0.5033467202141901, 'CAUSAL_DNO_QUANTILE_80_20_CONTROL_V1': 0.5033467202141901, 'PROJECT_DYNAMIC_EXTREMA_V1': 0.5033467202141901}",True
12H,VALIDATION,OB,5,"{'ATR_1X_PRICE_BAND_CONTROL_V1': 0.4912751677852349, 'CAUSAL_DNO_QUANTILE_80_20_CONTROL_V1': 0.4912751677852349, 'PROJECT_DYNAMIC_EXTREMA_V1': 0.4912751677852349}",True
12H,VALIDATION,OB,10,"{'ATR_1X_PRICE_BAND_CONTROL_V1': 0.4635135135135135, 'CAUSAL_DNO_QUANTILE_80_20_CONTROL_V1': 0.4635135135135135, 'PROJECT_DYNAMIC_EXTREMA_V1': 0.4635135135135135}",True
12H,VALIDATION,OS,1,"{'ATR_1X_PRICE_BAND_CONTROL_V1': 0.47930574098798395, 'CAUSAL_DNO_QUANTILE_80_20_CONTROL_V1': 0.47930574098798395, 'PROJECT_DYNAMIC_EXTREMA_V1': 0.47930574098798395}",True
12H,VALIDATION,OS,3,"{'ATR_1X_PRICE_BAND_CONTROL_V1': 0.4966532797858099, 'CAUSAL_DNO_QUANTILE_80_20_CONTROL_V1': 0.4966532797858099, 'PROJECT_DYNAMIC_EXTREMA_V1': 0.4966532797858099}",True
12H,VALIDATION,OS,5,"{'ATR_1X_PRICE_BAND_CONTROL_V1': 0.508724832214765, 'CAUSAL_DNO_QUANTILE_80_20_CONTROL_V1': 0.508724832214765, 'PROJECT_DYNAMIC_EXTREMA_V1': 0.508724832214765}",True
12H,VALIDATION,OS,10,"{'ATR_1X_PRICE_BAND_CONTROL_V1': 0.5364864864864864, 'CAUSAL_DNO_QUANTILE_80_20_CONTROL_V1': 0.5364864864864864, 'PROJECT_DYNAMIC_EXTREMA_V1': 0.5364864864864864}",True
15m,DISCOVERY,OB,1,"{'ATR_1X_PRICE_BAND_CONTROL_V1': 0.4947619940029985, 'CAUSAL_DNO_QUANTILE_80_20_CONTROL_V1': 0.4947619940029985, 'PROJECT_DYNAMIC_EXTREMA_V1': 0.4947619940029985}",True
15m,DISCOVERY,OB,3,"{'ATR_1X_PRICE_BAND_CONTROL_V1': 0.4919038962499297, 'CAUSAL_DNO_QUANTILE_80_20_CONTROL_V1': 0.4919038962499297, 'PROJECT_DYNAMIC_EXTREMA_V1': 0.4919038962499297}",True
15m,DISCOVERY,OB,5,"{'ATR_1X_PRICE_BAND_CONTROL_V1': 0.490957307245399, 'CAUSAL_DNO_QUANTILE_80_20_CONTROL_V1': 0.490957307245399, 'PROJECT_DYNAMIC_EXTREMA_V1': 0.490957307245399}",True
15m,DISCOVERY,OB,10,"{'ATR_1X_PRICE_BAND_CONTROL_V1': 0.48702570494138375, 'CAUSAL_DNO_QUANTILE_80_20_CONTROL_V1': 0.48702570494138375, 'PROJECT_DYNAMIC_EXTREMA_V1': 0.48702570494138375}",True
15m,DISCOVERY,OS,1,"{'ATR_1X_PRICE_BAND_CONTROL_V1': 0.501358695652174, 'CAUSAL_DNO_QUANTILE_80_20_CONTROL_V1': 0.501358695652174, 'PROJECT_DYNAMIC_EXTREMA_V1': 0.501358695652174}",True
15m,DISCOVERY,OS,3,"{'ATR_1X_PRICE_BAND_CONTROL_V1': 0.505519218875916, 'CAUSAL_DNO_QUANTILE_80_20_CONTROL_V1': 0.505519218875916, 'PROJECT_DYNAMIC_EXTREMA_V1': 0.505519218875916}",True
15m,DISCOVERY,OS,5,"{'ATR_1X_PRICE_BAND_CONTROL_V1': 0.5073653435286181, 'CAUSAL_DNO_QUANTILE_80_20_CONTROL_V1': 0.5073653435286181, 'PROJECT_DYNAMIC_EXTREMA_V1': 0.5073653435286181}",True
15m,DISCOVERY,OS,10,"{'ATR_1X_PRICE_BAND_CONTROL_V1': 0.5113624649754945, 'CAUSAL_DNO_QUANTILE_80_20_CONTROL_V1': 0.5113624649754945, 'PROJECT_DYNAMIC_EXTREMA_V1': 0.5113624649754945}",True
15m,VALIDATION,OB,1,"{'ATR_1X_PRICE_BAND_CONTROL_V1': 0.4963006230529595, 'CAUSAL_DNO_QUANTILE_80_20_CONTROL_V1': 0.4963006230529595, 'PROJECT_DYNAMIC_EXTREMA_V1': 0.4963006230529595}",True
15m,VALIDATION,OB,3,"{'ATR_1X_PRICE_BAND_CONTROL_V1': 0.49732962447844226, 'CAUSAL_DNO_QUANTILE_80_20_CONTROL_V1': 0.49732962447844226, 'PROJECT_DYNAMIC_EXTREMA_V1': 0.49732962447844226}",True
15m,VALIDATION,OB,5,"{'ATR_1X_PRICE_BAND_CONTROL_V1': 0.49688438856125516, 'CAUSAL_DNO_QUANTILE_80_20_CONTROL_V1': 0.49688438856125516, 'PROJECT_DYNAMIC_EXTREMA_V1': 0.49688438856125516}",True
15m,VALIDATION,OB,10,"{'ATR_1X_PRICE_BAND_CONTROL_V1': 0.49995826725648945, 'CAUSAL_DNO_QUANTILE_80_20_CONTROL_V1': 0.49995826725648945, 'PROJECT_DYNAMIC_EXTREMA_V1': 0.49995826725648945}",True
15m,VALIDATION,OS,1,"{'ATR_1X_PRICE_BAND_CONTROL_V1': 0.5019748553627058, 'CAUSAL_DNO_QUANTILE_80_20_CONTROL_V1': 0.5019748553627058, 'PROJECT_DYNAMIC_EXTREMA_V1': 0.5019748553627058}",True
15m,VALIDATION,OS,3,"{'ATR_1X_PRICE_BAND_CONTROL_V1': 0.5014186369958276, 'CAUSAL_DNO_QUANTILE_80_20_CONTROL_V1': 0.5014186369958276, 'PROJECT_DYNAMIC_EXTREMA_V1': 0.5014186369958276}",True
15m,VALIDATION,OS,5,"{'ATR_1X_PRICE_BAND_CONTROL_V1': 0.5025036163347056, 'CAUSAL_DNO_QUANTILE_80_20_CONTROL_V1': 0.5025036163347056, 'PROJECT_DYNAMIC_EXTREMA_V1': 0.5025036163347056}",True
15m,VALIDATION,OS,10,"{'ATR_1X_PRICE_BAND_CONTROL_V1': 0.4997078707954261, 'CAUSAL_DNO_QUANTILE_80_20_CONTROL_V1': 0.4997078707954261, 'PROJECT_DYNAMIC_EXTREMA_V1': 0.4997078707954261}",True
1D,DISCOVERY,OB,1,"{'ATR_1X_PRICE_BAND_CONTROL_V1': 0.46441281138790036, 'CAUSAL_DNO_QUANTILE_80_20_CONTROL_V1': 0.46441281138790036, 'PROJECT_DYNAMIC_EXTREMA_V1': 0.46441281138790036}",True
1D,DISCOVERY,OB,3,"{'ATR_1X_PRICE_BAND_CONTROL_V1': 0.45276292335115864, 'CAUSAL_DNO_QUANTILE_80_20_CONTROL_V1': 0.45276292335115864, 'PROJECT_DYNAMIC_EXTREMA_V1': 0.45276292335115864}",True
1D,DISCOVERY,OB,5,"{'ATR_1X_PRICE_BAND_CONTROL_V1': 0.4455357142857143, 'CAUSAL_DNO_QUANTILE_80_20_CONTROL_V1': 0.4455357142857143, 'PROJECT_DYNAMIC_EXTREMA_V1': 0.4455357142857143}",True
1D,DISCOVERY,OB,10,"{'ATR_1X_PRICE_BAND_CONTROL_V1': 0.4260089686098655, 'CAUSAL_DNO_QUANTILE_80_20_CONTROL_V1': 0.4260089686098655, 'PROJECT_DYNAMIC_EXTREMA_V1': 0.4260089686098655}",True
1D,DISCOVERY,OS,1,"{'ATR_1X_PRICE_BAND_CONTROL_V1': 0.5355871886120996, 'CAUSAL_DNO_QUANTILE_80_20_CONTROL_V1': 0.5355871886120996, 'PROJECT_DYNAMIC_EXTREMA_V1': 0.5355871886120996}",True
1D,DISCOVERY,OS,3,"{'ATR_1X_PRICE_BAND_CONTROL_V1': 0.5472370766488414, 'CAUSAL_DNO_QUANTILE_80_20_CONTROL_V1': 0.5472370766488414, 'PROJECT_DYNAMIC_EXTREMA_V1': 0.5472370766488414}",True
1D,DISCOVERY,OS,5,"{'ATR_1X_PRICE_BAND_CONTROL_V1': 0.5535714285714286, 'CAUSAL_DNO_QUANTILE_80_20_CONTROL_V1': 0.5535714285714286, 'PROJECT_DYNAMIC_EXTREMA_V1': 0.5535714285714286}",True
1D,DISCOVERY,OS,10,"{'ATR_1X_PRICE_BAND_CONTROL_V1': 0.5739910313901345, 'CAUSAL_DNO_QUANTILE_80_20_CONTROL_V1': 0.5739910313901345, 'PROJECT_DYNAMIC_EXTREMA_V1': 0.5739910313901345}",True
1D,VALIDATION,OB,1,"{'ATR_1X_PRICE_BAND_CONTROL_V1': 0.516042780748663, 'CAUSAL_DNO_QUANTILE_80_20_CONTROL_V1': 0.516042780748663, 'PROJECT_DYNAMIC_EXTREMA_V1': 0.516042780748663}",True
1D,VALIDATION,OB,3,"{'ATR_1X_PRICE_BAND_CONTROL_V1': 0.47043010752688175, 'CAUSAL_DNO_QUANTILE_80_20_CONTROL_V1': 0.47043010752688175, 'PROJECT_DYNAMIC_EXTREMA_V1': 0.47043010752688175}",True
1D,VALIDATION,OB,5,"{'ATR_1X_PRICE_BAND_CONTROL_V1': 0.4702702702702703, 'CAUSAL_DNO_QUANTILE_80_20_CONTROL_V1': 0.4702702702702703, 'PROJECT_DYNAMIC_EXTREMA_V1': 0.4702702702702703}",True
1D,VALIDATION,OB,10,"{'ATR_1X_PRICE_BAND_CONTROL_V1': 0.4438356164383562, 'CAUSAL_DNO_QUANTILE_80_20_CONTROL_V1': 0.4438356164383562, 'PROJECT_DYNAMIC_EXTREMA_V1': 0.4438356164383562}",True
1D,VALIDATION,OS,1,"{'ATR_1X_PRICE_BAND_CONTROL_V1': 0.4839572192513369, 'CAUSAL_DNO_QUANTILE_80_20_CONTROL_V1': 0.4839572192513369, 'PROJECT_DYNAMIC_EXTREMA_V1': 0.4839572192513369}",True
1D,VALIDATION,OS,3,"{'ATR_1X_PRICE_BAND_CONTROL_V1': 0.5295698924731183, 'CAUSAL_DNO_QUANTILE_80_20_CONTROL_V1': 0.5295698924731183, 'PROJECT_DYNAMIC_EXTREMA_V1': 0.5295698924731183}",True
1D,VALIDATION,OS,5,"{'ATR_1X_PRICE_BAND_CONTROL_V1': 0.5297297297297298, 'CAUSAL_DNO_QUANTILE_80_20_CONTROL_V1': 0.5297297297297298, 'PROJECT_DYNAMIC_EXTREMA_V1': 0.5297297297297298}",True
1D,VALIDATION,OS,10,"{'ATR_1X_PRICE_BAND_CONTROL_V1': 0.5561643835616439, 'CAUSAL_DNO_QUANTILE_80_20_CONTROL_V1': 0.5561643835616439, 'PROJECT_DYNAMIC_EXTREMA_V1': 0.5561643835616439}",True
1H,DISCOVERY,OB,1,"{'ATR_1X_PRICE_BAND_CONTROL_V1': 0.4912879950875038, 'CAUSAL_DNO_QUANTILE_80_20_CONTROL_V1': 0.4912879950875038, 'PROJECT_DYNAMIC_EXTREMA_V1': 0.4912879950875038}",True
1H,DISCOVERY,OB,3,"{'ATR_1X_PRICE_BAND_CONTROL_V1': 0.4836493436708375, 'CAUSAL_DNO_QUANTILE_80_20_CONTROL_V1': 0.4836493436708375, 'PROJECT_DYNAMIC_EXTREMA_V1': 0.4836493436708375}",True
1H,DISCOVERY,OB,5,"{'ATR_1X_PRICE_BAND_CONTROL_V1': 0.4809995393827729, 'CAUSAL_DNO_QUANTILE_80_20_CONTROL_V1': 0.4809995393827729, 'PROJECT_DYNAMIC_EXTREMA_V1': 0.4809995393827729}",True
1H,DISCOVERY,OB,10,"{'ATR_1X_PRICE_BAND_CONTROL_V1': 0.4794026183437632, 'CAUSAL_DNO_QUANTILE_80_20_CONTROL_V1': 0.4794026183437632, 'PROJECT_DYNAMIC_EXTREMA_V1': 0.4794026183437632}",True
1H,DISCOVERY,OS,1,"{'ATR_1X_PRICE_BAND_CONTROL_V1': 0.5063708934602394, 'CAUSAL_DNO_QUANTILE_80_20_CONTROL_V1': 0.5063708934602394, 'PROJECT_DYNAMIC_EXTREMA_V1': 0.5063708934602394}",True
1H,DISCOVERY,OS,3,"{'ATR_1X_PRICE_BAND_CONTROL_V1': 0.5151992016580947, 'CAUSAL_DNO_QUANTILE_80_20_CONTROL_V1': 0.5151992016580947, 'PROJECT_DYNAMIC_EXTREMA_V1': 0.5151992016580947}",True
1H,DISCOVERY,OS,5,"{'ATR_1X_PRICE_BAND_CONTROL_V1': 0.5181559957009059, 'CAUSAL_DNO_QUANTILE_80_20_CONTROL_V1': 0.5181559957009059, 'PROJECT_DYNAMIC_EXTREMA_V1': 0.5181559957009059}",True
1H,DISCOVERY,OS,10,"{'ATR_1X_PRICE_BAND_CONTROL_V1': 0.5196375782239797, 'CAUSAL_DNO_QUANTILE_80_20_CONTROL_V1': 0.5196375782239797, 'PROJECT_DYNAMIC_EXTREMA_V1': 0.5196375782239797}",True
1H,VALIDATION,OB,1,"{'ATR_1X_PRICE_BAND_CONTROL_V1': 0.5035762181493071, 'CAUSAL_DNO_QUANTILE_80_20_CONTROL_V1': 0.5035762181493071, 'PROJECT_DYNAMIC_EXTREMA_V1': 0.5035762181493071}",True
1H,VALIDATION,OB,3,"{'ATR_1X_PRICE_BAND_CONTROL_V1': 0.49586407332886207, 'CAUSAL_DNO_QUANTILE_80_20_CONTROL_V1': 0.49586407332886207, 'PROJECT_DYNAMIC_EXTREMA_V1': 0.49586407332886207}",True
1H,VALIDATION,OB,5,"{'ATR_1X_PRICE_BAND_CONTROL_V1': 0.4991055456171735, 'CAUSAL_DNO_QUANTILE_80_20_CONTROL_V1': 0.4991055456171735, 'PROJECT_DYNAMIC_EXTREMA_V1': 0.4991055456171735}",True
1H,VALIDATION,OB,10,"{'ATR_1X_PRICE_BAND_CONTROL_V1': 0.5120259536860946, 'CAUSAL_DNO_QUANTILE_80_20_CONTROL_V1': 0.5120259536860946, 'PROJECT_DYNAMIC_EXTREMA_V1': 0.5120259536860946}",True
1H,VALIDATION,OS,1,"{'ATR_1X_PRICE_BAND_CONTROL_V1': 0.4957532409476978, 'CAUSAL_DNO_QUANTILE_80_20_CONTROL_V1': 0.4957532409476978, 'PROJECT_DYNAMIC_EXTREMA_V1': 0.4957532409476978}",True
1H,VALIDATION,OS,3,"{'ATR_1X_PRICE_BAND_CONTROL_V1': 0.5036887994634474, 'CAUSAL_DNO_QUANTILE_80_20_CONTROL_V1': 0.5036887994634474, 'PROJECT_DYNAMIC_EXTREMA_V1': 0.5036887994634474}",True
1H,VALIDATION,OS,5,"{'ATR_1X_PRICE_BAND_CONTROL_V1': 0.5001118067978533, 'CAUSAL_DNO_QUANTILE_80_20_CONTROL_V1': 0.5001118067978533, 'PROJECT_DYNAMIC_EXTREMA_V1': 0.5001118067978533}",True
1H,VALIDATION,OS,10,"{'ATR_1X_PRICE_BAND_CONTROL_V1': 0.4877503076406757, 'CAUSAL_DNO_QUANTILE_80_20_CONTROL_V1': 0.4877503076406757, 'PROJECT_DYNAMIC_EXTREMA_V1': 0.4877503076406757}",True
2H,DISCOVERY,OB,1,"{'ATR_1X_PRICE_BAND_CONTROL_V1': 0.48691950464396283, 'CAUSAL_DNO_QUANTILE_80_20_CONTROL_V1': 0.48691950464396283, 'PROJECT_DYNAMIC_EXTREMA_V1': 0.48691950464396283}",True
2H,DISCOVERY,OB,3,"{'ATR_1X_PRICE_BAND_CONTROL_V1': 0.4780925839913299, 'CAUSAL_DNO_QUANTILE_80_20_CONTROL_V1': 0.4780925839913299, 'PROJECT_DYNAMIC_EXTREMA_V1': 0.4780925839913299}",True
2H,DISCOVERY,OB,5,"{'ATR_1X_PRICE_BAND_CONTROL_V1': 0.477624651594921, 'CAUSAL_DNO_QUANTILE_80_20_CONTROL_V1': 0.477624651594921, 'PROJECT_DYNAMIC_EXTREMA_V1': 0.477624651594921}",True
2H,DISCOVERY,OB,10,"{'ATR_1X_PRICE_BAND_CONTROL_V1': 0.47323987297653164, 'CAUSAL_DNO_QUANTILE_80_20_CONTROL_V1': 0.47323987297653164, 'PROJECT_DYNAMIC_EXTREMA_V1': 0.47323987297653164}",True
2H,DISCOVERY,OS,1,"{'ATR_1X_PRICE_BAND_CONTROL_V1': 0.5117647058823529, 'CAUSAL_DNO_QUANTILE_80_20_CONTROL_V1': 0.5117647058823529, 'PROJECT_DYNAMIC_EXTREMA_V1': 0.5117647058823529}",True
2H,DISCOVERY,OS,3,"{'ATR_1X_PRICE_BAND_CONTROL_V1': 0.5211333023687877, 'CAUSAL_DNO_QUANTILE_80_20_CONTROL_V1': 0.5211333023687877, 'PROJECT_DYNAMIC_EXTREMA_V1': 0.5211333023687877}",True
2H,DISCOVERY,OS,5,"{'ATR_1X_PRICE_BAND_CONTROL_V1': 0.5214462681944875, 'CAUSAL_DNO_QUANTILE_80_20_CONTROL_V1': 0.5214462681944875, 'PROJECT_DYNAMIC_EXTREMA_V1': 0.5214462681944875}",True
2H,DISCOVERY,OS,10,"{'ATR_1X_PRICE_BAND_CONTROL_V1': 0.5262954070172721, 'CAUSAL_DNO_QUANTILE_80_20_CONTROL_V1': 0.5262954070172721, 'PROJECT_DYNAMIC_EXTREMA_V1': 0.5262954070172721}",True
2H,VALIDATION,OB,1,"{'ATR_1X_PRICE_BAND_CONTROL_V1': 0.49133333333333334, 'CAUSAL_DNO_QUANTILE_80_20_CONTROL_V1': 0.49133333333333334, 'PROJECT_DYNAMIC_EXTREMA_V1': 0.49133333333333334}",True
2H,VALIDATION,OB,3,"{'ATR_1X_PRICE_BAND_CONTROL_V1': 0.5024455313472654, 'CAUSAL_DNO_QUANTILE_80_20_CONTROL_V1': 0.5024455313472654, 'PROJECT_DYNAMIC_EXTREMA_V1': 0.5024455313472654}",True
2H,VALIDATION,OB,5,"{'ATR_1X_PRICE_BAND_CONTROL_V1': 0.5115658362989324, 'CAUSAL_DNO_QUANTILE_80_20_CONTROL_V1': 0.5115658362989324, 'PROJECT_DYNAMIC_EXTREMA_V1': 0.5115658362989324}",True
2H,VALIDATION,OB,10,"{'ATR_1X_PRICE_BAND_CONTROL_V1': 0.5021153417947005, 'CAUSAL_DNO_QUANTILE_80_20_CONTROL_V1': 0.5021153417947005, 'PROJECT_DYNAMIC_EXTREMA_V1': 0.5021153417947005}",True
2H,VALIDATION,OS,1,"{'ATR_1X_PRICE_BAND_CONTROL_V1': 0.5077777777777778, 'CAUSAL_DNO_QUANTILE_80_20_CONTROL_V1': 0.5077777777777778, 'PROJECT_DYNAMIC_EXTREMA_V1': 0.5077777777777778}",True
2H,VALIDATION,OS,3,"{'ATR_1X_PRICE_BAND_CONTROL_V1': 0.49733214762116495, 'CAUSAL_DNO_QUANTILE_80_20_CONTROL_V1': 0.49733214762116495, 'PROJECT_DYNAMIC_EXTREMA_V1': 0.49733214762116495}",True
2H,VALIDATION,OS,5,"{'ATR_1X_PRICE_BAND_CONTROL_V1': 0.48821174377224197, 'CAUSAL_DNO_QUANTILE_80_20_CONTROL_V1': 0.48821174377224197, 'PROJECT_DYNAMIC_EXTREMA_V1': 0.48821174377224197}",True
2H,VALIDATION,OS,10,"{'ATR_1X_PRICE_BAND_CONTROL_V1': 0.4972166555332888, 'CAUSAL_DNO_QUANTILE_80_20_CONTROL_V1': 0.4972166555332888, 'PROJECT_DYNAMIC_EXTREMA_V1': 0.4972166555332888}",True
30m,DISCOVERY,OB,1,"{'ATR_1X_PRICE_BAND_CONTROL_V1': 0.4937716197569136, 'CAUSAL_DNO_QUANTILE_80_20_CONTROL_V1': 0.4937716197569136, 'PROJECT_DYNAMIC_EXTREMA_V1': 0.4937716197569136}",True
30m,DISCOVERY,OB,3,"{'ATR_1X_PRICE_BAND_CONTROL_V1': 0.4908035764919378, 'CAUSAL_DNO_QUANTILE_80_20_CONTROL_V1': 0.4908035764919378, 'PROJECT_DYNAMIC_EXTREMA_V1': 0.4908035764919378}",True
30m,DISCOVERY,OB,5,"{'ATR_1X_PRICE_BAND_CONTROL_V1': 0.4870602468855744, 'CAUSAL_DNO_QUANTILE_80_20_CONTROL_V1': 0.4870602468855744, 'PROJECT_DYNAMIC_EXTREMA_V1': 0.4870602468855744}",True
30m,DISCOVERY,OB,10,"{'ATR_1X_PRICE_BAND_CONTROL_V1': 0.47999773131167994, 'CAUSAL_DNO_QUANTILE_80_20_CONTROL_V1': 0.47999773131167994, 'PROJECT_DYNAMIC_EXTREMA_V1': 0.47999773131167994}",True
30m,DISCOVERY,OS,1,"{'ATR_1X_PRICE_BAND_CONTROL_V1': 0.503525319925146, 'CAUSAL_DNO_QUANTILE_80_20_CONTROL_V1': 0.503525319925146, 'PROJECT_DYNAMIC_EXTREMA_V1': 0.503525319925146}",True
30m,DISCOVERY,OS,3,"{'ATR_1X_PRICE_BAND_CONTROL_V1': 0.5074006162454396, 'CAUSAL_DNO_QUANTILE_80_20_CONTROL_V1': 0.5074006162454396, 'PROJECT_DYNAMIC_EXTREMA_V1': 0.5074006162454396}",True
30m,DISCOVERY,OS,5,"{'ATR_1X_PRICE_BAND_CONTROL_V1': 0.5113518213954895, 'CAUSAL_DNO_QUANTILE_80_20_CONTROL_V1': 0.5113518213954895, 'PROJECT_DYNAMIC_EXTREMA_V1': 0.5113518213954895}",True
30m,DISCOVERY,OS,10,"{'ATR_1X_PRICE_BAND_CONTROL_V1': 0.5192082277763074, 'CAUSAL_DNO_QUANTILE_80_20_CONTROL_V1': 0.5192082277763074, 'PROJECT_DYNAMIC_EXTREMA_V1': 0.5192082277763074}",True
30m,VALIDATION,OB,1,"{'ATR_1X_PRICE_BAND_CONTROL_V1': 0.4942074189595633, 'CAUSAL_DNO_QUANTILE_80_20_CONTROL_V1': 0.4942074189595633, 'PROJECT_DYNAMIC_EXTREMA_V1': 0.4942074189595633}",True
30m,VALIDATION,OB,3,"{'ATR_1X_PRICE_BAND_CONTROL_V1': 0.4972704991087344, 'CAUSAL_DNO_QUANTILE_80_20_CONTROL_V1': 0.4972704991087344, 'PROJECT_DYNAMIC_EXTREMA_V1': 0.4972704991087344}",True
30m,VALIDATION,OB,5,"{'ATR_1X_PRICE_BAND_CONTROL_V1': 0.5007242339832869, 'CAUSAL_DNO_QUANTILE_80_20_CONTROL_V1': 0.5007242339832869, 'PROJECT_DYNAMIC_EXTREMA_V1': 0.5007242339832869}",True
30m,VALIDATION,OB,10,"{'ATR_1X_PRICE_BAND_CONTROL_V1': 0.5000278629144609, 'CAUSAL_DNO_QUANTILE_80_20_CONTROL_V1': 0.5000278629144609, 'PROJECT_DYNAMIC_EXTREMA_V1': 0.5000278629144609}",True
30m,VALIDATION,OS,1,"{'ATR_1X_PRICE_BAND_CONTROL_V1': 0.5043444357803275, 'CAUSAL_DNO_QUANTILE_80_20_CONTROL_V1': 0.5043444357803275, 'PROJECT_DYNAMIC_EXTREMA_V1': 0.5043444357803275}",True
30m,VALIDATION,OS,3,"{'ATR_1X_PRICE_BAND_CONTROL_V1': 0.5021724598930482, 'CAUSAL_DNO_QUANTILE_80_20_CONTROL_V1': 0.5021724598930482, 'PROJECT_DYNAMIC_EXTREMA_V1': 0.5021724598930482}",True
30m,VALIDATION,OS,5,"{'ATR_1X_PRICE_BAND_CONTROL_V1': 0.498941504178273, 'CAUSAL_DNO_QUANTILE_80_20_CONTROL_V1': 0.498941504178273, 'PROJECT_DYNAMIC_EXTREMA_V1': 0.498941504178273}",True
30m,VALIDATION,OS,10,"{'ATR_1X_PRICE_BAND_CONTROL_V1': 0.49941487879632207, 'CAUSAL_DNO_QUANTILE_80_20_CONTROL_V1': 0.49941487879632207, 'PROJECT_DYNAMIC_EXTREMA_V1': 0.49941487879632207}",True
4H,DISCOVERY,OB,1,"{'ATR_1X_PRICE_BAND_CONTROL_V1': 0.48230290141272975, 'CAUSAL_DNO_QUANTILE_80_20_CONTROL_V1': 0.48230290141272975, 'PROJECT_DYNAMIC_EXTREMA_V1': 0.48230290141272975}",True
4H,DISCOVERY,OB,3,"{'ATR_1X_PRICE_BAND_CONTROL_V1': 0.4743959884516031, 'CAUSAL_DNO_QUANTILE_80_20_CONTROL_V1': 0.4743959884516031, 'PROJECT_DYNAMIC_EXTREMA_V1': 0.4743959884516031}",True
4H,DISCOVERY,OB,5,"{'ATR_1X_PRICE_BAND_CONTROL_V1': 0.4675482596139231, 'CAUSAL_DNO_QUANTILE_80_20_CONTROL_V1': 0.4675482596139231, 'PROJECT_DYNAMIC_EXTREMA_V1': 0.4675482596139231}",True
4H,DISCOVERY,OB,10,"{'ATR_1X_PRICE_BAND_CONTROL_V1': 0.4627319744447825, 'CAUSAL_DNO_QUANTILE_80_20_CONTROL_V1': 0.4627319744447825, 'PROJECT_DYNAMIC_EXTREMA_V1': 0.4627319744447825}",True
4H,DISCOVERY,OS,1,"{'ATR_1X_PRICE_BAND_CONTROL_V1': 0.5164818471821359, 'CAUSAL_DNO_QUANTILE_80_20_CONTROL_V1': 0.5164818471821359, 'PROJECT_DYNAMIC_EXTREMA_V1': 0.5164818471821359}",True
4H,DISCOVERY,OS,3,"{'ATR_1X_PRICE_BAND_CONTROL_V1': 0.5253001063668136, 'CAUSAL_DNO_QUANTILE_80_20_CONTROL_V1': 0.5253001063668136, 'PROJECT_DYNAMIC_EXTREMA_V1': 0.5253001063668136}",True
4H,DISCOVERY,OS,5,"{'ATR_1X_PRICE_BAND_CONTROL_V1': 0.5322997416020672, 'CAUSAL_DNO_QUANTILE_80_20_CONTROL_V1': 0.5322997416020672, 'PROJECT_DYNAMIC_EXTREMA_V1': 0.5322997416020672}",True
4H,DISCOVERY,OS,10,"{'ATR_1X_PRICE_BAND_CONTROL_V1': 0.5371159111651962, 'CAUSAL_DNO_QUANTILE_80_20_CONTROL_V1': 0.5371159111651962, 'PROJECT_DYNAMIC_EXTREMA_V1': 0.5371159111651962}",True
4H,VALIDATION,OB,1,"{'ATR_1X_PRICE_BAND_CONTROL_V1': 0.5006669630947087, 'CAUSAL_DNO_QUANTILE_80_20_CONTROL_V1': 0.5006669630947087, 'PROJECT_DYNAMIC_EXTREMA_V1': 0.5006669630947087}",True
4H,VALIDATION,OB,3,"{'ATR_1X_PRICE_BAND_CONTROL_V1': 0.5122385402759234, 'CAUSAL_DNO_QUANTILE_80_20_CONTROL_V1': 0.5122385402759234, 'PROJECT_DYNAMIC_EXTREMA_V1': 0.5122385402759234}",True
4H,VALIDATION,OB,5,"{'ATR_1X_PRICE_BAND_CONTROL_V1': 0.5086859688195992, 'CAUSAL_DNO_QUANTILE_80_20_CONTROL_V1': 0.5086859688195992, 'PROJECT_DYNAMIC_EXTREMA_V1': 0.5086859688195992}",True
4H,VALIDATION,OB,10,"{'ATR_1X_PRICE_BAND_CONTROL_V1': 0.5008928571428571, 'CAUSAL_DNO_QUANTILE_80_20_CONTROL_V1': 0.5008928571428571, 'PROJECT_DYNAMIC_EXTREMA_V1': 0.5008928571428571}",True
4H,VALIDATION,OS,1,"{'ATR_1X_PRICE_BAND_CONTROL_V1': 0.49933303690529124, 'CAUSAL_DNO_QUANTILE_80_20_CONTROL_V1': 0.49933303690529124, 'PROJECT_DYNAMIC_EXTREMA_V1': 0.49933303690529124}",True
4H,VALIDATION,OS,3,"{'ATR_1X_PRICE_BAND_CONTROL_V1': 0.48776145972407653, 'CAUSAL_DNO_QUANTILE_80_20_CONTROL_V1': 0.48776145972407653, 'PROJECT_DYNAMIC_EXTREMA_V1': 0.48776145972407653}",True
4H,VALIDATION,OS,5,"{'ATR_1X_PRICE_BAND_CONTROL_V1': 0.4908685968819599, 'CAUSAL_DNO_QUANTILE_80_20_CONTROL_V1': 0.4908685968819599, 'PROJECT_DYNAMIC_EXTREMA_V1': 0.4908685968819599}",True
4H,VALIDATION,OS,10,"{'ATR_1X_PRICE_BAND_CONTROL_V1': 0.49910714285714286, 'CAUSAL_DNO_QUANTILE_80_20_CONTROL_V1': 0.49910714285714286, 'PROJECT_DYNAMIC_EXTREMA_V1': 0.49910714285714286}",True
5m,DISCOVERY,OB,1,"{'ATR_1X_PRICE_BAND_CONTROL_V1': 0.49527284687250805, 'CAUSAL_DNO_QUANTILE_80_20_CONTROL_V1': 0.49527284687250805, 'PROJECT_DYNAMIC_EXTREMA_V1': 0.49527284687250805}",True
5m,DISCOVERY,OB,3,"{'ATR_1X_PRICE_BAND_CONTROL_V1': 0.4940285771909955, 'CAUSAL_DNO_QUANTILE_80_20_CONTROL_V1': 0.4940285771909955, 'PROJECT_DYNAMIC_EXTREMA_V1': 0.4940285771909955}",True
5m,DISCOVERY,OB,5,"{'ATR_1X_PRICE_BAND_CONTROL_V1': 0.49419609473661347, 'CAUSAL_DNO_QUANTILE_80_20_CONTROL_V1': 0.49419609473661347, 'PROJECT_DYNAMIC_EXTREMA_V1': 0.49419609473661347}",True
5m,DISCOVERY,OB,10,"{'ATR_1X_PRICE_BAND_CONTROL_V1': 0.49197587176288793, 'CAUSAL_DNO_QUANTILE_80_20_CONTROL_V1': 0.49197587176288793, 'PROJECT_DYNAMIC_EXTREMA_V1': 0.49197587176288793}",True
5m,DISCOVERY,OS,1,"{'ATR_1X_PRICE_BAND_CONTROL_V1': 0.49711902745068837, 'CAUSAL_DNO_QUANTILE_80_20_CONTROL_V1': 0.49711902745068837, 'PROJECT_DYNAMIC_EXTREMA_V1': 0.49711902745068837}",True
5m,DISCOVERY,OS,3,"{'ATR_1X_PRICE_BAND_CONTROL_V1': 0.5016801898940378, 'CAUSAL_DNO_QUANTILE_80_20_CONTROL_V1': 0.5016801898940378, 'PROJECT_DYNAMIC_EXTREMA_V1': 0.5016801898940378}",True
5m,DISCOVERY,OS,5,"{'ATR_1X_PRICE_BAND_CONTROL_V1': 0.5026358821284399, 'CAUSAL_DNO_QUANTILE_80_20_CONTROL_V1': 0.5026358821284399, 'PROJECT_DYNAMIC_EXTREMA_V1': 0.5026358821284399}",True
5m,DISCOVERY,OS,10,"{'ATR_1X_PRICE_BAND_CONTROL_V1': 0.5056845332290755, 'CAUSAL_DNO_QUANTILE_80_20_CONTROL_V1': 0.5056845332290755, 'PROJECT_DYNAMIC_EXTREMA_V1': 0.5056845332290755}",True
5m,VALIDATION,OB,1,"{'ATR_1X_PRICE_BAND_CONTROL_V1': 0.49880953483847656, 'CAUSAL_DNO_QUANTILE_80_20_CONTROL_V1': 0.49880953483847656, 'PROJECT_DYNAMIC_EXTREMA_V1': 0.49880953483847656}",True
5m,VALIDATION,OB,3,"{'ATR_1X_PRICE_BAND_CONTROL_V1': 0.4977440962024847, 'CAUSAL_DNO_QUANTILE_80_20_CONTROL_V1': 0.4977440962024847, 'PROJECT_DYNAMIC_EXTREMA_V1': 0.4977440962024847}",True
5m,VALIDATION,OB,5,"{'ATR_1X_PRICE_BAND_CONTROL_V1': 0.4973456738653103, 'CAUSAL_DNO_QUANTILE_80_20_CONTROL_V1': 0.4973456738653103, 'PROJECT_DYNAMIC_EXTREMA_V1': 0.4973456738653103}",True
5m,VALIDATION,OB,10,"{'ATR_1X_PRICE_BAND_CONTROL_V1': 0.49646073453656003, 'CAUSAL_DNO_QUANTILE_80_20_CONTROL_V1': 0.49646073453656003, 'PROJECT_DYNAMIC_EXTREMA_V1': 0.49646073453656003}",True
5m,VALIDATION,OS,1,"{'ATR_1X_PRICE_BAND_CONTROL_V1': 0.4980220676110097, 'CAUSAL_DNO_QUANTILE_80_20_CONTROL_V1': 0.4980220676110097, 'PROJECT_DYNAMIC_EXTREMA_V1': 0.4980220676110097}",True
5m,VALIDATION,OS,3,"{'ATR_1X_PRICE_BAND_CONTROL_V1': 0.5004771213370515, 'CAUSAL_DNO_QUANTILE_80_20_CONTROL_V1': 0.5004771213370515, 'PROJECT_DYNAMIC_EXTREMA_V1': 0.5004771213370515}",True
5m,VALIDATION,OS,5,"{'ATR_1X_PRICE_BAND_CONTROL_V1': 0.5011441859603287, 'CAUSAL_DNO_QUANTILE_80_20_CONTROL_V1': 0.5011441859603287, 'PROJECT_DYNAMIC_EXTREMA_V1': 0.5011441859603287}",True
5m,VALIDATION,OS,10,"{'ATR_1X_PRICE_BAND_CONTROL_V1': 0.5025942259941445, 'CAUSAL_DNO_QUANTILE_80_20_CONTROL_V1': 0.5025942259941445, 'PROJECT_DYNAMIC_EXTREMA_V1': 0.5025942259941445}",True
6H,DISCOVERY,OB,1,"{'ATR_1X_PRICE_BAND_CONTROL_V1': 0.4738856371004052, 'CAUSAL_DNO_QUANTILE_80_20_CONTROL_V1': 0.4738856371004052, 'PROJECT_DYNAMIC_EXTREMA_V1': 0.4738856371004052}",True
6H,DISCOVERY,OB,3,"{'ATR_1X_PRICE_BAND_CONTROL_V1': 0.46959459459459457, 'CAUSAL_DNO_QUANTILE_80_20_CONTROL_V1': 0.46959459459459457, 'PROJECT_DYNAMIC_EXTREMA_V1': 0.46959459459459457}",True
6H,DISCOVERY,OB,5,"{'ATR_1X_PRICE_BAND_CONTROL_V1': 0.4704821991888238, 'CAUSAL_DNO_QUANTILE_80_20_CONTROL_V1': 0.4704821991888238, 'PROJECT_DYNAMIC_EXTREMA_V1': 0.4704821991888238}",True
6H,DISCOVERY,OB,10,"{'ATR_1X_PRICE_BAND_CONTROL_V1': 0.45589893976990753, 'CAUSAL_DNO_QUANTILE_80_20_CONTROL_V1': 0.45589893976990753, 'PROJECT_DYNAMIC_EXTREMA_V1': 0.45589893976990753}",True
6H,DISCOVERY,OS,1,"{'ATR_1X_PRICE_BAND_CONTROL_V1': 0.5261143628995948, 'CAUSAL_DNO_QUANTILE_80_20_CONTROL_V1': 0.5261143628995948, 'PROJECT_DYNAMIC_EXTREMA_V1': 0.5261143628995948}",True
6H,DISCOVERY,OS,3,"{'ATR_1X_PRICE_BAND_CONTROL_V1': 0.5301801801801802, 'CAUSAL_DNO_QUANTILE_80_20_CONTROL_V1': 0.5301801801801802, 'PROJECT_DYNAMIC_EXTREMA_V1': 0.5301801801801802}",True
6H,DISCOVERY,OS,5,"{'ATR_1X_PRICE_BAND_CONTROL_V1': 0.5295178008111762, 'CAUSAL_DNO_QUANTILE_80_20_CONTROL_V1': 0.5295178008111762, 'PROJECT_DYNAMIC_EXTREMA_V1': 0.5295178008111762}",True
6H,DISCOVERY,OS,10,"{'ATR_1X_PRICE_BAND_CONTROL_V1': 0.5436498984886081, 'CAUSAL_DNO_QUANTILE_80_20_CONTROL_V1': 0.5436498984886081, 'PROJECT_DYNAMIC_EXTREMA_V1': 0.5436498984886081}",True
6H,VALIDATION,OB,1,"{'ATR_1X_PRICE_BAND_CONTROL_V1': 0.49666666666666665, 'CAUSAL_DNO_QUANTILE_80_20_CONTROL_V1': 0.49666666666666665, 'PROJECT_DYNAMIC_EXTREMA_V1': 0.49666666666666665}",True
6H,VALIDATION,OB,3,"{'ATR_1X_PRICE_BAND_CONTROL_V1': 0.5033377837116155, 'CAUSAL_DNO_QUANTILE_80_20_CONTROL_V1': 0.5033377837116155, 'PROJECT_DYNAMIC_EXTREMA_V1': 0.5033377837116155}",True
6H,VALIDATION,OB,5,"{'ATR_1X_PRICE_BAND_CONTROL_V1': 0.4979946524064171, 'CAUSAL_DNO_QUANTILE_80_20_CONTROL_V1': 0.4979946524064171, 'PROJECT_DYNAMIC_EXTREMA_V1': 0.4979946524064171}",True
6H,VALIDATION,OB,10,"{'ATR_1X_PRICE_BAND_CONTROL_V1': 0.4922870556673374, 'CAUSAL_DNO_QUANTILE_80_20_CONTROL_V1': 0.4922870556673374, 'PROJECT_DYNAMIC_EXTREMA_V1': 0.4922870556673374}",True
6H,VALIDATION,OS,1,"{'ATR_1X_PRICE_BAND_CONTROL_V1': 0.5033333333333333, 'CAUSAL_DNO_QUANTILE_80_20_CONTROL_V1': 0.5033333333333333, 'PROJECT_DYNAMIC_EXTREMA_V1': 0.5033333333333333}",True
6H,VALIDATION,OS,3,"{'ATR_1X_PRICE_BAND_CONTROL_V1': 0.49666221628838453, 'CAUSAL_DNO_QUANTILE_80_20_CONTROL_V1': 0.49666221628838453, 'PROJECT_DYNAMIC_EXTREMA_V1': 0.49666221628838453}",True
6H,VALIDATION,OS,5,"{'ATR_1X_PRICE_BAND_CONTROL_V1': 0.5020053475935828, 'CAUSAL_DNO_QUANTILE_80_20_CONTROL_V1': 0.5020053475935828, 'PROJECT_DYNAMIC_EXTREMA_V1': 0.5020053475935828}",True
6H,VALIDATION,OS,10,"{'ATR_1X_PRICE_BAND_CONTROL_V1': 0.5077129443326627, 'CAUSAL_DNO_QUANTILE_80_20_CONTROL_V1': 0.5077129443326627, 'PROJECT_DYNAMIC_EXTREMA_V1': 0.5077129443326627}",True
8H,DISCOVERY,OB,1,"{'ATR_1X_PRICE_BAND_CONTROL_V1': 0.48043864848844103, 'CAUSAL_DNO_QUANTILE_80_20_CONTROL_V1': 0.48043864848844103, 'PROJECT_DYNAMIC_EXTREMA_V1': 0.48043864848844103}",True
8H,DISCOVERY,OB,3,"{'ATR_1X_PRICE_BAND_CONTROL_V1': 0.46174377224199287, 'CAUSAL_DNO_QUANTILE_80_20_CONTROL_V1': 0.46174377224199287, 'PROJECT_DYNAMIC_EXTREMA_V1': 0.46174377224199287}",True
8H,DISCOVERY,OB,5,"{'ATR_1X_PRICE_BAND_CONTROL_V1': 0.457566765578635, 'CAUSAL_DNO_QUANTILE_80_20_CONTROL_V1': 0.457566765578635, 'PROJECT_DYNAMIC_EXTREMA_V1': 0.457566765578635}",True
8H,DISCOVERY,OB,10,"{'ATR_1X_PRICE_BAND_CONTROL_V1': 0.45052005943536405, 'CAUSAL_DNO_QUANTILE_80_20_CONTROL_V1': 0.45052005943536405, 'PROJECT_DYNAMIC_EXTREMA_V1': 0.45052005943536405}",True
8H,DISCOVERY,OS,1,"{'ATR_1X_PRICE_BAND_CONTROL_V1': 0.518968583283936, 'CAUSAL_DNO_QUANTILE_80_20_CONTROL_V1': 0.518968583283936, 'PROJECT_DYNAMIC_EXTREMA_V1': 0.518968583283936}",True
8H,DISCOVERY,OS,3,"{'ATR_1X_PRICE_BAND_CONTROL_V1': 0.5379596678529063, 'CAUSAL_DNO_QUANTILE_80_20_CONTROL_V1': 0.5379596678529063, 'PROJECT_DYNAMIC_EXTREMA_V1': 0.5379596678529063}",True
8H,DISCOVERY,OS,5,"{'ATR_1X_PRICE_BAND_CONTROL_V1': 0.5421364985163205, 'CAUSAL_DNO_QUANTILE_80_20_CONTROL_V1': 0.5421364985163205, 'PROJECT_DYNAMIC_EXTREMA_V1': 0.5421364985163205}",True
8H,DISCOVERY,OS,10,"{'ATR_1X_PRICE_BAND_CONTROL_V1': 0.549479940564636, 'CAUSAL_DNO_QUANTILE_80_20_CONTROL_V1': 0.549479940564636, 'PROJECT_DYNAMIC_EXTREMA_V1': 0.549479940564636}",True
8H,VALIDATION,OB,1,"{'ATR_1X_PRICE_BAND_CONTROL_V1': 0.48576512455516013, 'CAUSAL_DNO_QUANTILE_80_20_CONTROL_V1': 0.48576512455516013, 'PROJECT_DYNAMIC_EXTREMA_V1': 0.48576512455516013}",True
8H,VALIDATION,OB,3,"{'ATR_1X_PRICE_BAND_CONTROL_V1': 0.5089126559714795, 'CAUSAL_DNO_QUANTILE_80_20_CONTROL_V1': 0.5089126559714795, 'PROJECT_DYNAMIC_EXTREMA_V1': 0.5089126559714795}",True
8H,VALIDATION,OB,5,"{'ATR_1X_PRICE_BAND_CONTROL_V1': 0.5017857142857143, 'CAUSAL_DNO_QUANTILE_80_20_CONTROL_V1': 0.5017857142857143, 'PROJECT_DYNAMIC_EXTREMA_V1': 0.5017857142857143}",True
8H,VALIDATION,OB,10,"{'ATR_1X_PRICE_BAND_CONTROL_V1': 0.47533632286995514, 'CAUSAL_DNO_QUANTILE_80_20_CONTROL_V1': 0.47533632286995514, 'PROJECT_DYNAMIC_EXTREMA_V1': 0.47533632286995514}",True
8H,VALIDATION,OS,1,"{'ATR_1X_PRICE_BAND_CONTROL_V1': 0.5142348754448398, 'CAUSAL_DNO_QUANTILE_80_20_CONTROL_V1': 0.5142348754448398, 'PROJECT_DYNAMIC_EXTREMA_V1': 0.5142348754448398}",True
8H,VALIDATION,OS,3,"{'ATR_1X_PRICE_BAND_CONTROL_V1': 0.49019607843137253, 'CAUSAL_DNO_QUANTILE_80_20_CONTROL_V1': 0.49019607843137253, 'PROJECT_DYNAMIC_EXTREMA_V1': 0.49019607843137253}",True
8H,VALIDATION,OS,5,"{'ATR_1X_PRICE_BAND_CONTROL_V1': 0.4982142857142857, 'CAUSAL_DNO_QUANTILE_80_20_CONTROL_V1': 0.4982142857142857, 'PROJECT_DYNAMIC_EXTREMA_V1': 0.4982142857142857}",True
8H,VALIDATION,OS,10,"{'ATR_1X_PRICE_BAND_CONTROL_V1': 0.5246636771300448, 'CAUSAL_DNO_QUANTILE_80_20_CONTROL_V1': 0.5246636771300448, 'PROJECT_DYNAMIC_EXTREMA_V1': 0.5246636771300448}",True
