timeframe,split,direction,control_id,comparison_scope,denominator_label,denominator_count,event_count,events_per_1000
12H,DISCOVERY,OB,ATR_1X_PRICE_BAND_CONTROL_V1,COMMON_ELIGIBILITY,COMMON_ELIGIBLE_BARS,2250,130,57.77777777777778
12H,DISCOVERY,OB,CAUSAL_DNO_QUANTILE_80_20_CONTROL_V1,COMMON_ELIGIBILITY,COMMON_ELIGIBLE_BARS,2250,213,94.66666666666666
12H,DISCOVERY,OB,PROJECT_DYNAMIC_EXTREMA_V1,COMMON_ELIGIBILITY,COMMON_ELIGIBLE_BARS,2250,226,100.44444444444444
12H,DISCOVERY,OS,ATR_1X_PRICE_BAND_CONTROL_V1,COMMON_ELIGIBILITY,COMMON_ELIGIBLE_BARS,2250,133,59.111111111111114
12H,DISCOVERY,OS,CAUSAL_DNO_QUANTILE_80_20_CONTROL_V1,COMMON_ELIGIBILITY,COMMON_ELIGIBLE_BARS,2250,201,89.33333333333333
12H,DISCOVERY,OS,PROJECT_DYNAMIC_EXTREMA_V1,COMMON_ELIGIBILITY,COMMON_ELIGIBLE_BARS,2250,158,70.22222222222223
12H,VALIDATION,OB,ATR_1X_PRICE_BAND_CONTROL_V1,COMMON_ELIGIBILITY,COMMON_ELIGIBLE_BARS,750,50,66.66666666666667
12H,VALIDATION,OB,CAUSAL_DNO_QUANTILE_80_20_CONTROL_V1,COMMON_ELIGIBILITY,COMMON_ELIGIBLE_BARS,750,69,92.0
12H,VALIDATION,OB,PROJECT_DYNAMIC_EXTREMA_V1,COMMON_ELIGIBILITY,COMMON_ELIGIBLE_BARS,750,58,77.33333333333334
12H,VALIDATION,OS,ATR_1X_PRICE_BAND_CONTROL_V1,COMMON_ELIGIBILITY,COMMON_ELIGIBLE_BARS,750,38,50.666666666666664
12H,VALIDATION,OS,CAUSAL_DNO_QUANTILE_80_20_CONTROL_V1,COMMON_ELIGIBILITY,COMMON_ELIGIBLE_BARS,750,66,88.0
12H,VALIDATION,OS,PROJECT_DYNAMIC_EXTREMA_V1,COMMON_ELIGIBILITY,COMMON_ELIGIBLE_BARS,750,54,72.0
15m,DISCOVERY,OB,ATR_1X_PRICE_BAND_CONTROL_V1,COMMON_ELIGIBILITY,COMMON_ELIGIBLE_BARS,106721,5393,50.53363442996224
15m,DISCOVERY,OB,CAUSAL_DNO_QUANTILE_80_20_CONTROL_V1,COMMON_ELIGIBILITY,COMMON_ELIGIBLE_BARS,106721,10720,100.4488338752448
15m,DISCOVERY,OB,PROJECT_DYNAMIC_EXTREMA_V1,COMMON_ELIGIBILITY,COMMON_ELIGIBLE_BARS,106721,9214,86.3372719520994
15m,DISCOVERY,OS,ATR_1X_PRICE_BAND_CONTROL_V1,COMMON_ELIGIBILITY,COMMON_ELIGIBLE_BARS,106721,5408,50.67418783557125
15m,DISCOVERY,OS,CAUSAL_DNO_QUANTILE_80_20_CONTROL_V1,COMMON_ELIGIBILITY,COMMON_ELIGIBLE_BARS,106721,10997,103.04438676549132
15m,DISCOVERY,OS,PROJECT_DYNAMIC_EXTREMA_V1,COMMON_ELIGIBILITY,COMMON_ELIGIBLE_BARS,106721,9140,85.6438751510949
15m,VALIDATION,OB,ATR_1X_PRICE_BAND_CONTROL_V1,COMMON_ELIGIBILITY,COMMON_ELIGIBLE_BARS,35953,1829,50.871971740883936
15m,VALIDATION,OB,CAUSAL_DNO_QUANTILE_80_20_CONTROL_V1,COMMON_ELIGIBILITY,COMMON_ELIGIBLE_BARS,35953,3489,97.04336216727394
15m,VALIDATION,OB,PROJECT_DYNAMIC_EXTREMA_V1,COMMON_ELIGIBILITY,COMMON_ELIGIBLE_BARS,35953,2952,82.10719550524296
15m,VALIDATION,OS,ATR_1X_PRICE_BAND_CONTROL_V1,COMMON_ELIGIBILITY,COMMON_ELIGIBLE_BARS,35953,1841,51.20574082830362
15m,VALIDATION,OS,CAUSAL_DNO_QUANTILE_80_20_CONTROL_V1,COMMON_ELIGIBILITY,COMMON_ELIGIBLE_BARS,35953,3539,98.4340666981893
15m,VALIDATION,OS,PROJECT_DYNAMIC_EXTREMA_V1,COMMON_ELIGIBILITY,COMMON_ELIGIBLE_BARS,35953,2823,78.51917781548131
1D,DISCOVERY,OB,ATR_1X_PRICE_BAND_CONTROL_V1,COMMON_ELIGIBILITY,COMMON_ELIGIBLE_BARS,1125,90,80.0
1D,DISCOVERY,OB,CAUSAL_DNO_QUANTILE_80_20_CONTROL_V1,COMMON_ELIGIBILITY,COMMON_ELIGIBLE_BARS,1125,117,104.0
1D,DISCOVERY,OB,PROJECT_DYNAMIC_EXTREMA_V1,COMMON_ELIGIBILITY,COMMON_ELIGIBLE_BARS,1125,122,108.44444444444444
1D,DISCOVERY,OS,ATR_1X_PRICE_BAND_CONTROL_V1,COMMON_ELIGIBILITY,COMMON_ELIGIBLE_BARS,1125,58,51.55555555555556
1D,DISCOVERY,OS,CAUSAL_DNO_QUANTILE_80_20_CONTROL_V1,COMMON_ELIGIBILITY,COMMON_ELIGIBLE_BARS,1125,98,87.11111111111111
1D,DISCOVERY,OS,PROJECT_DYNAMIC_EXTREMA_V1,COMMON_ELIGIBILITY,COMMON_ELIGIBLE_BARS,1125,82,72.88888888888889
1D,VALIDATION,OB,ATR_1X_PRICE_BAND_CONTROL_V1,COMMON_ELIGIBILITY,COMMON_ELIGIBLE_BARS,375,25,66.66666666666667
1D,VALIDATION,OB,CAUSAL_DNO_QUANTILE_80_20_CONTROL_V1,COMMON_ELIGIBILITY,COMMON_ELIGIBLE_BARS,375,28,74.66666666666667
1D,VALIDATION,OB,PROJECT_DYNAMIC_EXTREMA_V1,COMMON_ELIGIBILITY,COMMON_ELIGIBLE_BARS,375,26,69.33333333333333
1D,VALIDATION,OS,ATR_1X_PRICE_BAND_CONTROL_V1,COMMON_ELIGIBILITY,COMMON_ELIGIBLE_BARS,375,24,64.0
1D,VALIDATION,OS,CAUSAL_DNO_QUANTILE_80_20_CONTROL_V1,COMMON_ELIGIBILITY,COMMON_ELIGIBLE_BARS,375,34,90.66666666666667
1D,VALIDATION,OS,PROJECT_DYNAMIC_EXTREMA_V1,COMMON_ELIGIBILITY,COMMON_ELIGIBLE_BARS,375,29,77.33333333333334
1H,DISCOVERY,OB,ATR_1X_PRICE_BAND_CONTROL_V1,COMMON_ELIGIBILITY,COMMON_ELIGIBLE_BARS,26057,1325,50.85005948497524
1H,DISCOVERY,OB,CAUSAL_DNO_QUANTILE_80_20_CONTROL_V1,COMMON_ELIGIBILITY,COMMON_ELIGIBLE_BARS,26057,2435,93.44897724219979
1H,DISCOVERY,OB,PROJECT_DYNAMIC_EXTREMA_V1,COMMON_ELIGIBILITY,COMMON_ELIGIBLE_BARS,26057,2145,82.31953026058257
1H,DISCOVERY,OS,ATR_1X_PRICE_BAND_CONTROL_V1,COMMON_ELIGIBILITY,COMMON_ELIGIBLE_BARS,26057,1270,48.739302298806464
1H,DISCOVERY,OS,CAUSAL_DNO_QUANTILE_80_20_CONTROL_V1,COMMON_ELIGIBILITY,COMMON_ELIGIBLE_BARS,26057,2468,94.71543155390107
1H,DISCOVERY,OS,PROJECT_DYNAMIC_EXTREMA_V1,COMMON_ELIGIBILITY,COMMON_ELIGIBLE_BARS,26057,2047,78.55854472886364
1H,VALIDATION,OB,ATR_1X_PRICE_BAND_CONTROL_V1,COMMON_ELIGIBILITY,COMMON_ELIGIBLE_BARS,8949,436,48.72052743323276
1H,VALIDATION,OB,CAUSAL_DNO_QUANTILE_80_20_CONTROL_V1,COMMON_ELIGIBILITY,COMMON_ELIGIBLE_BARS,8949,789,88.16627556151525
1H,VALIDATION,OB,PROJECT_DYNAMIC_EXTREMA_V1,COMMON_ELIGIBILITY,COMMON_ELIGIBLE_BARS,8949,661,73.86300145267629
1H,VALIDATION,OS,ATR_1X_PRICE_BAND_CONTROL_V1,COMMON_ELIGIBILITY,COMMON_ELIGIBLE_BARS,8949,456,50.955414012738856
1H,VALIDATION,OS,CAUSAL_DNO_QUANTILE_80_20_CONTROL_V1,COMMON_ELIGIBILITY,COMMON_ELIGIBLE_BARS,8949,817,91.29511677282377
1H,VALIDATION,OS,PROJECT_DYNAMIC_EXTREMA_V1,COMMON_ELIGIBILITY,COMMON_ELIGIBLE_BARS,8949,692,77.32707565091073
2H,DISCOVERY,OB,ATR_1X_PRICE_BAND_CONTROL_V1,COMMON_ELIGIBILITY,COMMON_ELIGIBLE_BARS,12921,707,54.71712715734076
2H,DISCOVERY,OB,CAUSAL_DNO_QUANTILE_80_20_CONTROL_V1,COMMON_ELIGIBILITY,COMMON_ELIGIBLE_BARS,12921,1179,91.24680752263757
2H,DISCOVERY,OB,PROJECT_DYNAMIC_EXTREMA_V1,COMMON_ELIGIBILITY,COMMON_ELIGIBLE_BARS,12921,1082,83.73964863400666
2H,DISCOVERY,OS,ATR_1X_PRICE_BAND_CONTROL_V1,COMMON_ELIGIBILITY,COMMON_ELIGIBLE_BARS,12921,675,52.24053865799861
2H,DISCOVERY,OS,CAUSAL_DNO_QUANTILE_80_20_CONTROL_V1,COMMON_ELIGIBILITY,COMMON_ELIGIBLE_BARS,12921,1242,96.12259113071742
2H,DISCOVERY,OS,PROJECT_DYNAMIC_EXTREMA_V1,COMMON_ELIGIBILITY,COMMON_ELIGIBLE_BARS,12921,1047,81.03087996285117
2H,VALIDATION,OB,ATR_1X_PRICE_BAND_CONTROL_V1,COMMON_ELIGIBILITY,COMMON_ELIGIBLE_BARS,4501,240,53.32148411464119
2H,VALIDATION,OB,CAUSAL_DNO_QUANTILE_80_20_CONTROL_V1,COMMON_ELIGIBILITY,COMMON_ELIGIBLE_BARS,4501,390,86.64741168629193
2H,VALIDATION,OB,PROJECT_DYNAMIC_EXTREMA_V1,COMMON_ELIGIBILITY,COMMON_ELIGIBLE_BARS,4501,343,76.20528771384137
2H,VALIDATION,OS,ATR_1X_PRICE_BAND_CONTROL_V1,COMMON_ELIGIBILITY,COMMON_ELIGIBLE_BARS,4501,241,53.54365696511886
2H,VALIDATION,OS,CAUSAL_DNO_QUANTILE_80_20_CONTROL_V1,COMMON_ELIGIBILITY,COMMON_ELIGIBLE_BARS,4501,385,85.53654743390356
2H,VALIDATION,OS,PROJECT_DYNAMIC_EXTREMA_V1,COMMON_ELIGIBILITY,COMMON_ELIGIBLE_BARS,4501,356,79.0935347700511
30m,DISCOVERY,OB,ATR_1X_PRICE_BAND_CONTROL_V1,COMMON_ELIGIBILITY,COMMON_ELIGIBLE_BARS,52904,2694,50.922425525480115
30m,DISCOVERY,OB,CAUSAL_DNO_QUANTILE_80_20_CONTROL_V1,COMMON_ELIGIBILITY,COMMON_ELIGIBLE_BARS,52904,5150,97.34613639800394
30m,DISCOVERY,OB,PROJECT_DYNAMIC_EXTREMA_V1,COMMON_ELIGIBILITY,COMMON_ELIGIBLE_BARS,52904,4504,85.13533948283683
30m,DISCOVERY,OS,ATR_1X_PRICE_BAND_CONTROL_V1,COMMON_ELIGIBILITY,COMMON_ELIGIBLE_BARS,52904,2635,49.80719794344473
30m,DISCOVERY,OS,CAUSAL_DNO_QUANTILE_80_20_CONTROL_V1,COMMON_ELIGIBILITY,COMMON_ELIGIBLE_BARS,52904,5205,98.38575533040981
30m,DISCOVERY,OS,PROJECT_DYNAMIC_EXTREMA_V1,COMMON_ELIGIBILITY,COMMON_ELIGIBLE_BARS,52904,4306,81.39271132617571
30m,VALIDATION,OB,ATR_1X_PRICE_BAND_CONTROL_V1,COMMON_ELIGIBILITY,COMMON_ELIGIBLE_BARS,17955,876,48.78863826232247
30m,VALIDATION,OB,CAUSAL_DNO_QUANTILE_80_20_CONTROL_V1,COMMON_ELIGIBILITY,COMMON_ELIGIBLE_BARS,17955,1650,91.89640768588137
30m,VALIDATION,OB,PROJECT_DYNAMIC_EXTREMA_V1,COMMON_ELIGIBILITY,COMMON_ELIGIBLE_BARS,17955,1400,77.97270955165692
30m,VALIDATION,OS,ATR_1X_PRICE_BAND_CONTROL_V1,COMMON_ELIGIBILITY,COMMON_ELIGIBLE_BARS,17955,897,49.95822890559732
30m,VALIDATION,OS,CAUSAL_DNO_QUANTILE_80_20_CONTROL_V1,COMMON_ELIGIBILITY,COMMON_ELIGIBLE_BARS,17955,1726,96.12921191868561
30m,VALIDATION,OS,PROJECT_DYNAMIC_EXTREMA_V1,COMMON_ELIGIBILITY,COMMON_ELIGIBLE_BARS,17955,1351,75.24366471734893
4H,DISCOVERY,OB,ATR_1X_PRICE_BAND_CONTROL_V1,COMMON_ELIGIBILITY,COMMON_ELIGIBLE_BARS,6584,397,60.297691373025515
4H,DISCOVERY,OB,CAUSAL_DNO_QUANTILE_80_20_CONTROL_V1,COMMON_ELIGIBILITY,COMMON_ELIGIBLE_BARS,6584,632,95.9902794653706
4H,DISCOVERY,OB,PROJECT_DYNAMIC_EXTREMA_V1,COMMON_ELIGIBILITY,COMMON_ELIGIBLE_BARS,6584,605,91.88942891859053
4H,DISCOVERY,OS,ATR_1X_PRICE_BAND_CONTROL_V1,COMMON_ELIGIBILITY,COMMON_ELIGIBLE_BARS,6584,363,55.13365735115432
4H,DISCOVERY,OS,CAUSAL_DNO_QUANTILE_80_20_CONTROL_V1,COMMON_ELIGIBILITY,COMMON_ELIGIBLE_BARS,6584,574,87.18104495747265
4H,DISCOVERY,OS,PROJECT_DYNAMIC_EXTREMA_V1,COMMON_ELIGIBILITY,COMMON_ELIGIBLE_BARS,6584,494,75.03037667071689
4H,VALIDATION,OB,ATR_1X_PRICE_BAND_CONTROL_V1,COMMON_ELIGIBILITY,COMMON_ELIGIBLE_BARS,2250,126,56.0
4H,VALIDATION,OB,CAUSAL_DNO_QUANTILE_80_20_CONTROL_V1,COMMON_ELIGIBILITY,COMMON_ELIGIBLE_BARS,2250,197,87.55555555555556
4H,VALIDATION,OB,PROJECT_DYNAMIC_EXTREMA_V1,COMMON_ELIGIBILITY,COMMON_ELIGIBLE_BARS,2250,166,73.77777777777777
4H,VALIDATION,OS,ATR_1X_PRICE_BAND_CONTROL_V1,COMMON_ELIGIBILITY,COMMON_ELIGIBLE_BARS,2250,128,56.88888888888889
4H,VALIDATION,OS,CAUSAL_DNO_QUANTILE_80_20_CONTROL_V1,COMMON_ELIGIBILITY,COMMON_ELIGIBLE_BARS,2250,200,88.88888888888889
4H,VALIDATION,OS,PROJECT_DYNAMIC_EXTREMA_V1,COMMON_ELIGIBILITY,COMMON_ELIGIBLE_BARS,2250,168,74.66666666666667
5m,DISCOVERY,OB,ATR_1X_PRICE_BAND_CONTROL_V1,COMMON_ELIGIBILITY,COMMON_ELIGIBLE_BARS,322288,19043,59.08690363898128
5m,DISCOVERY,OB,CAUSAL_DNO_QUANTILE_80_20_CONTROL_V1,COMMON_ELIGIBILITY,COMMON_ELIGIBLE_BARS,322288,32608,101.17658740008936
5m,DISCOVERY,OB,PROJECT_DYNAMIC_EXTREMA_V1,COMMON_ELIGIBILITY,COMMON_ELIGIBLE_BARS,322288,28829,89.45104999255324
5m,DISCOVERY,OS,ATR_1X_PRICE_BAND_CONTROL_V1,COMMON_ELIGIBILITY,COMMON_ELIGIBLE_BARS,322288,18767,58.23052673385295
5m,DISCOVERY,OS,CAUSAL_DNO_QUANTILE_80_20_CONTROL_V1,COMMON_ELIGIBILITY,COMMON_ELIGIBLE_BARS,322288,33355,103.49439011070844
5m,DISCOVERY,OS,PROJECT_DYNAMIC_EXTREMA_V1,COMMON_ELIGIBILITY,COMMON_ELIGIBLE_BARS,322288,28807,89.38278806533287
5m,VALIDATION,OB,ATR_1X_PRICE_BAND_CONTROL_V1,COMMON_ELIGIBILITY,COMMON_ELIGIBLE_BARS,107942,6990,64.75699912916195
5m,VALIDATION,OB,CAUSAL_DNO_QUANTILE_80_20_CONTROL_V1,COMMON_ELIGIBILITY,COMMON_ELIGIBLE_BARS,107942,10758,99.66463471123382
5m,VALIDATION,OB,PROJECT_DYNAMIC_EXTREMA_V1,COMMON_ELIGIBILITY,COMMON_ELIGIBLE_BARS,107942,9214,85.3606566489411
5m,VALIDATION,OS,ATR_1X_PRICE_BAND_CONTROL_V1,COMMON_ELIGIBILITY,COMMON_ELIGIBLE_BARS,107942,6916,64.0714457764355
5m,VALIDATION,OS,CAUSAL_DNO_QUANTILE_80_20_CONTROL_V1,COMMON_ELIGIBILITY,COMMON_ELIGIBLE_BARS,107942,10843,100.45209464341961
5m,VALIDATION,OS,PROJECT_DYNAMIC_EXTREMA_V1,COMMON_ELIGIBILITY,COMMON_ELIGIBLE_BARS,107942,9251,85.70343332530433
6H,DISCOVERY,OB,ATR_1X_PRICE_BAND_CONTROL_V1,COMMON_ELIGIBILITY,COMMON_ELIGIBLE_BARS,4443,253,56.94350663965789
6H,DISCOVERY,OB,CAUSAL_DNO_QUANTILE_80_20_CONTROL_V1,COMMON_ELIGIBILITY,COMMON_ELIGIBLE_BARS,4443,446,100.3826243529147
6H,DISCOVERY,OB,PROJECT_DYNAMIC_EXTREMA_V1,COMMON_ELIGIBILITY,COMMON_ELIGIBLE_BARS,4443,419,94.30564933603421
6H,DISCOVERY,OS,ATR_1X_PRICE_BAND_CONTROL_V1,COMMON_ELIGIBILITY,COMMON_ELIGIBLE_BARS,4443,233,52.44204366419086
6H,DISCOVERY,OS,CAUSAL_DNO_QUANTILE_80_20_CONTROL_V1,COMMON_ELIGIBILITY,COMMON_ELIGIBLE_BARS,4443,378,85.0776502363268
6H,DISCOVERY,OS,PROJECT_DYNAMIC_EXTREMA_V1,COMMON_ELIGIBILITY,COMMON_ELIGIBLE_BARS,4443,323,72.69862705379249
6H,VALIDATION,OB,ATR_1X_PRICE_BAND_CONTROL_V1,COMMON_ELIGIBILITY,COMMON_ELIGIBLE_BARS,1501,82,54.63024650233178
6H,VALIDATION,OB,CAUSAL_DNO_QUANTILE_80_20_CONTROL_V1,COMMON_ELIGIBILITY,COMMON_ELIGIBLE_BARS,1501,124,82.6115922718188
6H,VALIDATION,OB,PROJECT_DYNAMIC_EXTREMA_V1,COMMON_ELIGIBILITY,COMMON_ELIGIBLE_BARS,1501,128,85.27648234510326
6H,VALIDATION,OS,ATR_1X_PRICE_BAND_CONTROL_V1,COMMON_ELIGIBILITY,COMMON_ELIGIBLE_BARS,1501,83,55.2964690206529
6H,VALIDATION,OS,CAUSAL_DNO_QUANTILE_80_20_CONTROL_V1,COMMON_ELIGIBILITY,COMMON_ELIGIBLE_BARS,1501,123,81.94536975349767
6H,VALIDATION,OS,PROJECT_DYNAMIC_EXTREMA_V1,COMMON_ELIGIBILITY,COMMON_ELIGIBLE_BARS,1501,114,75.9493670886076
8H,DISCOVERY,OB,ATR_1X_PRICE_BAND_CONTROL_V1,COMMON_ELIGIBILITY,COMMON_ELIGIBLE_BARS,3375,215,63.70370370370371
8H,DISCOVERY,OB,CAUSAL_DNO_QUANTILE_80_20_CONTROL_V1,COMMON_ELIGIBILITY,COMMON_ELIGIBLE_BARS,3375,335,99.25925925925925
8H,DISCOVERY,OB,PROJECT_DYNAMIC_EXTREMA_V1,COMMON_ELIGIBILITY,COMMON_ELIGIBLE_BARS,3375,288,85.33333333333333
8H,DISCOVERY,OS,ATR_1X_PRICE_BAND_CONTROL_V1,COMMON_ELIGIBILITY,COMMON_ELIGIBLE_BARS,3375,165,48.88888888888889
8H,DISCOVERY,OS,CAUSAL_DNO_QUANTILE_80_20_CONTROL_V1,COMMON_ELIGIBILITY,COMMON_ELIGIBLE_BARS,3375,298,88.29629629629629
8H,DISCOVERY,OS,PROJECT_DYNAMIC_EXTREMA_V1,COMMON_ELIGIBILITY,COMMON_ELIGIBLE_BARS,3375,226,66.96296296296296
8H,VALIDATION,OB,ATR_1X_PRICE_BAND_CONTROL_V1,COMMON_ELIGIBILITY,COMMON_ELIGIBLE_BARS,1125,73,64.88888888888889
8H,VALIDATION,OB,CAUSAL_DNO_QUANTILE_80_20_CONTROL_V1,COMMON_ELIGIBILITY,COMMON_ELIGIBLE_BARS,1125,96,85.33333333333333
8H,VALIDATION,OB,PROJECT_DYNAMIC_EXTREMA_V1,COMMON_ELIGIBILITY,COMMON_ELIGIBLE_BARS,1125,79,70.22222222222223
8H,VALIDATION,OS,ATR_1X_PRICE_BAND_CONTROL_V1,COMMON_ELIGIBILITY,COMMON_ELIGIBLE_BARS,1125,59,52.44444444444444
8H,VALIDATION,OS,CAUSAL_DNO_QUANTILE_80_20_CONTROL_V1,COMMON_ELIGIBILITY,COMMON_ELIGIBLE_BARS,1125,92,81.77777777777779
8H,VALIDATION,OS,PROJECT_DYNAMIC_EXTREMA_V1,COMMON_ELIGIBILITY,COMMON_ELIGIBLE_BARS,1125,85,75.55555555555556
